BNC_Written_Freq_AW,BNC_Written_Freq_CW,BNC_Written_Freq_FW,DESPC,DESSC,DESWC,DESPL,DESPLd,DESSL,DESSLd,DESWLsy,DESWLsyd,DESWLlt,DESWLltd,PCNARz,PCNARp,PCSYNz,PCSYNp,PCCNCz,PCCNCp,PCREFz,PCREFp,PCDCz,PCDCp,PCVERBz,PCVERBp,PCCONNz,PCCONNp,PCTEMPz,PCTEMPp,CRFNO1,CRFAO1,CRFSO1,CRFNOa,CRFAOa,CRFSOa,CRFCWO1,CRFCWO1d,CRFCWOa,CRFCWOad,LSASS1,LSASS1d,LSASSp,LSASSpd,LSAPP1,LSAPP1d,LSAGN,LSAGNd,LDTTRc,LDTTRa,LDMTLD,LDVOCD,CNCAll,CNCCaus,CNCLogic,CNCADC,CNCTemp,CNCTempx,CNCAdd,CNCPos,CNCNeg,SMCAUSv,SMCAUSvp,SMINTEp,SMCAUSr,SMINTEr,SMCAUSlsa,SMCAUSwn,SMTEMP,SYNLE,SYNNP,SYNMEDpos,SYNMEDwrd,SYNMEDlem,SYNSTRUTa,SYNSTRUTt,DRNP,DRVP,DRAP,DRPP,DRPVAL,DRNEG,DRGERUND,DRINF,WRDNOUN,WRDVERB,WRDADJ,WRDADV,WRDPRO,WRDPRP1s,WRDPRP1p,WRDPRP2,WRDPRP3s,WRDPRP3p,WRDFRQc,WRDFRQa,WRDFRQmc,WRDAOAc,WRDFAMc,WRDCNCc,WRDIMGc,WRDMEAc,WRDPOLc,WRDHYPn,WRDHYPv,WRDHYPnv,RDFRE,RDFKGL,RDL2,text,Flesch,Flesch.Kincaid,FOG,SMOG,study,implemented
6.92258747,0.88855457,16.22274827,15,22,286,1.467,0.915,13,7.841,1.462,0.848,4.633,2.504,-0.036,48.8,0.821,79.39,0.534,70.19,-1.24,10.75,0.471,68.08,-1.764,3.92,-2.278,1.16,-0.494,31.21,0.19,0.238,0.238,0.109,0.23,0.115,0.05,0.091,0.048,0.094,0.166,0.157,0.199,0.106,0.156,0.169,0.288,0.136,0.838,0.564,88.098,110.764,87.413,20.979,45.455,17.483,24.476,24.476,41.958,0,0,38.462,45.455,27.972,0.167,0.444,0.051,0.2,0.81,1.955,0.756,0.655,0.869,0.869,0.052,0.064,356.643,237.762,31.469,90.909,10.49,3.497,20.979,20.979,206.294,111.889,73.427,55.945,87.413,13.986,3.497,55.944,6.993,0,2.041,2.856,1.311,356,566.532,415.056,430.299,439.797,3.575,7.091,1.482,1.662,69.955,6.732,6.097,studyone.TEXT.1,67.96275000000001,7.35725,10.898888888888887,10.899274998029323,studyone,candidate
9.237569459,1.077883247,22.42494112,6,17,263,2.833,1.329,15.471,8.001,1.506,0.855,4.475,2.571,-0.542,29.46,1.234,89.07,0.701,75.8,-0.181,42.86,1.637,94.84,-1.084,14.01,-5.681,0,0.55,70.54,0.5,0.625,0.563,0.313,0.339,0.322,0.09,0.086,0.058,0.08,0.23,0.152,0.228,0.166,0.393,0.046,0.299,0.126,0.754,0.521,59.777,71.192,133.08,26.616,72.243,41.825,19.011,19.011,68.441,0,0,49.43,64.639,11.407,0.286,1,0.084,0.353,0.875,2.176,1.033,0.569,0.85,0.818,0.138,0.13,300.38,250.951,49.43,83.65,22.814,7.605,11.407,7.605,220.532,144.487,83.65,87.452,22.814,0,0,11.407,0,0,2.017,2.894,0.765,339,567.819,409.035,425.106,409.743,4.117,6.736,1.604,1.744,63.724,8.214,12.91,studyone.TEXT.2,61.1764594050548,8.569765153209577,10.903064191456052,10.843485225782072,studyone,candidate
8.623872937,0.959685963,20.83547751,11,23,400,2.091,2.212,17.391,12.105,1.498,0.801,4.633,2.39,0.056,51.99,0.357,63.68,0.038,51.2,-0.983,16.35,0.405,65.54,-1.013,15.62,-3.697,0,-1.269,10.2,0.273,0.455,0.318,0.149,0.269,0.171,0.089,0.119,0.041,0.076,0.19,0.15,0.202,0.173,0.147,0.183,0.301,0.14,0.798,0.566,109.118,111.749,110,20,45,20,17.5,17.5,57.5,0,0,32.5,45,12.5,0.357,0.667,0.096,0.163,0.727,1.913,0.75,0.646,0.884,0.889,0.048,0.048,297.5,225,35,110,5,10,20,17.5,215,115,107.5,57.5,62.5,10,2.5,22.5,0,10,2.259,2.968,1.311,329.667,575.148,377.297,409.354,435.704,4.065,6.996,1.533,1.71,62.452,8.869,12.729,studyone.TEXT.3,60.71544776119404,9.54636105188344,11.935749822316987,11.30375656770974,studyone,candidate
7.781798192,1.171228107,20.24744464,13,27,322,2.077,1.801,11.926,10.115,1.658,0.908,4.829,2.487,-0.425,33.72,0.938,82.38,0.34,62.93,-1.132,12.92,0.868,80.51,-1.171,12.1,-2.757,0.3,0.752,77.34,0.269,0.385,0.5,0.14,0.214,0.237,0.091,0.145,0.05,0.109,0.261,0.176,0.267,0.114,0.221,0.217,0.329,0.15,0.749,0.574,95.777,109.796,102.484,27.95,34.161,15.528,21.739,21.739,46.584,0,0,34.161,49.689,15.528,0.417,0.833,0.049,0.306,0.923,1.556,0.651,0.685,0.929,0.881,0.112,0.091,338.509,214.286,40.373,114.907,21.739,6.211,24.845,15.528,282.609,136.647,83.851,74.535,24.845,0,0,6.211,0,0,2.156,2.864,1.046,315.182,578.395,403.587,425.36,432.145,3.972,6.412,1.517,1.966,54.463,8.626,14.459,studyone.TEXT.4,48.88045652173915,10.441173913043482,13.64496894409938,12.857556352371637,studyone,candidate
8.79638265,1.090502761,21.05151693,12,28,437,2.333,1.371,15.607,8.565,1.474,0.777,4.533,2.372,-0.318,37.83,0.486,68.44,0.098,53.59,-0.543,29.46,0.485,68.44,-1.229,10.93,-2.005,2.28,-0.559,28.77,0.407,0.444,0.481,0.182,0.302,0.222,0.108,0.133,0.056,0.091,0.275,0.255,0.235,0.2,0.484,0.235,0.377,0.164,0.768,0.538,100.949,101.519,80.092,25.172,34.325,22.883,20.595,20.595,32.037,0,0,32.037,41.19,6.865,0.267,2,0.072,0.305,0.778,3.143,0.825,0.636,0.882,0.867,0.079,0.08,350.114,237.986,27.46,121.281,16.018,13.73,13.73,22.883,251.717,130.435,82.38,48.055,59.497,0,0,29.748,0,4.577,2.114,2.945,1.054,330.184,563.162,405.745,428.323,415.68,3.957,7.058,1.484,1.887,66.294,7.89,12.399,studyone.TEXT.5,63.1715088838269,8.81056400911162,11.762041002277904,11.36813984697246,studyone,candidate
9.795394082,1.208033258,24.78424206,17,21,310,1.235,0.437,14.762,7.954,1.487,0.93,4.539,2.58,-0.081,46.81,0.949,82.64,0.686,75.17,1.033,84.85,1.232,89.07,-0.232,40.9,-1.707,4.46,-1.306,9.68,0.7,0.75,0.7,0.413,0.568,0.432,0.182,0.141,0.129,0.147,0.264,0.208,0.135,0.11,0.31,0.209,0.358,0.147,0.642,0.453,58.79,62.427,83.871,38.71,48.387,16.129,16.129,22.581,35.484,0,0,38.71,61.29,29.032,0.538,0.5,0.093,0.436,0.75,2.857,1.012,0.622,0.87,0.84,0.078,0.093,358.065,264.516,9.677,93.548,32.258,16.129,0,25.806,290.322,122.581,41.935,22.581,74.194,3.226,0,64.516,0,0,2.17,3.046,1.376,327.774,577.366,401.278,428.065,434.377,4.547,6.413,1.663,2.118,66.051,7.714,17.433,studyone.TEXT.6,63.37447368421053,8.47315789473684,11.687606112054327,11.418023490513043,studyone,candidate
7.825993938,0.883620625,20.61745343,21,30,376,1.429,0.676,12.533,6.129,1.505,0.839,4.681,2.486,-0.184,42.86,1.305,90.32,-0.097,46.41,0.085,53.19,0.836,79.67,-0.066,47.61,-1.759,4.01,-0.46,32.28,0.379,0.448,0.414,0.233,0.388,0.314,0.127,0.136,0.09,0.129,0.246,0.205,0.257,0.171,0.307,0.225,0.359,0.116,0.706,0.503,69.242,97.095,90.426,23.936,50.532,18.617,15.957,39.894,34.574,0,0,47.872,47.872,34.574,0,0.643,0.079,0.528,0.828,2.333,0.779,0.612,0.822,0.805,0.072,0.082,345.745,257.979,10.638,101.064,18.617,13.298,31.915,26.596,273.936,146.277,87.767,34.575,69.149,5.319,0,39.894,0,2.66,2.332,2.997,1.511,370.938,574.643,376.747,405.446,433.025,5.064,6.19,1.506,1.86,66.791,7.057,17.804,studyone.TEXT.7,63.62500000000003,7.605913426265595,10.07982391782832,10.324001499409626,studyone,candidate
9.186872739,1.090471731,22.10539494,12,23,378,1.917,1.165,16.435,7.679,1.587,0.9,4.802,2.547,-0.086,46.81,-0.228,41.29,-0.88,18.94,1.667,95.15,-0.45,32.64,0.123,54.78,-1.406,8.08,1.066,85.54,0.636,0.773,0.773,0.537,0.606,0.6,0.228,0.217,0.195,0.224,0.383,0.232,0.386,0.156,0.415,0.258,0.446,0.211,0.481,0.38,47.795,58.894,68.783,21.164,31.746,21.164,13.228,2.646,31.746,0,0,31.746,47.619,10.582,0.462,0.6,0.088,0.574,0.955,3.261,1.153,0.63,0.868,0.839,0.07,0.061,346.561,179.894,21.164,103.175,7.937,13.228,7.937,5.291,280.424,100.53,100.53,39.683,29.101,0,13.228,0,0,10.582,2.284,3.013,1.193,342.545,577.838,361.447,392.61,413.659,3.869,5.527,1.451,1.661,55.893,9.546,21.89,studyone.TEXT.8,54.959137353433874,10.301931083991388,12.304570471404643,11.675519718221192,studyone,implemented
7.892350009,0.842914447,19.93513576,21,25,391,1.19,0.402,15.64,9.477,1.67,1.021,5.176,2.878,-0.665,25.46,0.055,51.99,-0.48,31.56,0.256,59.87,1.487,93.06,-0.56,28.77,-0.444,33,0.23,58.71,0.667,0.667,0.708,0.497,0.533,0.554,0.132,0.112,0.086,0.103,0.289,0.215,0.369,0.197,0.296,0.233,0.333,0.147,0.649,0.477,85.558,93.07,89.514,40.921,38.363,7.673,20.46,20.46,25.575,0,0,35.806,56.266,7.673,0.533,2.5,0.093,0.385,0.875,3.96,0.959,0.596,0.856,0.843,0.06,0.07,335.038,230.179,17.903,107.417,12.788,5.115,25.575,25.575,283.887,122.761,99.745,46.037,35.806,2.558,0,25.575,0,0,2.18,2.939,1.117,381,565.724,378.047,411.187,413.7,4.217,7.255,1.466,2.26,49.678,10.216,13.939,studyone.TEXT.9,46.960272108843554,11.346632653061224,14.201360544217687,13.25671669890799,studyone,candidate
7.516413825,1.104411412,17.5775233,15,21,320,1.4,0.737,15.238,9.278,1.509,0.878,4.575,2.407,-0.059,47.61,0.093,53.59,0.263,60.26,1.432,92.36,-1.244,10.75,-0.741,22.96,-0.591,27.76,-0.851,19.77,0.6,0.75,0.7,0.49,0.626,0.529,0.167,0.211,0.142,0.163,0.321,0.218,0.315,0.158,0.357,0.229,0.401,0.176,0.569,0.409,53.686,60.796,53.125,6.25,18.75,9.375,21.875,3.125,28.125,0,0,34.375,40.625,21.875,0.167,0,0.085,0.42,0.8,2.857,1.047,0.594,0.824,0.799,0.078,0.07,343.75,240.625,9.375,103.125,3.125,6.25,6.25,21.875,278.125,106.25,50,12.5,90.625,9.375,6.25,71.875,0,0,2.156,2.906,1.177,341,565.837,412.041,410.385,420.047,4.211,7.009,1.525,2.129,63.707,8.159,16.342,studyone.TEXT.10,60.63155769859432,9.012641386073875,12.369009480222296,11.92083101331736,studyone,implemented
8.655463546,1.001020867,22.57263205,13,23,292,1.769,1.481,12.696,5.532,1.524,0.831,4.736,2.596,-0.884,18.94,1.869,96.86,-0.16,43.64,-0.437,33.36,1.754,95.99,-1.554,6.06,-1.478,7.08,-0.344,36.69,0.273,0.318,0.364,0.126,0.217,0.206,0.101,0.163,0.056,0.11,0.296,0.269,0.32,0.198,0.281,0.313,0.4,0.18,0.723,0.525,60.788,88.16,106.164,41.096,41.096,3.425,23.973,13.699,41.096,0,0,54.795,82.192,17.123,0.471,1.333,0.054,0.275,0.795,2.696,0.987,0.595,0.863,0.829,0.115,0.1,356.164,246.575,20.548,113.014,27.397,6.849,23.973,13.699,294.521,150.686,75.342,34.247,34.247,0,0,27.397,0,3.425,1.981,2.843,1.334,372.258,560.046,384.539,417.63,413.919,4.724,7.564,1.567,2.431,65.018,7.345,11.289,studyone.TEXT.11,66.25425847457629,7.682500000000001,10.78135593220339,10.793553405168565,studyone,candidate
9.082748148,1.164278504,21.20963523,14,25,367,1.786,0.975,14.68,8.498,1.436,0.8,4.316,2.485,0.416,65.91,0.561,71.23,-0.417,34.09,0.161,56.36,-0.112,45.62,-0.888,18.94,-1.817,3.51,-0.187,42.86,0.25,0.375,0.333,0.087,0.297,0.154,0.123,0.125,0.102,0.13,0.247,0.203,0.378,0.123,0.18,0.247,0.366,0.191,0.735,0.489,73.6,71.032,76.294,16.349,40.872,13.624,13.624,10.899,40.872,0,0,40.872,51.771,19.074,0.25,0.5,0.053,0.397,0.813,2.52,0.908,0.605,0.837,0.806,0.08,0.071,307.902,291.553,19.074,65.395,10.899,13.624,8.174,40.872,179.837,179.836,70.845,49.047,79.019,8.174,0,49.046,0,0,2.199,3.023,1.08,326.9,574.027,374.038,397.694,423,4.396,6.981,1.453,1.573,70.449,7.08,15.131,studyone.TEXT.12,70.05180869565218,7.145365217391305,9.692347826086957,9.888512548439396,studyone,candidate
5.336203746,0.767710301,16.50363217,38,46,304,1.211,0.704,6.609,6.654,1.839,1.122,5.602,2.886,-1.186,11.9,2.677,99.62,-0.411,34.09,-1.867,3.14,1.151,87.49,-3.297,0.05,-4.422,0,0.926,82.12,0.2,0.222,0.267,0.086,0.101,0.116,0.058,0.122,0.027,0.085,0.184,0.22,0.413,0.203,0.142,0.187,0.306,0.149,0.719,0.586,76.102,142.16,108.553,13.158,65.789,32.895,23.026,6.579,62.5,0,0,42.763,49.342,23.026,0.143,0.25,0.013,0.076,0.944,1.435,0.86,0.724,0.913,0.89,0.223,0.16,375,220.395,32.895,72.368,16.447,9.868,16.447,13.158,384.869,118.421,95.394,59.211,32.895,0,0,16.447,0,13.158,1.897,2.569,1.174,386.314,561.589,383.854,402.884,415.493,3.893,6.641,1.427,2.737,44.547,8.688,13.801,studyone.TEXT.13,26.377191934279324,15.485177993527508,17.792481951705252,15.80454591841917,studyone,implemented
8.887032387,0.883442929,24.01790589,11,26,408,2.364,1.859,15.692,8.55,1.701,1.079,5.103,2.936,-1.3,9.68,0.73,76.42,-0.248,40.52,-0.525,30.15,1.157,87.49,-1.539,6.18,-2.32,1.02,-0.214,41.68,0.32,0.52,0.56,0.268,0.415,0.4,0.09,0.093,0.058,0.089,0.265,0.192,0.29,0.199,0.307,0.243,0.377,0.148,0.651,0.466,96.329,92.725,102.941,34.314,51.471,22.059,22.059,41.667,41.667,0,0,24.51,26.961,17.157,0.091,1.625,0.088,0.253,0.82,2.923,1.028,0.562,0.86,0.838,0.073,0.082,372.549,164.216,29.412,127.451,19.608,0,9.804,12.255,284.313,80.883,122.549,46.569,39.216,0,0,34.314,0,0,1.922,2.783,0.88,396.554,558.374,377.77,408.87,426.125,3.551,7.056,1.537,2.182,47.003,10.602,6.827,studyone.TEXT.14,43.79982200647251,12.024049930651874,15.323347202958857,14.06817628641468,studyone,implemented
5.895957853,1.280945363,14.57766452,15,21,303,1.4,0.737,14.429,7.387,1.521,0.833,4.637,2.36,-0.107,46.02,0.717,76.11,-0.141,44.43,0.921,82.12,1.3,90.15,-1.041,14.92,-3.757,0,0.239,59.1,0.65,0.75,0.7,0.303,0.477,0.355,0.175,0.159,0.09,0.12,0.298,0.247,0.411,0.209,0.243,0.24,0.341,0.168,0.627,0.474,57.765,90.92,122.112,19.802,66.007,23.102,23.102,26.403,59.406,0,0,29.703,29.703,13.201,0,1.2,0.089,0.355,0.875,4,0.762,0.571,0.765,0.755,0.083,0.064,336.634,240.924,26.403,95.71,23.102,9.901,19.802,13.201,270.627,128.714,59.406,62.706,82.508,3.3,0,56.106,0,0,2.243,2.923,1.121,376.467,563.279,381.526,401.26,403.416,4.618,6.52,1.229,1.888,63.513,7.985,19.006,studyone.TEXT.15,60.2881725146199,9.046008771929824,11.360818713450293,11.095144083064902,studyone,candidate
12.143931479999999,0.908224784,29.03623533,14,27,393,1.929,1.685,14.556,8.39,1.761,1.117,5.173,2.96,-0.976,16.6,0.402,65.54,-0.789,21.77,0.414,65.91,-1.141,12.71,-1.496,6.81,-1.164,12.3,0.654,74.22,0.654,0.654,0.692,0.377,0.377,0.419,0.147,0.137,0.081,0.123,0.324,0.191,0.355,0.147,0.34,0.191,0.367,0.161,0.622,0.43,53.061,56.039,61.069,15.267,17.812,10.178,12.723,5.089,35.623,0,0,33.079,40.712,15.267,0.214,0.429,0.033,0.164,0.923,3.741,1.124,0.546,0.858,0.836,0.109,0.09,371.501,185.751,33.079,134.86,17.812,10.178,5.089,15.267,330.788,109.414,91.603,43.257,2.545,0,0,0,0,2.545,1.949,2.976,1.128,394.575,561.735,392.802,405.717,404.08,3.33,7.007,1.442,2.422,43.08,10.867,12.602,studyone.TEXT.16,45.13443520827562,10.65359379329454,13.122785628521292,12.45797560212912,studyone,candidate
9.954791386,0.884891614,23.3706848,8,15,255,1.875,1.126,17,11.835,1.514,0.896,4.627,2.635,-1.254,10.56,0.698,75.49,0.66,74.54,0.417,65.91,0.613,72.91,-1.297,9.85,-4.134,0,-0.019,49.2,0.571,0.571,0.643,0.474,0.568,0.579,0.118,0.095,0.099,0.119,0.254,0.297,0.325,0.317,0.171,0.303,0.372,0.215,0.707,0.484,57.976,58.858,105.882,31.373,62.745,31.373,0,7.843,66.667,0,0,27.451,43.137,19.608,0.5,0.667,0.075,0.432,0.821,2.2,1.469,0.585,0.859,0.838,0.081,0.071,333.333,180.392,15.686,117.647,23.529,0,11.765,23.529,333.333,101.961,70.589,19.608,27.451,3.922,0,15.686,0,0,1.841,2.985,1.75,423.077,529.987,418.909,424.7,425.442,3.248,5.587,1.62,2.086,61.496,8.905,6.967,studyone.TEXT.17,58.717090691409794,9.980700389105063,13.510805148159234,12.635684438814376,studyone,candidate
8.746155636,1.323142455,22.17827473,15,25,308,1.667,1.047,12.32,7.615,1.578,0.99,4.724,2.701,-0.549,29.12,1.511,93.45,-1.536,6.3,-0.311,37.83,1.201,88.49,-1.125,13.14,-0.739,23.27,0.034,51.2,0.292,0.375,0.458,0.149,0.226,0.226,0.098,0.134,0.053,0.108,0.345,0.211,0.364,0.223,0.39,0.211,0.412,0.143,0.702,0.484,61.666,78.825,87.662,22.727,64.935,6.494,19.481,19.481,32.468,0,0,38.961,45.455,16.234,0.154,0.833,0.102,0.322,0.833,2.52,0.765,0.683,0.861,0.813,0.085,0.088,353.896,279.221,22.727,97.403,35.714,3.247,22.727,19.481,250,142.857,81.169,35.715,42.208,6.494,0,19.481,0,9.74,2.106,2.996,1.127,363.56,570.225,355.414,381.281,405.851,4.152,6.211,1.44,1.769,60.831,7.835,12.07,studyone.TEXT.18,57.17492924528304,8.576242138364783,11.337735849056603,11.20814326018867,studyone,candidate
6.681181626,0.934593849,16.96454923,14,25,379,1.786,0.975,15.16,9.301,1.739,1.154,5.013,2.869,-0.198,42.47,1.471,92.92,0.035,51.2,0.902,81.59,2.944,99.84,-2.815,0.25,-4.101,0,0.032,51.2,0.583,0.75,0.75,0.574,0.641,0.636,0.111,0.077,0.122,0.113,0.538,0.222,0.506,0.256,0.633,0.17,0.51,0.177,0.661,0.5,72.92,94.422,139.842,44.855,73.879,42.216,36.939,13.193,52.77,0,0,42.216,65.963,26.385,0.529,0.818,0.096,0.445,0.833,2.8,0.651,0.687,0.892,0.857,0.09,0.087,348.285,266.491,29.024,116.095,21.108,18.47,13.193,29.024,277.045,134.565,87.072,55.409,47.493,0,0,29.024,0,13.193,2.022,2.789,0.626,331.37,566.134,381.653,399.121,413.586,4.516,7.034,1.335,2.053,44.328,10.843,11.184,studyone.TEXT.19,41.02760356042453,11.652062079196622,14.605089581193656,13.513653160720306,studyone,candidate
9.732023285,0.880380006,22.0394451,11,22,364,2,2.098,16.545,12.041,1.662,0.984,4.901,2.852,-0.626,26.76,0.585,71.9,-0.03,48.8,-1.142,12.71,1.71,95.64,-1.238,10.93,-4.443,0,-0.626,26.76,0.143,0.381,0.238,0.121,0.255,0.176,0.048,0.076,0.046,0.095,0.212,0.12,0.249,0.162,0.213,0.115,0.323,0.132,0.838,0.548,74.759,87.454,115.385,38.462,68.681,41.209,13.736,19.231,63.187,0,0,27.473,49.451,8.242,0.727,1.75,0.069,0.321,0.738,2.955,1.088,0.657,0.895,0.858,0.067,0.059,321.429,230.769,21.978,101.648,10.989,8.242,10.989,27.473,252.747,131.868,82.418,38.461,60.44,8.242,0,43.956,0,0,1.958,2.89,1.183,381.771,564.03,381.633,409.152,417.571,3.612,7.026,1.48,1.933,49.437,10.474,5.067,studyone.TEXT.20,47.13623755334282,11.5225746799431,15.465149359886205,14.172360316638953,studyone,candidate
7.503113515,1.134948913,19.69046301,16,31,346,1.938,1.124,11.161,6.045,1.581,0.99,5,2.808,0.034,51.2,1.396,91.77,-0.657,25.78,0.254,59.87,-0.038,48.8,-1.072,14.23,-1.476,7.08,-0.243,40.52,0.333,0.4,0.433,0.333,0.42,0.416,0.102,0.116,0.104,0.126,0.314,0.252,0.391,0.195,0.349,0.324,0.401,0.174,0.681,0.477,78.358,73.151,78.035,20.231,28.902,14.451,14.451,8.671,31.792,0,0,54.913,63.584,28.902,0.15,0.455,0.067,0.399,0.833,2.29,0.692,0.657,0.863,0.849,0.089,0.099,306.358,297.688,37.572,83.815,34.682,11.561,11.561,23.121,205.202,153.18,72.254,60.694,63.584,5.78,0,54.913,0,0,2.298,2.975,1.568,348.596,570.675,373.642,405.018,434,4.373,7.258,1.607,1.823,61.754,7.419,16.787,studyone.TEXT.21,62.36728571428574,7.558610837438426,9.741871921182266,10.085429814115962,studyone,candidate
6.957868629,1.003053393,20.31803102,18,25,261,1.389,0.778,10.44,6.552,1.747,1.195,5.222,3.165,-0.946,17.36,1.628,94.74,-0.426,33.72,-0.821,20.61,0.019,50.4,-1.105,13.57,-2.058,2.02,-0.312,37.83,0.292,0.292,0.375,0.221,0.256,0.292,0.088,0.156,0.073,0.13,0.315,0.263,0.19,0.189,0.343,0.258,0.415,0.175,0.733,0.553,73.557,94.728,76.628,19.157,38.314,22.989,15.326,11.494,38.314,0,0,45.977,57.471,34.483,0.231,0.3,0.072,0.322,0.833,2.12,0.986,0.678,0.935,0.889,0.119,0.101,348.659,199.234,26.82,91.954,22.989,3.831,19.157,3.831,295.019,99.617,103.447,26.82,61.303,11.494,0,49.808,0,0,2.177,2.896,1.434,375.282,563.24,387.901,416.813,426.574,4.232,7.068,1.574,2.178,48.442,9.096,15.207,studyone.TEXT.22,46.73847494191838,9.570165947560572,12.037437769664786,11.467429594995783,studyone,candidate
9.319697559,1.140922091,22.25100472,15,30,392,2,1.604,13.067,7.4,1.615,1.02,4.727,2.598,-0.513,30.5,0.947,82.64,-1.205,11.51,0.508,69.15,0.106,53.98,-0.56,28.77,-0.476,31.92,-0.469,31.92,0.517,0.586,0.586,0.302,0.376,0.404,0.131,0.131,0.102,0.127,0.269,0.249,0.423,0.293,0.191,0.192,0.411,0.165,0.615,0.434,57.329,65.453,71.429,28.061,35.714,15.306,15.306,15.306,25.51,0,0,40.816,45.918,28.061,0.118,0.833,0.098,0.349,0.81,2.6,0.936,0.594,0.856,0.842,0.097,0.104,352.041,232.143,25.51,91.837,10.204,0,5.102,25.51,257.653,122.448,107.143,33.163,66.327,2.551,7.653,43.367,0,2.551,2.251,3.045,1.228,409.024,564.928,359.009,387.904,416.93,4.508,6.301,1.582,1.801,56.943,8.563,17.749,studyone.TEXT.23,52.776020408163284,9.376122448979594,10.80408163265306,10.839040174865172,studyone,candidate
8.579117376,1.119996513,20.58475,17,23,291,1.353,0.606,12.652,8.232,1.567,0.905,4.742,2.483,-0.402,34.46,0.722,76.42,-0.075,47.21,-0.685,24.83,1.964,97.5,-1.244,10.75,-2.588,0.49,1.278,89.8,0.227,0.455,0.273,0.189,0.286,0.217,0.083,0.1,0.054,0.099,0.209,0.258,0.192,0.159,0.234,0.28,0.349,0.201,0.767,0.551,74.005,88.765,116.838,41.237,65.292,10.309,13.746,27.491,58.419,0,0,20.619,37.801,20.619,0.714,1,0.042,0.207,0.955,2.478,0.798,0.673,0.833,0.82,0.072,0.081,391.753,213.058,24.055,130.584,24.055,3.436,10.309,6.873,302.406,116.838,82.474,30.927,79.038,0,6.873,54.983,0,6.873,2.09,2.992,1.08,365.114,561.627,385.938,408.012,422,3.876,7.176,1.384,2.271,61.425,7.835,10.126,studyone.TEXT.24,57.67492389649928,9.24488584474886,12.653272450532723,12.161744961471694,studyone,candidate
6.137869422,0.928491285,13.68248604,11,22,299,2,1,13.591,6.981,1.334,0.662,4.221,2.208,0.418,65.91,1.434,92.36,0.818,79.1,-0.17,43.25,2.487,99.34,-1.891,2.94,-3.969,0,-0.366,35.94,0.143,0.429,0.286,0.139,0.412,0.321,0.103,0.139,0.086,0.113,0.241,0.195,0.195,0.139,0.426,0.184,0.349,0.121,0.711,0.498,73.316,81.026,137.124,26.756,90.301,43.478,20.067,26.756,46.823,0,0,53.512,60.201,10.033,0.118,1.5,0.062,0.394,0.786,4.182,0.623,0.699,0.915,0.89,0.101,0.097,294.314,324.415,13.378,73.579,10.033,10.033,26.756,33.445,187.291,180.602,63.545,26.755,96.99,0,0,70.234,0,3.344,2.12,2.914,1.022,316.8,561.826,404.897,433.714,417.8,4.381,7.104,1.63,1.645,80.184,5.452,13.616,studyone.TEXT.25,68.39745584988965,9.97135761589404,12.98057395143488,10.864195022040777,studyone,implemented
8.637516414,1.075142679,21.20440218,11,26,387,2.364,1.433,14.885,7.633,1.703,1.09,4.974,2.899,-0.78,21.77,0.678,74.86,-0.853,19.77,-1.065,14.46,0.317,62.17,-1.042,14.92,-3.688,0,-0.59,27.76,0.28,0.36,0.32,0.19,0.268,0.22,0.099,0.207,0.055,0.111,0.184,0.187,0.257,0.17,0.155,0.238,0.285,0.143,0.724,0.519,84.87,96.728,108.527,18.088,43.928,28.424,25.84,10.336,56.848,0,0,25.84,31.008,18.088,0.182,0.75,0.076,0.267,0.78,3.038,1.231,0.607,0.907,0.886,0.064,0.066,312.662,201.55,31.008,98.191,18.088,2.584,10.336,10.336,237.727,124.032,116.279,64.599,41.344,2.584,2.584,31.008,0,0,2.053,2.896,1.052,366.6,567.218,352.189,380.311,411.084,3.763,6.311,1.305,1.612,47.653,10.311,9.656,studyone.TEXT.26,46.97570607553368,11.510098522167487,14.629885057471265,13.5591,studyone,candidate
6.504681923,0.706335386,17.70826676,14,26,372,1.857,1.406,14.308,9.109,1.629,0.994,5.016,2.922,-0.778,22.06,1.113,86.65,-0.448,33,-1.562,5.94,1.895,97.06,-1.425,7.78,-3.428,0.03,-0.372,35.57,0.28,0.36,0.4,0.22,0.317,0.327,0.073,0.147,0.053,0.097,0.195,0.181,0.152,0.172,0.257,0.189,0.308,0.141,0.707,0.541,128.505,131.994,123.656,29.57,69.892,26.882,24.194,26.882,56.452,0,0,29.57,34.946,21.505,0.167,1.111,0.044,0.34,0.82,3.692,0.95,0.709,0.926,0.913,0.07,0.071,338.71,225.806,24.194,83.333,13.441,5.376,26.882,21.505,298.387,123.656,131.721,45.699,37.634,0,5.376,18.817,0,2.688,2.074,2.802,1.491,379.659,563.413,360.717,388.13,411.742,4.162,6.971,1.553,2.136,54.499,9.212,9.129,studyone.TEXT.27,47.43635564106091,11.650691218908891,14.4339150748935,13.365165419054232,studyone,candidate
6.039539685,0.933217918,14.07448717,12,17,369,1.417,0.515,21.706,14.132,1.729,1.007,4.97,2.786,-0.327,37.45,-0.297,38.59,-0.977,16.6,0.016,50.4,2.963,99.85,-1.024,15.39,-3.083,0.1,-0.255,40.13,0.688,0.688,0.688,0.548,0.609,0.609,0.12,0.109,0.099,0.108,0.268,0.212,0.243,0.255,0.371,0.207,0.372,0.185,0.701,0.515,95.972,105.153,138.211,37.94,73.171,32.52,37.94,37.94,48.78,0,0,13.55,27.1,8.13,0.833,2.75,0.155,0.346,0.813,5.882,0.795,0.684,0.877,0.84,0.066,0.052,306.233,224.932,10.84,116.531,10.84,5.42,29.81,27.1,224.932,121.95,124.661,56.91,56.911,0,10.84,43.36,0,0,2.156,2.814,0.847,383.333,572.103,343.265,370.341,411.926,3.793,7.475,1.54,1.843,38.53,13.278,13.148,studyone.TEXT.28,33.406935483870996,15.200814132104458,19.66082949308756,17.122413403193683,studyone,implemented
9.28288937,0.973630967,23.05251758,14,26,297,1.857,1.512,11.423,7.549,1.646,1.036,4.842,2.717,-0.064,47.61,1.07,85.77,-0.266,39.74,-0.54,29.46,0.651,74.22,-1.087,14.01,-0.251,40.13,0.243,59.48,0.28,0.48,0.36,0.151,0.229,0.176,0.11,0.151,0.061,0.131,0.141,0.206,0.297,0.241,0.057,0.12,0.295,0.152,0.719,0.508,68.722,74.963,74.074,20.202,50.505,10.101,23.569,13.468,23.569,0,0,47.138,57.239,43.771,0.2,0.286,0.032,0.419,0.88,3,0.944,0.646,0.897,0.878,0.079,0.085,299.663,269.36,23.569,84.175,16.835,6.734,26.936,26.936,235.69,158.249,63.973,43.771,57.239,6.734,0,43.771,0,3.367,2.103,3.001,1.186,322.08,569.25,403.857,412.316,407.172,3.934,6.686,1.691,1.818,55.989,8.288,12.243,studyone.TEXT.29,55.260025609080856,8.667362956810635,12.059856035437432,11.618504940865996,studyone,candidate
7.256005889,1.126118307,17.78166812,23,32,422,1.391,0.988,13.188,6.782,1.521,0.871,4.654,2.621,-0.442,33,1.229,88.88,-0.209,42.07,0.212,58.32,1.324,90.66,-1.58,5.71,-1.03,15.15,-0.182,42.86,0.419,0.71,0.419,0.196,0.509,0.249,0.169,0.156,0.096,0.114,0.317,0.239,0.182,0.14,0.407,0.247,0.392,0.163,0.724,0.467,53.901,79.208,92.417,35.545,47.393,9.479,26.066,18.957,33.175,0,0,49.763,73.46,33.175,0.455,0.4,0.062,0.312,0.839,2.781,1.028,0.684,0.874,0.848,0.148,0.104,315.166,258.294,28.436,104.265,37.915,2.37,11.848,30.806,244.076,132.701,104.266,37.915,73.46,0,0,71.09,0,0,1.976,2.862,1.119,363.415,562.933,375.078,405.858,424.4,3.889,7.399,1.456,1.931,64.773,7.501,16.748,studyone.TEXT.30,54.52319248826291,11.533896713615023,15.006572769953053,13.471818130807456,studyone,implemented
8.964511387,1.322958738,18.5686486,7,20,424,2.857,2.116,21.2,9.792,1.557,0.913,4.394,2.344,0.177,56.75,-0.275,39.36,-0.191,42.47,0.464,67.72,0.95,82.64,0.142,55.57,-3.401,0.03,-1.059,14.69,0.368,0.684,0.526,0.359,0.545,0.469,0.121,0.097,0.084,0.092,0.275,0.135,0.319,0.177,0.351,0.226,0.38,0.146,0.699,0.456,72.127,80.213,113.208,25.943,51.887,33.019,25.943,25.943,51.887,0,0,21.226,23.585,14.151,0.1,1.571,0.079,0.406,0.737,5.2,0.891,0.605,0.83,0.811,0.058,0.057,294.811,254.717,40.094,101.415,28.302,0,18.868,28.302,179.245,132.075,82.547,73.113,73.113,0,2.358,40.094,0,4.717,2.322,3.15,1.423,297.912,580.479,359.864,384.306,410.574,4.265,6.905,1.39,1.554,53.595,11.051,16.393,studyone.TEXT.31,51.55787616099073,11.624978328173372,14.21795665634675,12.936686537176744,studyone,candidate
6.744429556,0.868923847,16.5884786,17,24,324,1.412,0.712,13.5,7.989,1.389,0.702,4.37,2.185,0.288,61.03,0.854,80.23,0.794,78.52,0.66,74.22,1.492,93.19,-1.11,13.35,-2.889,0.19,0.018,50.4,0.522,0.609,0.609,0.351,0.476,0.411,0.154,0.174,0.112,0.149,0.266,0.206,0.29,0.248,0.271,0.209,0.387,0.183,0.655,0.481,62.736,80.38,111.111,27.778,67.901,18.519,9.259,3.086,52.469,0,0,40.123,61.728,18.519,0.5,0.714,0.065,0.481,0.848,2.958,0.938,0.664,0.88,0.86,0.059,0.079,308.642,256.173,30.864,67.901,6.173,0,24.691,24.691,259.26,151.234,52.469,46.296,111.111,6.173,0,77.16,0,3.086,2.191,2.938,1.329,344.7,568.915,402.116,426.638,430.602,4.664,6.717,1.513,1.962,75.623,6.065,15.282,studyone.TEXT.32,73.34237373737378,6.688204264870933,10.211896745230078,10.33465798735191,studyone,candidate
6.674113426,1.069395444,16.70922753,16,23,296,1.438,0.892,12.87,9.258,1.581,0.953,4.811,2.624,0.552,70.88,0.271,60.64,-1.239,10.75,0.132,55.17,1.138,87.08,-1.037,15.15,-0.322,37.45,0.075,52.79,0.409,0.591,0.5,0.234,0.457,0.303,0.151,0.154,0.099,0.124,0.237,0.174,0.353,0.14,0.197,0.159,0.337,0.143,0.662,0.475,64.333,77.571,91.216,30.405,47.297,10.135,20.27,10.135,27.027,0,0,16.892,33.784,16.892,0.833,0.833,0.066,0.333,0.841,2.087,0.698,0.754,0.924,0.859,0.097,0.078,371.622,266.892,27.027,104.73,10.135,6.757,33.784,23.649,236.486,152.028,67.568,40.541,104.73,3.378,3.378,87.838,0,0,2.291,3.037,1.341,371.422,568.64,369.808,387.676,403.586,4.222,7.458,1.452,2.022,60.019,8.085,19.666,studyone.TEXT.33,54.49962121212121,9.75678451178451,12.929966329966332,12.360288348925252,studyone,candidate
5.710131536,1.056807206,15.34580313,25,26,310,1.04,0.2,11.923,7.668,1.529,0.861,4.684,2.501,-0.157,44.04,0.637,73.57,-0.053,48.01,-0.385,35.2,0.073,52.79,-1.162,12.3,-3.18,0.07,-0.94,17.36,0.4,0.56,0.48,0.176,0.312,0.2,0.133,0.166,0.06,0.106,0.273,0.235,0.39,0,0.269,0.239,0.367,0.138,0.758,0.558,85.297,119.71,96.774,16.129,38.71,29.032,12.903,22.581,45.161,0,0,48.387,51.613,6.452,0.063,1.333,0.049,0.298,0.76,3.231,0.649,0.75,0.813,0.813,0.102,0.079,312.903,264.516,32.258,116.129,9.677,6.452,16.129,25.806,232.258,119.355,96.774,58.064,58.065,0,0,45.161,0,6.452,2.225,2.888,1.052,368.935,575.615,372.505,406.308,428.218,4.374,7.248,1.313,1.81,65.38,7.102,17.564,studyone.TEXT.34,60.09963497453313,8.92993208828523,11.687606112054327,11.418023490513043,studyone,candidate
6.089982801,1.03560699,14.8239442,22,33,357,1.5,0.74,10.818,7.776,1.451,0.783,4.415,2.33,0.457,67.36,1.093,86.21,-0.649,25.78,-0.539,29.46,1.369,91.31,-1.55,6.06,-2.592,0.48,0.169,56.36,0.219,0.469,0.375,0.218,0.371,0.331,0.111,0.163,0.068,0.118,0.202,0.204,0.214,0.17,0.257,0.233,0.344,0.161,0.683,0.508,87.366,112.051,98.039,28.011,61.625,28.011,16.807,16.807,42.017,0,0,33.613,47.619,19.608,0.385,0.875,0.051,0.232,0.875,2.576,0.653,0.664,0.939,0.894,0.132,0.094,352.941,280.112,39.216,75.63,11.204,8.403,11.204,30.812,246.498,140.055,47.619,64.426,67.227,0,14.006,39.216,0,5.602,2.303,2.978,1.437,349.229,580.05,365.681,394.975,420.34,3.892,6.415,1.587,1.834,73.1,5.751,19.991,studyone.TEXT.35,69.56862238770121,7.465940427576271,9.610569300984867,9.65351601584587,studyone,candidate
8.12909127,0.771097531,21.70847809,19,28,356,1.474,0.964,12.714,8.458,1.478,0.83,4.621,2.536,0.014,50.4,0.868,80.51,1.045,85.08,-0.617,27.09,0.686,75.17,-1.625,5.26,-2.91,0.18,0.432,66.64,0.222,0.444,0.222,0.111,0.24,0.129,0.077,0.09,0.042,0.079,0.256,0.218,0.319,0.145,0.236,0.235,0.328,0.119,0.764,0.517,84.209,85.393,98.315,14.045,44.944,28.09,33.708,8.427,42.135,0,0,44.944,50.562,16.854,0.118,0.571,0.026,0.301,0.889,3.393,0.805,0.665,0.852,0.858,0.085,0.09,286.517,278.09,30.899,89.888,11.236,5.618,50.562,33.708,185.393,179.776,92.697,42.135,78.652,0,0,58.989,0,0,2.067,2.872,0.886,295.26,566.125,422.487,440.281,421.231,4.606,7.215,1.733,1.778,68.891,6.809,10.109,studyone.TEXT.36,58.64225209497208,10.63848463687151,13.75446927374302,12.494345625449444,studyone,candidate
11.24271914,0.851860069,26.63171295,22,35,396,1.591,1.403,11.314,6.996,1.333,0.679,4.081,2.199,0.269,60.26,1.264,89.62,1.025,84.61,0.382,64.8,1.14,87.29,-0.332,37.07,-2.618,0.45,1.091,86.21,0.265,0.353,0.265,0.292,0.363,0.308,0.084,0.125,0.095,0.168,0.177,0.139,0.212,0.15,0.193,0.199,0.425,0.226,0.571,0.399,52.446,55.316,93.434,35.354,50.505,17.677,7.576,20.202,42.929,0,0,55.556,68.182,15.152,0.217,1.571,0.031,0.337,0.941,1.429,0.951,0.612,0.849,0.847,0.099,0.082,330.808,267.677,32.828,83.333,17.677,7.576,12.626,25.253,224.747,161.615,70.707,55.555,68.182,0,7.576,37.879,0,0,2.238,3.115,1.267,240.491,577.679,429.931,442.662,428.623,5.036,7.278,1.827,1.943,82.58,4.552,15.118,studyone.TEXT.37,66.82733333333336,10.563000000000002,13.366666666666667,10.793553405168565,studyone,implemented
10.66460559,1.113078959,23.63365092,11,17,264,1.545,0.934,15.529,8.69,1.496,0.889,4.375,2.39,0.021,50.8,0.209,57.93,0.124,54.78,0.536,70.19,-0.122,45.22,-0.039,48.4,-0.873,19.22,-0.119,45.62,0.313,0.563,0.313,0.339,0.522,0.391,0.165,0.22,0.109,0.129,0.221,0.267,0.182,0.101,0.318,0.345,0.38,0.186,0.697,0.481,51.6,54.983,60.606,26.515,34.091,18.939,11.364,3.788,26.515,0,0,34.091,53.03,26.515,0.5,0.375,0.081,0.389,0.844,4,0.958,0.667,0.866,0.859,0.089,0.084,359.848,242.424,26.515,102.273,18.939,0,18.939,37.879,261.363,117.424,53.03,34.091,75.758,0,0,53.03,0,11.364,2.186,3.116,1.552,333.222,569.6,403.896,430.663,415.719,4.067,7.468,1.437,2.124,64.511,8.119,17.58,studyone.TEXT.38,64.10617626404496,8.463443352059926,12.218071161048693,11.81641974633143,studyone,candidate
9.816494997,0.970268859,22.91892428,13,25,273,1.923,0.954,10.92,9.151,1.535,0.907,4.645,2.566,-0.515,30.5,1.015,84.38,-1.019,15.62,-1.007,15.87,-1.37,8.53,-0.684,24.83,-1.8,3.59,0.668,74.54,0.125,0.25,0.125,0.179,0.246,0.185,0.061,0.1,0.078,0.157,0.148,0.199,0.16,0.258,0.314,0.232,0.363,0.203,0.664,0.498,46.344,67.689,62.271,10.989,14.652,10.989,10.989,18.315,40.293,0,0,40.293,43.956,7.326,0.083,0.667,0.106,0.332,0.896,0.88,0.803,0.822,0.945,0.934,0.073,0.095,355.311,230.769,32.967,117.216,18.315,3.663,7.326,21.978,256.41,117.216,76.923,47.619,58.608,0,7.326,29.304,0,3.663,1.964,2.894,1.061,357.412,559.56,384.046,402.767,417.327,3.676,6.621,1.436,1.877,65.89,6.782,6.25,studyone.TEXT.39,60.69963946869072,8.87008644317942,12.872949609951508,12.319762396917737,studyone,implemented
9.560504613,1.133288176,22.57910104,9,25,383,2.778,1.856,15.32,6.818,1.478,0.883,4.551,2.614,-0.065,47.61,0.444,67,-0.063,47.61,0.251,59.87,0.761,77.64,-0.434,33.36,-1.31,9.51,-0.204,42.07,0.417,0.667,0.417,0.231,0.426,0.359,0.125,0.103,0.08,0.095,0.239,0.196,0.252,0.195,0.287,0.249,0.339,0.127,0.676,0.466,62.33,76.017,93.995,31.332,33.943,7.833,20.888,18.277,36.554,0,0,33.943,44.386,18.277,0.286,1.125,0.067,0.432,0.833,3.56,0.938,0.616,0.855,0.839,0.142,0.086,305.483,258.486,20.888,109.661,18.277,10.444,28.721,26.11,234.987,161.88,80.94,44.386,65.274,0,5.222,28.721,0,2.611,2.223,2.996,1.132,372.66,570.555,382.15,407.747,427.798,4.498,6.349,1.437,1.644,66.246,7.825,19.563,studyone.TEXT.40,64.77476243836847,8.415419094576425,11.59318691169879,11.295486806799005,studyone,candidate
8.35533091,1.286337479,18.51329626,19,25,302,1.316,0.749,12.08,9.918,1.672,1.101,4.983,3.159,-0.131,44.83,0.723,76.42,0.092,53.59,-0.208,42.07,1.731,95.82,-0.668,25.46,-1.704,4.46,0.204,57.93,0.292,0.583,0.375,0.236,0.364,0.277,0.116,0.131,0.086,0.132,0.179,0.2,0.212,0.11,0.19,0.234,0.308,0.15,0.722,0.485,67.247,70.183,115.894,29.801,49.669,16.556,36.424,23.179,36.424,0,0,36.424,46.358,13.245,0.25,1.2,0.055,0.36,0.875,3.48,0.735,0.645,0.872,0.849,0.127,0.076,357.616,245.033,23.179,102.649,29.801,3.311,13.245,16.556,241.722,135.761,59.602,43.047,79.47,6.623,0,66.225,0,0,2.134,2.979,1.202,338.15,570.629,383.462,412.371,421.567,4.213,6.667,1.557,1.825,53.123,8.851,16.195,studyone.TEXT.41,48.81079729025538,10.412972034045511,13.771686642348444,12.936686537176744,studyone,candidate
12.51518534,0.886401965,29.48945785,8,20,316,2.5,2,15.8,8.452,1.459,0.825,4.446,2.443,-0.618,27.09,0.698,75.49,1.019,84.38,0.14,55.57,0.649,73.89,-0.996,16.11,-3.202,0.07,1,84.13,0.474,0.526,0.526,0.193,0.303,0.241,0.143,0.139,0.058,0.109,0.299,0.188,0.282,0.182,0.266,0.142,0.333,0.142,0.733,0.484,51.239,62.898,98.101,25.316,47.468,12.658,18.987,12.658,60.127,0,0,37.975,47.468,22.152,0.231,0.625,0.062,0.315,0.947,3.55,1.049,0.553,0.83,0.802,0.082,0.081,344.937,253.165,22.152,110.759,28.481,9.494,15.823,22.152,256.329,142.406,66.456,34.81,47.468,0,0,31.646,0,3.165,1.913,2.97,0.902,348.75,560.391,412.234,432.391,438.254,4.023,7.732,1.888,2.218,67.367,7.788,9.936,studyone.TEXT.42,64.81604244229338,8.836626954579302,11.485927029039466,10.96692322722173,studyone,implemented
8.478189701,0.913906141,20.64681978,5,15,250,3,1.871,16.667,6.63,1.54,0.797,4.668,2.558,-0.055,48.01,0.848,79.95,0.172,56.75,-0.407,34.46,0.97,83.15,-1.01,15.62,-5.154,0,-0.744,22.96,0.429,0.5,0.429,0.337,0.379,0.358,0.132,0.126,0.074,0.103,0.175,0.154,0.146,0.121,0.341,0.09,0.306,0.113,0.745,0.552,94.315,89.039,108,24,68,44,12,12,60,0,0,36,48,24,0.3,0.571,0.071,0.301,0.786,4.867,0.924,0.651,0.909,0.903,0.093,0.083,356,204,52,128,20,28,8,8,260,100,80,76,32,0,0,24,0,8,2.236,3.012,1.054,337.765,576.143,385.701,411.071,429.712,4.228,6.967,1.408,1.916,59.634,9.082,17.208,studyone.TEXT.43,55.38040000000004,9.971085714285715,12.582857142857144,12.031772070788634,studyone,implemented
7.483470277,0.777554555,20.54235879,17,28,354,1.647,0.931,12.643,11.098,1.723,1.081,5.22,3.035,-0.941,17.36,1.018,84.38,0.324,62.55,-0.848,20.05,0.245,59.48,-1.814,3.51,-5.719,0,0.729,76.42,0.37,0.444,0.519,0.227,0.324,0.329,0.113,0.155,0.071,0.137,0.298,0.196,0.358,0.246,0.272,0.217,0.37,0.17,0.741,0.541,90.478,105.425,107.345,19.774,56.497,39.548,11.299,11.299,76.271,0,0,39.548,50.847,11.299,0.267,0.6,0.075,0.26,0.907,2.107,1.053,0.698,0.93,0.901,0.091,0.082,353.107,183.616,19.774,107.345,5.65,11.299,8.475,5.65,293.785,104.521,158.192,31.073,45.198,0,0,36.723,0,2.825,1.935,2.789,1.112,308.057,568.829,399.426,420.045,419.244,3.505,7.063,1.426,2.155,48.237,9.672,9.417,studyone.TEXT.44,47.01360833433702,10.601110442008912,13.812886908346384,12.951903903251818,studyone,candidate
6.954408783,0.951760684,17.81870576,12,23,351,1.917,1.379,15.261,9.488,1.481,0.838,4.561,2.467,-0.234,40.9,0.808,78.81,0.706,75.8,0.198,57.53,0.885,81.06,-1.769,3.92,-2.568,0.52,-0.509,30.85,0.455,0.545,0.5,0.303,0.4,0.394,0.112,0.11,0.081,0.107,0.302,0.179,0.367,0.133,0.33,0.234,0.388,0.152,0.707,0.521,73.428,92.183,91.168,22.792,56.98,25.641,17.094,17.094,37.037,0,0,34.188,45.584,17.094,0.308,0.714,0.076,0.227,0.795,2.913,1,0.604,0.866,0.817,0.089,0.069,293.447,259.259,25.641,79.772,28.49,8.547,14.245,25.641,239.316,145.299,96.866,39.886,68.376,0,0,51.282,0,8.547,2.054,2.916,1.1,283.596,573.407,416.434,435.283,429.102,3.913,7.064,1.526,1.911,66.053,7.838,11.874,studyone.TEXT.45,59.6054292929293,9.80371212121212,12.822222222222225,12.060818386365153,studyone,candidate
7.422335162,1.167606469,19.43799818,14,26,355,1.857,0.949,13.654,10.086,1.555,1.041,4.854,2.854,-0.295,38.59,0.698,75.49,-0.626,26.76,-0.213,41.68,0.198,57.53,-0.031,48.8,-1.793,3.67,0.761,77.64,0.44,0.52,0.52,0.205,0.337,0.254,0.112,0.128,0.063,0.104,0.289,0.237,0.355,0.277,0.326,0.173,0.346,0.184,0.645,0.471,67.326,91.004,81.69,22.535,33.803,16.901,14.085,11.268,42.254,0,0,30.986,45.07,19.718,0.417,0.75,0.077,0.539,0.92,1.5,0.822,0.693,0.875,0.847,0.063,0.078,323.944,309.859,19.718,67.606,16.901,2.817,19.718,45.07,261.972,163.38,87.324,25.352,70.423,8.451,0,42.254,0,2.817,2.246,2.936,1.613,362.237,565.847,366.855,399.476,411.839,4.681,6.368,1.353,1.931,61.423,8.084,14.561,studyone.TEXT.46,55.371987497996486,10.899166533098256,13.21295079339638,12.108454555606665,studyone,candidate
10.24573934,1.016184812,26.9606806,16,33,377,2.063,1.611,11.424,7.722,1.764,1.026,5.252,2.883,-1.087,14.01,1.128,86.86,-0.267,39.74,0.125,54.78,-0.121,45.22,-1.489,6.81,-1.969,2.5,-0.067,47.61,0.563,0.563,0.719,0.335,0.396,0.473,0.126,0.123,0.092,0.142,0.302,0.249,0.303,0.189,0.355,0.251,0.411,0.177,0.684,0.5,58.696,69.945,82.228,21.22,31.83,13.263,13.263,5.305,45.093,0,0,42.44,53.05,21.22,0.235,0.444,0.073,0.389,0.844,2.273,0.886,0.626,0.874,0.858,0.093,0.089,363.395,212.202,18.568,114.058,23.873,0,21.22,7.958,302.387,151.193,108.754,29.179,18.568,0,0,7.958,0,2.653,1.852,2.786,0.857,372.938,566.84,380.576,401.794,422.422,3.743,6.53,1.763,2.134,46.005,9.681,8.382,studyone.TEXT.47,41.20138054830289,10.910700298396122,13.408765386049982,12.54090057162284,studyone,candidate
10.53767898,1.162208333,26.73167373,11,33,376,3,3.225,11.394,5.214,1.601,0.915,4.878,2.549,-1.225,11.12,1.577,94.18,0.726,76.42,0.106,53.98,-0.231,40.9,-1.168,12.3,-1.933,2.68,-0.004,50,0.438,0.469,0.5,0.287,0.338,0.349,0.115,0.161,0.075,0.121,0.288,0.233,0.272,0.169,0.179,0.289,0.394,0.171,0.651,0.468,64.233,65.413,69.149,21.277,29.255,10.638,5.319,15.957,39.894,0,0,53.191,58.511,23.936,0.095,0.7,0.064,0.32,0.859,2.182,1,0.572,0.852,0.811,0.127,0.125,364.362,228.723,10.638,122.34,34.574,0,10.638,18.617,308.511,143.616,95.745,15.958,13.298,0,0,0,0,2.66,1.862,2.851,0.631,315.333,576.527,413.347,432.164,432.844,4.242,6.679,1.572,2.209,59.826,7.745,10.112,studyone.TEXT.48,58.17403225806453,8.158407687028141,11.44735758407687,11.20814326018867,studyone,candidate
8.715708035,1.043628778,20.22382692,14,25,376,1.786,0.975,15.04,8.858,1.404,0.787,4.412,2.317,0.207,57.93,0.463,67.72,1.895,97.06,0.286,61.03,0.635,73.57,-0.461,32.28,-3.466,0.03,-0.261,39.74,0.417,0.542,0.458,0.195,0.477,0.21,0.126,0.164,0.1,0.136,0.217,0.185,0.303,0.221,0.203,0.171,0.319,0.159,0.688,0.447,62.075,72.469,103.723,18.617,47.872,21.277,23.936,15.957,58.511,0,0,29.255,39.894,31.915,0.333,0.308,0.078,0.441,0.833,2.32,0.752,0.64,0.888,0.855,0.136,0.086,356.383,263.298,18.617,90.426,13.298,5.319,13.298,29.255,249.999,132.979,34.575,29.255,98.404,5.319,0,82.447,0,2.66,2.116,3.005,1.115,297.675,568.302,435.179,454,435.99,4.604,6.81,1.698,1.904,72.791,6.843,16.881,studyone.TEXT.49,71.08702898550726,7.426972624798712,10.38343685300207,10.276239652853532,studyone,candidate
7.227039493,0.733280313,18.39174826,26,30,315,1.154,0.368,10.5,7.07,1.375,0.643,4.219,2.104,-0.287,38.97,0.465,67.72,0.951,82.89,0.786,78.23,0.897,81.33,-1.62,5.26,-1.639,5.16,0.528,69.85,0.517,0.655,0.621,0.298,0.522,0.469,0.197,0.179,0.116,0.153,0.296,0.247,0.429,0.135,0.326,0.276,0.405,0.17,0.606,0.459,47.37,62.485,101.587,22.222,57.143,12.698,15.873,6.349,34.921,0,0,34.921,50.794,6.349,0.417,1,0.05,0.224,0.897,2.7,1.136,0.692,0.891,0.859,0.136,0.076,355.556,158.73,28.571,104.762,3.175,3.175,15.873,9.524,273.016,101.587,123.81,34.921,82.54,6.349,0,69.841,0,0,2.104,2.911,1.225,409.842,555.72,446.535,460.252,432.521,4.314,7.768,1.521,2.191,79.853,4.73,20.324,studyone.TEXT.50,64.33791208791212,10.305079365079369,12.73992673992674,10.891193690592663,studyone,implemented
8.245752591,1.078522183,19.94520223,16,31,364,1.938,1.436,11.742,7.766,1.602,1.009,4.887,2.717,-0.256,40.13,0.931,82.38,-0.088,46.81,0.121,54.78,-0.35,36.32,-2.145,1.62,-1.648,5.05,0.23,58.71,0.333,0.533,0.433,0.153,0.404,0.2,0.134,0.168,0.088,0.123,0.277,0.242,0.301,0.183,0.261,0.269,0.378,0.156,0.755,0.479,59.594,75.992,76.923,10.989,30.22,13.736,16.484,2.747,35.714,0,0,38.462,46.703,10.989,0.2,0.4,0.054,0.173,0.867,1.935,0.813,0.627,0.86,0.833,0.074,0.083,310.44,266.484,24.725,115.385,32.967,2.747,30.22,32.967,247.253,173.077,71.428,30.22,82.418,2.747,0,71.429,0,0,1.896,2.863,1.022,348.475,557.848,404.626,418.176,411.603,4.179,7.371,1.63,2.176,59.388,7.893,8.614,studyone.TEXT.51,57.02198461538461,8.923015384615386,11.428395604395604,11.288533730351634,studyone,candidate
6.813507942,1.010318535,16.10733759,8,23,363,2.875,2.031,15.783,7.554,1.598,0.9,4.931,2.677,-0.718,23.89,0.969,83.15,0.266,60.26,-0.669,25.46,0.307,61.79,-1.126,13.14,-3.067,0.11,-0.899,18.67,0.273,0.5,0.409,0.177,0.297,0.303,0.116,0.113,0.063,0.098,0.225,0.181,0.242,0.137,0.206,0.188,0.325,0.117,0.724,0.514,95.93,114.391,88.154,16.529,46.832,24.793,16.529,16.529,46.832,0,0,44.077,49.587,16.529,0.118,0.714,0.094,0.298,0.773,3.696,1.068,0.615,0.883,0.857,0.079,0.071,305.785,247.934,24.793,110.193,24.793,2.755,33.058,22.039,234.16,146.005,115.703,33.058,60.606,2.755,0,49.587,0,2.755,2.021,2.849,1.488,331.424,564.397,395.4,422.064,423.724,4.238,7.451,1.548,2.138,55.624,9.422,10.751,studyone.TEXT.52,54.171665628891674,9.82511207970112,13.10211706102117,12.484440550625711,studyone,candidate
7.41787798,0.7705997,19.81868284,18,27,349,1.5,0.786,12.926,7.995,1.711,1.053,5.083,2.878,-0.386,35.2,1.222,88.88,-0.963,16.85,-0.566,28.77,1.184,88.1,-2.085,1.88,-2.153,1.58,-0.066,47.61,0.269,0.5,0.423,0.135,0.381,0.265,0.118,0.194,0.068,0.111,0.274,0.228,0.231,0.181,0.375,0.212,0.353,0.139,0.736,0.499,66.99,99.079,106.017,34.384,54.441,17.192,11.461,42.98,40.115,0,0,40.115,51.576,20.057,0.267,1.25,0.085,0.247,0.827,2.556,0.938,0.687,0.919,0.884,0.08,0.085,323.782,255.014,20.057,94.556,20.057,14.327,17.192,22.923,255.014,131.805,94.556,45.845,68.768,0,8.596,54.441,0,0,1.94,2.796,0.961,358.395,571.802,369.909,388.319,414.914,3.703,6.593,1.592,1.926,48.965,9.641,9.103,studyone.TEXT.53,46.26677738927742,10.769594664594669,14.245066045066046,13.246248875233396,studyone,candidate
9.413700034,0.897417068,23.47360116,10,18,285,1.8,1.033,15.833,10.433,1.53,0.841,4.635,2.363,-0.168,43.64,0.329,62.55,0.548,70.54,0.7,75.49,0.749,77.04,-1.814,3.51,-2.254,1.22,0.63,73.57,0.471,0.588,0.529,0.344,0.448,0.384,0.141,0.129,0.085,0.105,0.36,0.239,0.42,0.141,0.332,0.259,0.411,0.139,0.739,0.537,64.125,70.15,108.772,31.579,24.561,7.018,21.053,3.509,49.123,0,0,28.07,49.123,14.035,0.667,1.2,0.039,0.221,0.882,2.167,1.034,0.546,0.794,0.784,0.06,0.082,284.211,277.193,49.123,94.737,21.053,0,17.544,49.123,231.579,175.439,84.211,56.14,66.667,3.509,0,45.614,0,3.509,1.97,2.869,0.959,313.794,561.574,403.702,416.375,416.933,4.597,7.495,1.575,2.06,61.327,8.639,9.744,studyone.TEXT.54,56.939473684210526,10.037543859649125,13.494736842105263,12.68835289967788,studyone,candidate
10.55970183,0.907483383,25.08150797,7,16,285,2.286,1.976,17.813,8.961,1.523,0.776,4.726,2.315,-0.253,40.13,0.17,56.75,-0.034,48.8,0.601,72.57,-0.127,45.22,-1.323,9.34,-2.237,1.29,0.097,53.59,0.467,0.467,0.533,0.39,0.41,0.429,0.101,0.106,0.094,0.127,0.344,0.233,0.486,0.124,0.116,0.116,0.388,0.177,0.678,0.477,53.499,60.917,94.737,28.07,24.561,3.509,10.526,10.526,52.632,0,0,28.07,38.596,17.544,0.333,1.167,0.041,0.247,0.833,4.25,1.162,0.576,0.842,0.825,0.04,0.059,298.246,228.07,45.614,84.211,28.07,3.509,3.509,21.053,228.07,133.333,84.211,56.141,63.158,14.035,0,35.088,0,0,2.105,3.031,1.068,313.421,564.424,402.5,411.082,409.048,4.289,7.227,1.69,1.885,59.909,9.328,9.439,studyone.TEXT.55,57.9200955710956,9.917328671328672,12.521771561771562,11.855464076750408,studyone,implemented
9.995714363,1.410960291,21.04858523,11,15,203,1.364,0.674,13.533,7.233,1.635,1.092,4.764,2.907,-0.36,35.94,0.133,55.17,-0.708,24.2,0.476,68.08,3.017,99.87,0.128,54.78,-3.1,0.1,0.454,67.36,0.571,0.786,0.643,0.463,0.663,0.495,0.177,0.128,0.139,0.138,0.214,0.243,0.186,0.235,0.222,0.248,0.269,0.168,0.775,0.527,42.291,57.448,142.857,59.113,78.818,34.483,14.778,34.483,49.261,0,0,34.483,44.335,9.852,0.25,3.333,0.174,0.48,0.857,2.133,0.867,0.686,0.902,0.822,0.082,0.084,374.384,246.305,19.704,93.596,14.778,4.926,4.926,14.778,261.084,128.079,88.67,24.631,88.67,0,4.926,64.039,0,0,2.201,3.128,0,433.941,563.815,366.706,385.481,390.769,4.264,5.114,1.423,1.613,54.778,8.981,18.115,studyone.TEXT.56,51.59581521739133,10.348128019323674,14.43623188405797,13.427899808715576,studyone,implemented
8.539764762,1.08101428,21.09409726,10,19,280,1.9,0.994,14.737,7.382,1.421,0.804,4.539,2.535,0.631,73.57,0.803,78.81,0.127,54.78,0.481,68.44,0.763,77.64,-2.065,1.97,-2.65,0.4,-0.869,19.22,0.222,0.667,0.278,0.067,0.489,0.096,0.175,0.147,0.113,0.111,0.329,0.215,0.292,0.195,0.325,0.208,0.345,0.13,0.769,0.57,80.33,82.356,96.429,21.429,50,21.429,17.857,3.571,46.429,0,0,32.143,50,25,0.5,0.375,0.066,0.322,0.75,3.158,0.746,0.649,0.864,0.831,0.106,0.099,317.857,289.286,14.286,78.571,21.429,7.143,10.714,39.286,210.714,189.285,53.571,39.286,100,3.571,14.286,75,0,0,2.104,2.908,0.807,341.217,576.024,395.763,408.833,412,4.26,6.817,1.449,1.721,71.66,6.925,17.326,studyone.TEXT.57,69.58041471048514,7.473896713615023,10.677308294209704,10.62613485830676,studyone,candidate
9.137162931,0.848859894,22.60565537,12,26,348,2.167,1.642,13.385,7.463,1.54,0.863,4.595,2.581,-0.777,22.06,0.19,57.14,1.326,90.66,0.979,83.4,2.185,98.54,0.447,67,-2.106,1.79,1.105,86.43,0.6,0.88,0.92,0.395,0.683,0.712,0.158,0.129,0.123,0.171,0.298,0.215,0.305,0.182,0.341,0.239,0.422,0.207,0.558,0.436,64.152,68.824,97.701,25.862,45.977,11.494,17.241,45.977,43.103,0,0,51.724,60.345,0,0.158,8,0.088,0.534,0.94,1.154,1.035,0.608,0.863,0.838,0.085,0.084,336.207,232.759,20.115,126.437,17.241,5.747,37.356,28.736,247.126,140.804,126.437,31.609,28.736,0,0,14.368,0,0,2.134,2.932,1.315,359.038,570.6,427.991,453.088,444.713,4.409,6.181,1.288,1.633,62.965,7.802,15.821,studyone.TEXT.58,60.570568181818174,8.785795454545454,11.627272727272729,11.389717465364855,studyone,candidate
11.12972327,0.771836398,28.08822433,16,23,282,1.438,0.727,12.261,8.131,1.582,1.034,4.727,2.619,-0.769,22.36,0.409,65.54,-0.099,46.02,0.308,61.79,-0.266,39.74,-0.514,30.5,-1.849,3.22,0.605,72.57,0.409,0.545,0.545,0.263,0.366,0.446,0.178,0.23,0.088,0.149,0.256,0.297,0.241,0.208,0.269,0.315,0.392,0.187,0.627,0.465,46.794,53.213,70.922,28.369,28.369,14.184,3.546,14.184,39.007,0,0,28.369,42.553,10.638,0.444,1.5,0.043,0.345,0.886,2.217,1.043,0.617,0.872,0.846,0.104,0.09,336.879,212.766,28.369,131.206,17.73,3.546,14.184,14.184,287.234,88.652,99.29,49.645,14.184,0,0,0,0,10.638,2.066,2.965,0.86,353,566.245,403.587,419.918,419.547,3.834,7.147,1.599,2.409,60.553,7.859,16.521,studyone.TEXT.59,58.8422237926973,9.739024734982332,12.776348645465257,12.10132525352546,studyone,implemented
11.19596633,1.196885887,25.20927614,12,21,345,1.75,0.866,16.429,7.947,1.58,0.971,4.681,2.697,-0.13,44.83,0.226,58.71,-0.596,27.76,1.179,87.9,-0.202,42.07,-0.05,48.01,-2.44,0.73,0.111,54.38,0.6,0.7,0.6,0.361,0.471,0.419,0.188,0.185,0.107,0.138,0.386,0.217,0.37,0.106,0.416,0.244,0.427,0.176,0.593,0.414,56.824,57.916,72.464,17.391,49.275,23.188,5.797,5.797,46.377,0,0,28.986,40.58,11.594,0.364,0.6,0.075,0.505,0.85,2.952,1.032,0.608,0.839,0.825,0.052,0.059,359.42,249.275,20.29,110.145,26.087,8.696,17.391,26.087,237.681,139.129,75.362,26.087,55.072,0,0,43.478,0,0,2.351,3.192,1.084,336.704,572.848,374.777,401.384,410.369,4.065,5.861,1.639,1.652,56.492,9.461,20.18,studyone.TEXT.60,54.947119565217406,9.880688405797104,12.581159420289856,12.07096230602999,studyone,candidate
9.869932781,0.989187384,23.09237593,16,25,348,1.563,0.814,13.92,6.779,1.5,0.794,4.529,2.467,-0.137,44.83,0.305,61.79,-0.098,46.41,0.48,68.44,-0.953,17.11,-1.023,15.39,-1.897,2.94,0.202,57.93,0.5,0.542,0.5,0.4,0.528,0.4,0.105,0.124,0.109,0.128,0.249,0.233,0.207,0.185,0.357,0.234,0.381,0.157,0.683,0.47,56.701,65.414,68.966,8.621,25.862,17.241,14.368,2.874,37.356,0,0,34.483,34.483,11.494,0,0.6,0.067,0.344,0.875,1.4,0.955,0.603,0.853,0.838,0.092,0.074,324.713,255.747,25.862,97.701,17.241,5.747,2.874,43.103,255.747,135.059,63.219,43.104,74.713,8.621,5.747,51.724,0,0,2.068,2.917,0.688,349.405,569.838,393.495,409.135,412.372,4.126,7.663,1.542,2.15,65.806,7.539,12.02,studyone.TEXT.61,63.22739189893203,8.381345402448556,10.127689502474604,10.125756701596842,studyone,candidate
8.255612248,1.180537063,21.64771885,18,25,337,1.389,0.778,13.48,6.365,1.629,1.022,4.89,2.798,-0.713,23.89,0.832,79.67,-0.332,37.07,0.449,67,0.629,73.24,-1.2,11.51,-1.75,4.01,0.001,50,0.542,0.625,0.542,0.323,0.446,0.344,0.122,0.127,0.092,0.119,0.362,0.222,0.374,0.204,0.359,0.202,0.41,0.142,0.652,0.464,66.047,73.234,89.021,29.674,44.51,8.902,14.837,17.804,44.51,0,0,38.576,50.445,20.772,0.286,0.75,0.118,0.302,0.854,2.36,0.942,0.595,0.858,0.846,0.066,0.064,344.214,261.128,20.772,97.923,26.706,5.935,8.902,23.739,287.834,121.661,68.249,23.739,65.282,2.967,0,56.38,0,0,2.023,2.881,0.736,369.514,571.474,372.534,401.705,424.179,4.118,6.82,1.67,2.142,55.339,8.889,10.297,studyone.TEXT.62,53.938135559131155,9.56408822740681,13.597264682220436,12.796370485321264,studyone,candidate
9.070297704,1.105637025,23.61128371,11,21,311,1.909,0.944,14.81,9.147,1.621,0.932,4.707,2.559,-1,15.87,0.598,72.24,-1,15.87,0.119,54.38,2.501,99.38,-0.316,37.83,-1.444,7.49,0.699,75.49,0.45,0.5,0.6,0.284,0.323,0.368,0.14,0.121,0.106,0.151,0.362,0.217,0.348,0.199,0.352,0.274,0.424,0.227,0.65,0.469,59.988,67.143,112.54,54.662,54.662,9.646,19.293,19.293,41.801,0,0,38.585,73.955,3.215,0.846,3,0.098,0.295,0.875,4.857,1.173,0.624,0.875,0.843,0.109,0.097,350.482,202.572,41.801,118.971,25.723,0,9.646,3.215,282.959,109.325,112.54,45.016,22.508,0,0,12.862,0,3.215,2.225,3.076,0.858,386.756,573.616,366.398,391.875,412.197,3.656,6.874,1.653,2.252,54.666,9.314,18.371,studyone.TEXT.63,51.35676923076923,9.971564102564102,12.393846153846155,11.979248473330829,studyone,candidate
9.371865561,1.37855632,21.05439445,9,15,216,1.667,1,14.4,8.288,1.736,1.137,5.111,3.204,-1.082,14.01,0.795,78.52,0.257,59.87,0.077,52.79,2.203,98.61,-0.496,31.21,-3.027,0.13,0.704,75.8,0.5,0.5,0.714,0.389,0.432,0.579,0.121,0.105,0.104,0.12,0.231,0.192,0.305,0.146,0.18,0.197,0.312,0.16,0.729,0.546,49.829,72.29,115.741,50.926,78.704,18.519,4.63,46.296,55.556,0,0,27.778,32.407,18.519,0.143,2,0.126,0.488,0.893,2.333,1.019,0.663,0.831,0.824,0.057,0.064,365.741,199.074,18.519,129.63,27.778,4.63,9.259,23.148,282.407,120.37,101.852,27.778,32.407,0,0,18.519,0,0,2.071,2.976,0.84,373.222,551.369,401.767,433.141,426.3,3.833,6.185,1.575,1.855,45.353,10.511,10.773,studyone.TEXT.64,42.78570686070688,11.533963963963965,15.2992376992377,13.991409890343128,studyone,candidate
9.619608599,0.827565849,23.15245872,16,22,277,1.375,0.5,12.591,6.058,1.527,0.903,4.538,2.641,-0.539,29.81,1.367,91.31,0,50,0.517,69.5,1.963,97.5,-2.344,0.96,-1.985,2.39,1.021,84.61,0.476,0.476,0.524,0.321,0.382,0.37,0.132,0.182,0.097,0.143,0.38,0.244,0.277,0.191,0.467,0.205,0.447,0.197,0.616,0.449,48.446,58.371,111.913,57.762,61.372,14.44,7.22,0,43.321,0,0,50.542,93.863,28.881,0.8,0.444,0.071,0.248,0.905,2.955,0.959,0.625,0.83,0.83,0.079,0.074,382.671,176.895,36.101,115.523,14.44,3.61,43.321,3.61,277.979,140.794,83.033,54.151,28.881,0,0,10.83,0,3.61,2.029,2.933,0.854,377.158,547.152,431.393,426.822,415.483,3.162,7.469,1.758,2.202,64.871,7.339,11.761,studyone.TEXT.65,59.76124087591242,9.7859228362878,12.354118873826904,11.629938488055164,studyone,candidate
8.693444479,1.362916663,19.49375546,13,31,384,2.385,1.325,12.387,6.697,1.526,0.858,4.602,2.621,-0.415,34.09,1.181,88.1,-0.934,17.62,-0.967,16.85,1.087,85.99,0.493,68.79,-3.002,0.13,0.252,59.87,0.2,0.2,0.233,0.153,0.22,0.2,0.079,0.124,0.059,0.109,0.146,0.094,0.22,0.13,0.188,0.217,0.314,0.127,0.713,0.491,73.832,78.442,104.167,20.833,70.313,20.833,13.021,18.229,49.479,0,0,36.458,41.667,13.021,0.133,1.167,0.176,0.401,0.85,2.258,0.837,0.657,0.914,0.887,0.108,0.1,299.479,260.417,33.854,65.104,23.438,7.813,13.021,23.438,218.749,132.813,83.334,62.501,65.104,2.604,2.604,49.479,0,2.604,2.32,3.061,1.361,352.852,573.903,373.316,402.347,419.398,4.071,6.98,1.411,1.698,65.163,7.248,17.222,studyone.TEXT.66,64.09465116279071,7.634637797380382,10.91932638331997,10.92457919387057,studyone,candidate
10.44929962,1.154011771,24.28068793,25,32,321,1.28,0.891,10.031,6.846,1.586,0.952,4.816,2.94,-0.654,25.78,0.946,82.64,0.178,56.75,-0.814,20.9,-0.421,33.72,-0.712,23.89,-2.19,1.43,0.557,70.88,0.29,0.323,0.29,0.196,0.23,0.234,0.084,0.135,0.051,0.103,0.196,0.153,0.244,0.136,0.178,0.155,0.299,0.13,0.726,0.492,60.274,70.239,68.536,18.692,31.153,24.922,12.461,3.115,37.383,0,0,37.383,43.614,21.807,0.154,0.625,0.063,0.313,0.903,1.906,0.977,0.684,0.921,0.91,0.096,0.077,345.794,224.299,18.692,124.611,24.922,6.231,15.576,21.807,305.296,112.149,46.729,31.153,37.383,0,0,0,0,24.922,2.096,3.037,1.238,351.906,561.095,414.871,435.019,420.26,3.712,7.49,1.641,2.519,62.478,7.037,11.775,studyone.TEXT.67,54.66058074534163,9.634962732919256,13.64496894409938,12.857556352371637,studyone,candidate
9.065711832,1.30488736,21.65413578,16,30,347,1.875,1.088,11.567,6.066,1.481,1.052,4.582,2.699,0.078,52.79,0.77,77.94,1.065,85.54,0.116,54.38,-0.781,21.77,0.469,67.72,-1.793,3.67,-0.434,33.36,0.241,0.621,0.241,0.114,0.4,0.118,0.129,0.122,0.08,0.107,0.115,0.143,0.142,0.15,0.102,0.082,0.232,0.101,0.77,0.491,58.609,70.414,57.637,11.527,23.055,14.409,11.527,5.764,34.582,0,0,48.991,51.873,37.464,0.056,0.214,0.064,0.458,0.845,2,0.756,0.562,0.813,0.79,0.098,0.103,319.885,299.712,17.291,106.628,28.818,8.646,8.646,17.291,230.548,138.33,43.228,25.937,89.337,0,0,80.692,0,0,2.29,3.101,1.334,318.225,575.84,429.802,442.377,435.571,4.722,6.888,1.554,1.815,69.802,6.397,18.56,studyone.TEXT.68,69.99384615384618,6.726153846153849,9.530484330484333,9.906371001090498,studyone,candidate
8.2407234,1.068809618,21.87524081,13,19,283,1.462,0.776,14.895,13.114,1.852,1.208,5.279,3.105,-1.026,15.39,0.587,71.9,-0.877,19.22,-1.215,11.31,1.406,91.92,0.072,52.79,-1.992,2.33,-0.459,32.28,0.222,0.222,0.444,0.259,0.311,0.452,0.087,0.106,0.071,0.118,0.166,0.191,0.229,0.157,0.131,0.187,0.276,0.166,0.726,0.534,90.109,92.479,95.406,49.47,42.403,17.668,7.067,10.601,42.403,0,0,31.802,70.671,14.134,1.1,1,0.076,0.384,0.778,2,1,0.657,0.935,0.899,0.054,0.078,349.823,219.081,21.201,106.007,24.735,7.067,3.534,17.668,325.088,120.142,123.675,53.004,17.668,0,0,10.601,0,0,2.237,3.038,1.14,370.343,571.621,371.778,393.958,420.2,3.978,6.817,1.689,2.439,35.037,12.073,12.504,studyone.TEXT.69,31.40247307373653,13.029519469759736,16.541507870753936,14.721396884518768,studyone,implemented
10.5824759,1.52746783,24.16498801,13,24,315,1.846,0.899,13.125,8.26,1.667,1.091,4.927,2.95,-0.132,44.83,0.452,67.36,-1.214,11.31,-0.044,48.4,0.547,70.54,-0.038,48.8,-2.094,1.83,0.144,55.57,0.478,0.609,0.565,0.454,0.519,0.524,0.108,0.118,0.112,0.111,0.15,0.195,0.237,0.208,0.141,0.164,0.311,0.142,0.68,0.491,64.623,66.594,92.063,31.746,41.27,15.873,15.873,9.524,44.444,0,0,31.746,44.444,15.873,0.364,1,0.093,0.292,0.87,1.875,0.871,0.728,0.907,0.873,0.065,0.083,374.603,206.349,25.397,104.762,28.571,9.524,12.698,6.349,257.142,123.808,95.238,63.493,22.222,0,0,3.175,0,3.175,2.365,3.165,1.462,350.382,573.159,359.773,382.869,413.605,3.678,6.357,1.247,1.743,52.485,9.199,17.1,studyone.TEXT.70,50.10198863636367,9.884602272727276,12.31818181818182,11.91194598728474,studyone,implemented
7.356524227,0.783932683,21.13590474,30,43,382,1.433,0.935,8.884,7.952,1.652,0.978,5.055,2.759,-1.444,7.49,1.894,97.06,0.535,70.19,-1.81,3.51,1.994,97.67,-1.981,2.39,-3.764,0,1.287,89.97,0.143,0.143,0.167,0.101,0.131,0.125,0.049,0.125,0.026,0.074,0.167,0.179,0.3,0.134,0.14,0.179,0.286,0.124,0.718,0.529,91.013,118.274,109.948,39.267,68.063,26.178,7.853,7.853,57.592,0,0,44.503,70.681,7.853,0.556,1.25,0.039,0.164,0.952,2.279,1.15,0.655,0.893,0.869,0.214,0.155,340.314,225.131,31.414,99.476,18.325,0,47.12,10.471,327.225,141.36,107.33,34.031,23.56,0,0,18.325,0,0,1.894,2.729,0.812,355.833,563.44,407.117,428.326,435.602,3.621,6.722,1.461,2.318,58.059,7.368,12.712,studyone.TEXT.71,53.444800000000015,9.7002,12.904653061224492,12.340626583579944,studyone,candidate
4.378530547,0.79446763,12.07894295,15,24,342,1.6,0.737,14.25,4.899,1.389,0.721,4.418,2.307,-0.084,46.81,1.154,87.49,1.306,90.32,0.298,61.41,0.628,73.24,-1.917,2.81,-4.523,0,-0.518,30.5,0.435,0.696,0.565,0.157,0.481,0.324,0.145,0.119,0.1,0.112,0.237,0.206,0.263,0.234,0.236,0.201,0.321,0.144,0.725,0.523,76.844,101.759,93.567,23.392,64.327,43.86,2.924,26.316,52.632,0,0,40.936,52.632,32.164,0.267,0.5,0.06,0.352,0.804,2.292,0.84,0.62,0.828,0.828,0.136,0.121,342.105,204.678,20.468,96.491,8.772,20.468,35.088,11.696,318.713,111.112,61.404,43.86,90.643,0,2.924,84.795,0,0,2.062,2.784,1.059,342.724,563.992,419.075,449.388,433.426,3.896,6.297,1.66,2.141,74.862,6.358,16.657,studyone.TEXT.72,76.74982758620689,5.535402298850574,8.248275862068965,8.939507131559953,studyone,implemented
9.284467516,0.710414259,25.1246676,19,35,360,1.842,1.5,10.286,7.133,1.517,0.821,4.686,2.466,-0.837,20.33,1.698,95.45,0.882,81.06,-1.784,3.75,1.39,91.77,-1.703,4.46,-4.563,0,0.662,74.54,0.118,0.176,0.147,0.078,0.108,0.119,0.042,0.097,0.026,0.069,0.181,0.173,0.253,0.162,0.2,0.18,0.319,0.133,0.776,0.569,108.457,107.381,111.111,19.444,63.889,33.333,30.556,13.889,63.889,0,0,47.222,58.333,13.889,0.222,0.5,0.048,0.222,0.912,1.543,0.947,0.691,0.914,0.909,0.109,0.086,361.111,205.556,33.333,102.778,11.111,0,36.111,11.111,302.778,136.112,86.112,52.778,27.778,5.556,0,8.333,2.778,0,2.031,2.809,1.237,340.239,560.81,415.222,440,422.144,4.197,6.592,1.695,2.207,68.057,6.322,8.953,studyone.TEXT.73,65.6754347826087,7.363975155279501,9.60496894409938,9.957137785484202,studyone,candidate
7.201776614,0.6169042,20.72178061,22,27,308,1.227,0.528,11.407,7.271,1.529,0.801,4.769,2.489,-0.241,40.52,1.047,85.08,0.857,80.23,-0.938,17.62,0.318,62.17,-2.319,1.02,-1.436,7.64,0.665,74.54,0.308,0.423,0.346,0.158,0.237,0.2,0.111,0.192,0.071,0.169,0.228,0.236,0.286,0.142,0.208,0.235,0.351,0.193,0.783,0.611,96.509,129.555,71.429,29.221,35.714,16.234,3.247,12.987,29.221,0,0,48.701,64.935,19.481,0.313,0.571,0.043,0.331,0.923,1.593,0.847,0.725,0.93,0.93,0.066,0.057,347.403,282.468,25.974,84.416,6.494,6.494,38.961,29.221,305.195,175.325,61.689,32.468,51.948,3.247,0,22.727,0,9.74,2.005,2.762,1.377,352.222,562.082,436.529,455.174,436.769,3.677,6.408,1.55,2.05,65.903,6.901,9.336,studyone.TEXT.74,64.64258029825066,7.822605391453976,10.432406079724691,10.537671172512404,studyone,candidate
8.37411073,1.124321034,21.37945866,14,26,384,1.857,1.099,14.769,7.555,1.565,0.926,4.792,2.777,-0.753,22.66,1.275,89.8,0.074,52.79,-1.312,9.51,1.113,86.65,-0.639,26.11,-4.239,0,0.185,57.14,0.12,0.24,0.2,0.063,0.132,0.102,0.083,0.142,0.031,0.078,0.188,0.181,0.201,0.095,0.199,0.232,0.297,0.12,0.765,0.54,105.841,101.309,101.563,26.042,52.083,39.063,18.229,10.417,52.083,0,0,41.667,59.896,13.021,0.412,1,0.082,0.468,0.84,3.077,0.917,0.605,0.882,0.857,0.084,0.082,328.125,283.854,20.833,78.125,36.458,15.625,31.25,28.646,239.583,158.854,72.917,46.875,46.875,0,0,39.063,0,0,2.033,2.876,1.007,340.4,561.868,392.353,413.017,416.989,4.499,6.869,1.532,1.852,59.445,8.637,9.59,studyone.TEXT.75,59.1099232736573,9.23795396419438,12.733503836317135,12.200932325342574,studyone,candidate
5.121846238,1.075640198,13.34339255,19,29,293,1.526,0.905,10.103,6.165,1.689,1.105,4.894,2.795,-0.392,34.83,2.327,98.98,-1.197,11.7,0.285,61.03,3.905,100,-2.267,1.19,-3.967,0,0.849,79.95,0.429,0.536,0.607,0.238,0.345,0.409,0.133,0.178,0.085,0.147,0.442,0.267,0.551,0.333,0.485,0.225,0.478,0.194,0.668,0.522,64.102,101.21,156.997,61.433,92.15,27.304,23.891,20.478,58.02,0,0,64.846,98.976,20.478,0.5,1.429,0.081,0.384,0.875,2.586,0.805,0.586,0.841,0.828,0.14,0.118,296.928,259.386,40.956,64.846,23.891,34.13,17.065,17.065,238.908,143.345,133.106,81.911,37.543,0,0,20.478,0,13.652,2.173,2.836,1.027,358.28,567.246,352.974,382.008,407.777,4.343,6.952,1.43,1.775,53.691,8.28,18.74,studyone.TEXT.76,52.11624646892656,9.04375,12.781073446327683,12.00992498983062,studyone,implemented
9.927042023,1.382072383,22.54104482,9,18,322,2,1.414,17.889,13.547,1.578,0.974,4.748,2.718,-0.309,37.83,0.34,62.93,-0.548,29.46,-0.106,46.02,0.666,74.54,0.299,61.41,-1.92,2.74,-0.543,29.46,0.294,0.294,0.412,0.216,0.28,0.36,0.111,0.137,0.083,0.134,0.28,0.231,0.274,0.261,0.354,0.168,0.399,0.218,0.626,0.46,64.4,73.657,96.273,27.95,40.373,12.422,21.739,18.634,43.478,0,0,18.634,21.739,9.317,0.143,2,0.084,0.48,0.765,4.222,0.825,0.655,0.847,0.816,0.044,0.062,347.826,226.708,34.161,121.118,18.634,12.422,12.422,12.422,245.342,127.329,68.323,65.218,24.845,0,6.211,0,0,9.317,2.335,3.105,1.496,375.694,568.483,390.688,415.017,412.829,4.056,6.695,1.435,1.8,55.179,10.007,15.319,studyone.TEXT.77,53.99890254609309,10.62305531167691,13.374890254609308,12.526319926815653,studyone,implemented
7.363891384,1.161952221,18.3540924,12,24,390,2,1.348,16.25,8.631,1.436,0.748,4.531,2.317,0.177,56.75,0.812,79.1,-0.059,48.01,0.041,51.6,0.283,61.03,-1.363,8.69,-2.598,0.48,0.098,53.59,0.261,0.522,0.348,0.13,0.341,0.232,0.107,0.11,0.087,0.112,0.312,0.162,0.343,0.164,0.311,0.192,0.38,0.132,0.667,0.469,69.307,88.526,87.179,15.385,43.59,25.641,20.513,12.821,35.897,0,0,30.769,33.333,12.821,0.077,0.833,0.095,0.503,0.826,2,0.837,0.662,0.895,0.864,0.049,0.053,266.667,325.641,25.641,79.487,30.769,20.513,30.769,46.154,192.307,192.307,71.795,56.41,82.051,0,0,58.974,0,10.256,2.078,2.84,1.007,320.551,562.462,405.676,425.701,408.329,4.538,7.418,1.605,1.797,68.856,7.692,9.696,studyone.TEXT.78,63.741906552094534,9.4940708915145,12.538345864661654,11.622719091009316,studyone,candidate
7.352310566,0.910662891,17.33686446,11,23,334,2.091,1.3,14.522,9.11,1.554,0.963,4.608,2.663,-0.419,33.72,0.703,75.8,0.588,71.9,0.171,56.75,0.72,76.42,-0.858,19.77,-1.718,4.36,-0.6,27.43,0.455,0.545,0.5,0.354,0.389,0.394,0.11,0.123,0.076,0.106,0.346,0.211,0.372,0.195,0.366,0.229,0.392,0.151,0.651,0.476,60.343,79.634,101.796,11.976,50.898,17.964,32.934,8.982,38.922,0,0,29.94,29.94,20.958,0,0.5,0.051,0.466,0.795,3.87,0.84,0.639,0.868,0.843,0.109,0.093,374.251,230.539,35.928,140.719,11.976,0,38.922,20.958,287.425,158.682,80.838,35.928,41.916,0,2.994,32.934,0,2.994,2.134,2.965,1.026,324.646,566.491,393.194,421.306,419.44,4.385,6.428,1.73,2.081,60.627,8.411,14.776,studyone.TEXT.79,59.438392215568854,9.117610778443112,12.069221556886228,11.698219412168324,studyone,candidate
8.566348968,1.136679954,19.6329189,16,30,363,1.875,1.36,12.1,6.588,1.543,0.975,4.736,2.869,0.039,51.2,0.965,83.15,-0.234,40.9,0.184,57.14,0.609,72.57,-0.685,24.83,-1.64,5.05,0.703,75.8,0.31,0.483,0.379,0.184,0.335,0.224,0.138,0.184,0.082,0.132,0.243,0.221,0.166,0.175,0.241,0.181,0.352,0.133,0.669,0.456,58.477,75.207,77.135,27.548,55.096,22.039,2.755,13.774,33.058,0,0,38.567,46.832,22.039,0.2,1.111,0.051,0.408,0.914,1.767,0.851,0.585,0.839,0.81,0.092,0.085,358.127,247.934,16.529,96.419,16.529,13.774,19.284,27.548,267.217,134.986,30.303,27.548,82.645,8.264,5.51,60.606,0,5.51,2.178,3.038,1.239,358.268,567.702,393.752,411.769,420.738,4.2,6.739,1.627,1.975,64.016,7.336,16.171,studyone.TEXT.80,63.86387803234504,7.643268194070082,11.553369272237198,11.35114627814755,studyone,candidate
7.579949385,0.991544103,19.10965863,16,25,349,1.563,0.892,13.96,6.086,1.544,0.898,4.702,2.377,-0.134,44.83,0.453,67.36,-0.171,43.25,0.249,59.48,-0.083,46.81,-1.231,10.93,-2.325,1.02,-0.236,40.9,0.417,0.458,0.5,0.287,0.421,0.328,0.147,0.188,0.091,0.125,0.289,0.226,0.386,0.193,0.28,0.224,0.358,0.137,0.708,0.473,60.693,68.678,91.691,25.788,28.653,8.596,5.731,2.865,51.576,0,0,34.384,54.441,11.461,0.538,1,0.057,0.256,0.813,2.28,0.928,0.641,0.876,0.848,0.074,0.074,378.224,240.688,20.057,120.344,14.327,2.865,17.192,20.057,252.149,117.479,71.634,40.114,85.96,2.865,2.865,68.768,0,5.731,2.115,2.917,1.299,352.813,568.951,368.154,411.314,430.764,4.068,7.01,1.532,1.942,62.043,8.074,14.14,studyone.TEXT.81,59.348881870278746,8.92231961448294,11.273821307632195,11.115808304768276,studyone,candidate
7.871642771,1.236522669,18.03496166,16,23,324,1.438,1.031,14.087,5.76,1.63,1.167,4.988,2.94,-0.195,42.47,0.682,75.17,-1.54,6.18,-0.426,33.72,0.728,76.42,-0.741,22.96,-2.496,0.64,0.081,53.19,0.318,0.5,0.364,0.2,0.383,0.217,0.121,0.134,0.089,0.126,0.204,0.205,0.238,0.139,0.203,0.225,0.31,0.147,0.667,0.483,64.372,87.486,92.593,18.519,64.815,24.691,21.605,9.259,46.296,0,0,30.864,43.21,9.259,0.364,0.5,0.134,0.33,0.841,2.783,1.012,0.694,0.919,0.852,0.08,0.081,327.16,246.914,33.951,92.593,18.519,12.346,18.519,9.259,219.135,145.062,70.987,37.037,58.642,3.086,3.086,49.383,0,3.086,2.199,2.995,1.055,378.692,564.237,355.472,379.094,396.681,3.518,7.363,1.293,1.745,54.639,9.138,15.012,studyone.TEXT.82,55.98045871559634,9.319554390563564,12.22245522062036,11.855464076750408,studyone,candidate
13.00307213,1.174548452,28.2398145,18,19,281,1.056,0.236,14.789,9.714,1.591,1.025,4.765,2.941,-1.16,12.3,0.216,58.32,-0.11,45.62,0.488,68.44,-0.503,30.85,-0.214,41.68,-2.055,2.02,0.236,59.1,0.389,0.389,0.389,0.341,0.378,0.407,0.079,0.134,0.103,0.153,0.269,0.221,0.205,0,0.273,0.205,0.419,0.161,0.682,0.472,49.732,45.197,74.733,17.794,32.028,17.794,14.235,3.559,42.705,0,0,17.794,28.47,10.676,0.5,0.75,0.11,0.356,0.833,2.474,0.941,0.429,0.762,0.762,0.032,0.062,437.722,185.053,17.794,145.907,24.911,7.117,28.47,7.117,284.698,117.438,78.292,28.47,7.117,3.559,0,3.559,0,0,1.986,3.064,1.102,389.706,535.055,416.966,425.648,414.617,3.586,6.939,1.271,2.082,57.226,8.952,5.147,studyone.TEXT.83,57.73333333333335,9.09872340425532,13.358865248226952,12.650343791298138,studyone,implemented
7.83933837,1.237626343,16.85408997,16,27,351,1.688,1.078,13,7.38,1.462,0.799,4.499,2.354,-0.332,37.07,0.573,71.57,0.151,55.96,-0.565,28.77,1.338,90.82,0.24,59.48,-2.597,0.48,0.75,77.04,0.154,0.346,0.231,0.191,0.33,0.214,0.091,0.117,0.085,0.135,0.13,0.167,0.157,0.198,0.2,0.245,0.346,0.167,0.58,0.39,57.384,63.064,113.96,31.339,48.433,22.792,34.188,11.396,45.584,0,0,28.49,48.433,19.943,0.636,0.75,0.098,0.405,0.904,3.037,0.959,0.691,0.933,0.894,0.063,0.068,336.182,202.279,25.641,102.564,25.641,0,17.094,17.094,225.071,91.168,111.111,28.49,111.111,2.849,17.094,76.923,0,0,2.178,3.045,1.083,334.679,571.315,406.14,428.667,417.585,3.982,7.094,1.3,1.716,69.955,6.732,11.938,studyone.TEXT.84,65.03739045580461,8.264393099974818,11.5497859481239,11.299434782280676,studyone,candidate
9.283585749,0.946182702,20.35220704,14,20,279,1.429,0.938,13.95,8.772,1.527,1.089,4.681,2.794,-0.472,31.92,0.715,76.11,0.607,72.57,-1.109,13.57,-0.256,40.13,-0.297,38.59,-3.764,0,-0.518,30.5,0.263,0.316,0.316,0.117,0.248,0.159,0.067,0.112,0.052,0.105,0.142,0.132,0.157,0.069,0.131,0.132,0.261,0.119,0.821,0.521,79.763,76.07,82.437,14.337,50.179,28.674,10.753,3.584,57.348,0,0,46.595,60.932,17.921,0.286,0,0.096,0.429,0.789,2.8,1.14,0.71,0.913,0.905,0.108,0.097,326.165,268.817,21.505,103.943,14.337,7.168,17.921,35.842,215.053,139.785,75.269,28.674,60.932,3.584,3.584,46.595,0,0,2.113,3.043,1.037,330.32,563.776,418.154,435.318,423.58,3.659,6.613,1.485,1.695,63.492,7.869,12.016,studyone.TEXT.85,64.14611111111111,8.176666666666666,11.507936507936508,11.319583603955673,studyone,candidate
7.94108337,1.096321523,20.66048334,11,27,382,2.455,1.508,14.148,7.612,1.539,0.88,4.529,2.439,-0.608,27.43,0.619,72.91,0.246,59.48,-0.33,37.07,0.949,82.64,-0.934,17.62,-2.813,0.25,0.029,50.8,0.423,0.654,0.5,0.344,0.419,0.381,0.124,0.14,0.073,0.107,0.22,0.206,0.179,0.132,0.343,0.282,0.351,0.143,0.73,0.526,89.949,107.687,91.623,20.942,65.445,20.942,10.471,20.942,47.12,0,0,36.649,41.885,10.471,0.133,1.2,0.063,0.302,0.865,4.63,1.344,0.643,0.875,0.847,0.085,0.082,301.047,240.838,31.414,89.005,20.942,7.853,10.471,15.707,287.957,130.889,102.095,49.739,44.503,0,0,18.325,0,10.471,2.221,2.968,1.334,362.462,562.075,399.902,421.209,419.552,4.34,6.705,1.646,2.13,62.275,8.088,15.97,studyone.TEXT.86,60.54755194944303,8.840761568123394,11.83037703513282,11.538034831475386,studyone,candidate
7.448804851,0.763566879,21.63150597,28,33,351,1.179,0.612,10.636,6.836,1.538,0.739,4.644,2.292,-0.651,25.78,1.483,93.06,0.346,63.31,-0.224,41.29,0.983,83.65,-1.865,3.14,-3.403,0.03,1.141,87.29,0.344,0.5,0.406,0.211,0.342,0.284,0.119,0.172,0.06,0.11,0.359,0.266,0.299,0.205,0.383,0.27,0.412,0.155,0.638,0.46,65.669,82.94,105.413,31.339,48.433,8.547,14.245,8.547,65.527,0,0,54.131,74.074,14.245,0.35,1,0.082,0.251,0.953,1.788,0.928,0.698,0.898,0.885,0.093,0.075,364.672,236.467,25.641,99.715,17.094,8.547,22.792,17.094,321.937,122.507,74.074,34.188,59.829,2.849,0,42.735,0,14.245,1.957,2.792,0.988,341.114,568.248,403.429,420.073,426.775,3.881,6.662,1.414,2.273,65.925,6.706,10.342,studyone.TEXT.87,58.85506512605045,9.484665266106449,11.173613445378152,10.793553405168565,studyone,candidate
6.801793095,1.103825535,17.75942302,13,17,249,1.308,0.48,14.647,9.506,1.582,0.913,4.867,2.952,-0.85,19.77,0.883,81.06,-0.191,42.47,-0.879,18.94,0.191,57.53,-0.239,40.52,-2.757,0.3,-0.483,31.56,0.313,0.375,0.375,0.243,0.304,0.287,0.114,0.158,0.055,0.098,0.202,0.167,0.244,0.062,0.198,0.194,0.287,0.137,0.767,0.609,81.542,125.123,92.369,24.096,28.112,4.016,16.064,28.112,56.225,0,0,28.112,40.161,20.08,0.375,0.667,0.087,0.374,0.813,2.647,1.077,0.632,0.86,0.82,0.091,0.083,361.446,224.9,44.177,92.369,24.096,8.032,24.096,8.032,309.238,116.466,84.337,56.225,12.048,0,0,0,0,0,2.163,2.903,1.79,359.833,571.567,393.024,406.789,416.667,4.234,6.011,1.507,1.996,58.131,8.79,14.528,studyone.TEXT.88,56.56204841897232,8.512669960474309,10.909802371541502,10.899274998029323,studyone,candidate
9.931577914,0.905057173,24.66604559,15,23,365,1.533,1.407,15.87,11.289,1.551,0.878,4.784,2.602,-0.44,33,0.425,66.28,0.614,72.91,0.331,62.93,-0.299,38.21,-0.708,24.2,-1.769,3.84,0.157,55.96,0.409,0.727,0.591,0.297,0.423,0.377,0.157,0.187,0.072,0.122,0.316,0.24,0.25,0.174,0.385,0.269,0.402,0.161,0.71,0.484,55.681,71.87,73.973,10.959,38.356,19.178,13.699,10.959,35.616,0,0,41.096,46.575,13.699,0.125,0.333,0.07,0.454,0.886,3.522,1.032,0.689,0.875,0.867,0.059,0.079,345.205,271.233,19.178,95.89,19.178,2.74,19.178,30.137,279.453,126.028,41.096,27.398,54.795,0,0,46.575,0,2.74,1.945,2.914,1.129,341.471,567.103,390.768,423.742,434.051,4.473,7.02,1.426,2.138,59.512,8.901,9.972,studyone.TEXT.89,58.19499254843518,9.275230998509688,12.228315946348737,11.827085581835496,studyone,candidate
8.118617005,0.941522977,23.03941775,14,27,361,1.929,1.328,13.37,7.197,1.618,0.871,4.704,2.516,-1.116,13.35,1.096,86.21,-0.146,44.43,0.672,74.86,0.057,51.99,-1.12,13.14,-4.469,0,0.11,54.38,0.5,0.538,0.577,0.372,0.414,0.4,0.193,0.236,0.14,0.194,0.333,0.296,0.252,0.186,0.459,0.302,0.424,0.182,0.61,0.463,51.111,62.669,99.723,22.161,52.632,36.011,13.85,16.62,60.942,0,0,41.551,55.402,19.391,0.313,0.5,0.13,0.297,0.827,3.481,1.212,0.599,0.821,0.8,0.073,0.078,326.87,199.446,33.241,121.884,22.161,5.54,8.31,16.62,285.319,102.493,141.274,41.551,30.471,0,0,11.08,0,2.77,2.086,2.961,1.078,350,537.559,420.802,420.154,400.91,3.438,6.038,1.251,1.808,56.382,8.717,15.837,studyone.TEXT.90,54.00748934583424,9.175692520775623,10.761602386533134,10.80991298281133,studyone,candidate
8.236219817,1.217311568,19.89666417,10,22,353,2.2,1.476,16.045,13.29,1.586,0.898,4.822,2.953,-0.601,27.43,0.522,69.85,0.244,59.48,1.409,91.92,0.561,71.23,-0.986,16.35,-1.172,12.1,-2.848,0.23,0.762,0.857,0.81,0.582,0.648,0.642,0.189,0.17,0.114,0.126,0.483,0.217,0.357,0.203,0.681,0.105,0.438,0.171,0.626,0.469,59.743,73.296,79.32,31.161,42.493,16.997,14.164,22.663,28.329,0,0,39.66,53.824,25.496,0.333,0.8,0.1,0.561,0.571,5.455,1.023,0.606,0.865,0.847,0.08,0.091,342.776,226.629,19.83,121.813,22.663,5.666,16.997,19.83,260.623,118.98,76.487,48.159,31.161,0,0,25.496,0,0,2.021,2.91,0.532,330.135,568.054,386.723,408.393,413.987,4.77,6.907,1.394,1.934,56.374,9.382,14.616,studyone.TEXT.91,56.426385408990456,9.212608695652175,12.710194055514618,12.200932325342574,studyone,candidate
8.274436184,1.12029711,20.0229765,10,17,320,1.7,0.675,18.824,8.271,1.656,0.944,4.809,2.709,-0.741,22.96,-0.383,35.2,-0.645,26.11,0.999,83.89,-0.322,37.45,-0.414,34.09,-1.302,9.68,0.339,62.93,0.563,0.563,0.688,0.487,0.583,0.539,0.22,0.226,0.147,0.161,0.33,0.228,0.28,0.154,0.417,0.248,0.386,0.174,0.613,0.466,67.945,78.33,68.75,28.125,28.125,6.25,0,15.625,37.5,0,0,21.875,40.625,9.375,0.75,0.75,0.114,0.363,0.875,4.882,1.297,0.58,0.823,0.792,0.089,0.057,318.75,215.625,28.125,115.625,28.125,3.125,9.375,15.625,309.375,109.375,78.125,53.125,25,0,0,3.125,0,3.125,2.186,3.008,0.625,364.4,560.394,380.17,396.202,419.75,3.849,5.999,1.459,2.055,47.631,11.292,20.454,studyone.TEXT.92,46.69517045454549,11.870113636363635,15.037878787878787,13.81666964889586,studyone,candidate
5.938277008,1.048723138,13.31873568,18,25,298,1.389,0.608,11.92,6.861,1.517,0.788,4.728,2.385,-0.087,46.81,1.151,87.49,0.211,58.32,0.417,65.91,0.484,68.44,-0.875,19.22,-2.636,0.43,-0.257,40.13,0.417,0.458,0.417,0.421,0.513,0.446,0.152,0.2,0.136,0.167,0.26,0.252,0.281,0.226,0.313,0.256,0.358,0.185,0.636,0.477,69.355,84.482,93.96,13.423,57.047,26.846,13.423,23.49,43.624,0,0,40.268,43.624,36.913,0.077,0.333,0.082,0.429,0.854,3.08,0.779,0.658,0.899,0.875,0.088,0.084,348.993,231.544,13.423,97.315,16.779,3.356,23.49,20.134,281.879,130.873,87.249,16.779,90.604,6.711,0,63.758,0,0,2.315,2.947,1.138,350.346,571.337,385.29,410.01,432.296,4.643,5.504,1.617,1.71,66.398,6.959,19.695,studyone.TEXT.93,62.45400000000003,8.274666666666665,11.733333333333334,11.505630337794996,studyone,candidate
7.82744522,0.662262029,19.73956227,19,20,213,1.053,0.229,10.65,9.32,1.657,0.952,5.033,2.682,-0.955,17.11,1.42,92.07,0.273,60.64,-2.01,2.22,1.181,88.1,-1.516,6.55,-6.43,0,0.985,83.65,0.211,0.263,0.316,0.09,0.11,0.131,0.071,0.116,0.035,0.103,0.191,0.179,0.01,0,0.199,0.18,0.304,0.13,0.769,0.582,68.217,83.941,107.981,14.085,84.507,56.338,14.085,14.085,79.812,0,0,28.169,37.559,0,0.286,2,0.031,0.184,0.921,2.2,1.291,0.882,1,1,0.11,0.101,352.113,159.624,18.779,107.981,9.39,4.695,28.169,14.085,314.554,126.762,107.981,32.864,37.559,0,4.695,28.169,0,0,2.02,2.861,1.068,366.484,561.95,404.494,421.863,415.944,3.418,7.402,1.617,2.54,55.843,8.116,10.28,studyone.TEXT.94,36.824709507042286,14.737411971830984,18.72511737089202,16.373557378465907,studyone,implemented
10.598104,1.095656762,26.92503608,11,22,310,2,1.183,14.091,5.737,1.497,0.927,4.494,2.563,-0.786,21.77,0.95,82.64,0.997,83.89,0.127,54.78,-0.801,21.19,-0.602,27.43,-1.905,2.87,0.17,56.75,0.238,0.429,0.286,0.194,0.345,0.315,0.137,0.216,0.076,0.126,0.167,0.279,0.169,0.164,0.28,0.382,0.37,0.2,0.718,0.436,48.286,56.861,70.968,9.677,22.581,3.226,12.903,12.903,45.161,0,0,45.161,45.161,19.355,0,0.429,0.087,0.296,0.881,2.591,1.237,0.581,0.833,0.813,0.085,0.083,300,290.323,9.677,96.774,38.71,0,19.355,19.355,254.839,158.065,54.839,9.677,64.516,3.226,0,51.613,0,0,1.847,2.931,1.197,320.486,563.618,422.074,441.357,434.964,4.288,6.6,1.768,2.151,65.886,7.57,8.352,studyone.TEXT.95,67.02423076923077,7.6017216117216115,10.814652014652015,10.813802987103664,studyone,implemented
7.70717406,1.1196896140000001,18.96964747,15,24,265,1.6,0.986,11.042,6.464,1.525,0.812,4.649,2.59,-0.587,28.1,1.136,87.08,0.14,55.57,-0.759,22.36,1.378,91.47,-1.428,7.78,-2.617,0.45,0.558,70.88,0.304,0.348,0.348,0.157,0.216,0.249,0.096,0.103,0.059,0.099,0.298,0.255,0.366,0.165,0.259,0.289,0.38,0.171,0.731,0.558,87.701,95.746,116.981,30.189,45.283,18.868,33.962,26.415,49.057,0,0,45.283,60.377,18.868,0.308,0.667,0.079,0.336,0.891,1.667,0.803,0.605,0.914,0.877,0.087,0.077,328.302,211.321,33.962,113.208,11.321,0,26.415,7.547,252.831,135.849,83.019,52.831,41.509,0,0,3.774,0,15.094,2.111,2.923,1.012,371.091,552.495,376.857,415.516,433.967,4.034,7.079,1.491,1.969,66.612,6.711,12.192,studyone.TEXT.96,66.46241509433966,6.622490566037737,8.617358490566039,9.281916038205594,studyone,candidate
6.382540432,1.076149822,17.04892156,19,29,305,1.526,0.964,10.517,7.628,1.63,0.905,4.967,2.711,-1.248,10.75,1.541,93.82,0.852,80.23,-1.069,14.23,0.301,61.79,-1.475,7.08,-3.861,0,0.156,55.96,0.214,0.214,0.214,0.234,0.26,0.285,0.054,0.083,0.058,0.105,0.266,0.218,0.311,0.187,0.273,0.237,0.377,0.153,0.7,0.529,80.206,96.94,95.082,26.23,39.344,22.951,6.557,13.115,59.016,0,0,36.066,39.344,16.393,0.083,1.167,0.07,0.31,0.857,2.862,0.955,0.702,0.933,0.908,0.085,0.091,373.77,206.557,13.115,144.262,29.508,9.836,22.951,6.557,337.705,121.312,95.083,13.115,29.508,0,0,0,3.279,6.557,1.928,2.802,1.088,332.167,567.817,417.544,444.419,439.569,3.912,7.174,1.363,2.427,58.262,7.746,5.815,studyone.TEXT.97,52.10491543472816,8.925097719869708,12.931545978451515,12.021695472120005,studyone,candidate
8.131651694,1.568615867,18.01392403,13,18,225,1.385,0.87,12.5,10.972,1.573,0.879,4.671,2.618,-0.767,22.36,0.897,81.33,-0.954,17.11,-0.476,31.92,1.61,94.63,-0.448,33,-1.969,2.44,0.977,83.4,0.176,0.294,0.235,0.136,0.248,0.16,0.073,0.111,0.074,0.123,0.319,0.27,0.466,0.343,0.285,0.258,0.438,0.213,0.726,0.553,53.226,77.445,102.222,40,57.778,13.333,8.889,31.111,40,0,0,31.111,40,4.444,0.25,3.5,0.139,0.284,0.882,1.278,0.862,0.648,0.89,0.847,0.066,0.078,404.444,155.556,35.556,128.889,22.222,8.889,8.889,0,293.333,97.778,80,57.778,31.111,0,0,4.444,0,0,2.257,3.028,0.775,338.941,579.329,379.829,415.632,411.564,3.538,7.129,1.102,2.088,61.072,7.846,12.939,studyone.TEXT.98,59.70438544739432,8.050914454277287,9.977974434611603,10.25414643259724,studyone,candidate
8.044264214,1.057220623,20.65246317,18,31,389,1.722,0.958,12.548,10.259,1.614,0.871,4.784,2.525,-1.042,14.92,0.925,82.12,1.135,87.08,-0.777,22.06,0.097,53.59,-1.438,7.64,-1.873,3.07,-0.065,47.61,0.333,0.367,0.433,0.176,0.196,0.235,0.078,0.115,0.048,0.109,0.325,0.248,0.397,0.232,0.338,0.253,0.393,0.164,0.728,0.542,88.179,107.672,77.121,25.707,25.707,10.283,10.283,12.853,35.99,0,0,35.99,41.131,15.424,0.133,1.286,0.081,0.275,0.85,3.323,0.927,0.672,0.891,0.861,0.088,0.089,365.039,213.368,23.136,123.393,20.566,5.141,20.566,12.853,336.761,107.97,71.98,41.131,25.707,0,0,2.571,2.571,12.853,1.998,2.803,0.751,309.408,576.4,423.128,451.016,455.708,3.993,6.932,1.531,2.417,57.554,8.349,8.811,studyone.TEXT.99,57.79816326530613,8.555703729767771,11.529345531315975,11.346256568361436,studyone,candidate
7.919538622,1.103296712,21.00121501,13,24,301,1.846,1.573,12.542,8.319,1.435,0.712,4.608,2.206,-0.55,29.12,1.142,87.29,1.19,88.1,-0.815,20.9,0.88,81.06,-1.785,3.75,-4.476,0,0.418,65.91,0.217,0.304,0.435,0.13,0.216,0.286,0.06,0.09,0.066,0.116,0.316,0.195,0.331,0.233,0.346,0.216,0.379,0.168,0.713,0.548,73.529,97.011,116.279,23.256,49.834,13.289,19.934,3.322,73.09,0,0,39.867,53.156,16.611,0.308,0.667,0.04,0.275,0.87,3.417,1.147,0.7,0.929,0.897,0.076,0.08,279.07,255.814,39.867,86.379,19.934,6.645,23.256,6.645,242.525,122.924,102.99,56.478,33.223,0,0,0,0,29.9,2.046,2.824,0.871,302.788,565.712,415.204,444.915,433.404,4.441,7.237,1.432,1.95,72.704,6.234,8.185,studyone.TEXT.100,71.95865211521155,6.644069906990701,8.413381338133815,8.841846274778883,studyone,candidate
8.136766953,0.951075684,19.25516763,16,28,391,1.75,1.065,13.964,7.175,1.468,0.936,4.532,2.597,0.401,65.54,0.76,77.34,0.272,60.64,0.073,52.79,2.739,99.68,-0.859,19.77,-1.369,8.53,-0.797,21.48,0.296,0.519,0.296,0.169,0.511,0.182,0.132,0.164,0.109,0.122,0.181,0.189,0.239,0.199,0.137,0.165,0.317,0.148,0.675,0.459,68.717,76.197,117.647,58.824,56.266,12.788,23.018,28.133,33.248,0,0,35.806,63.939,20.46,0.733,1.778,0.062,0.403,0.741,2.679,0.851,0.653,0.881,0.864,0.099,0.1,299.233,276.215,23.018,89.514,12.788,15.345,12.788,30.691,217.391,153.452,71.611,61.381,97.187,0,5.115,79.284,0,2.558,2.163,2.956,1.213,356.606,577.484,402.154,419.968,428.074,4.205,6.945,1.61,1.745,68.469,7.178,15.959,studyone.TEXT.101,63.31746547756043,8.888222094361335,11.536248561565015,11.115808304768276,studyone,candidate
9.755347536,1.509623138,21.93653131,11,23,339,2.091,1.514,14.739,10.392,1.596,0.948,4.664,2.611,-0.165,43.64,0.37,64.43,-1.067,14.46,-0.581,28.1,2.59,99.52,-0.275,39.36,-1.467,7.21,1.617,94.63,0.318,0.318,0.364,0.177,0.257,0.229,0.1,0.113,0.082,0.124,0.203,0.204,0.268,0.209,0.229,0.179,0.341,0.161,0.713,0.519,69.617,78.569,106.195,56.047,53.097,14.749,14.749,23.599,35.398,0,0,23.599,61.947,5.9,1.444,2.333,0.086,0.249,0.955,1.913,0.922,0.694,0.873,0.854,0.073,0.067,359.882,209.44,41.298,117.994,20.649,8.85,23.599,11.799,262.536,138.643,79.646,61.947,35.398,0,0,5.9,0,0,2.171,3.046,1.343,329.981,577.28,374.51,396.626,408.833,3.922,6.078,1.222,1.746,56.853,8.991,12.882,studyone.TEXT.102,55.89955263157896,9.710578947368422,12.92187134502924,12.340626583579944,studyone,candidate
8.07412763,1.224042301,18.97946347,17,27,359,1.588,0.939,13.296,8.562,1.429,0.744,4.32,2.327,0.191,57.53,0.734,76.73,-0.68,24.83,0.676,74.86,0.541,70.54,-0.739,22.96,-1.502,6.68,0.315,62.17,0.692,0.731,0.692,0.409,0.498,0.428,0.191,0.162,0.109,0.136,0.289,0.252,0.26,0.262,0.301,0.249,0.362,0.16,0.611,0.469,61.97,87.529,91.922,11.142,44.568,16.713,38.997,19.499,36.212,0,0,47.354,47.354,25.07,0,0.4,0.05,0.447,0.923,3.519,0.763,0.647,0.861,0.826,0.083,0.078,353.76,220.056,19.499,116.992,13.928,13.928,13.928,13.928,250.696,136.49,91.922,41.783,69.638,5.571,2.786,44.568,0,0,2.25,2.977,1.344,372.686,573.087,350.448,382.063,415.198,4.245,6.178,1.357,1.668,72.446,6.458,19.996,studyone.TEXT.103,69.04245979749852,7.571733174508637,11.06015485407981,10.940254816364696,studyone,candidate
12.17488345,0.786607815,28.94831267,9,19,343,2.111,1.965,18.053,13.237,1.586,0.972,4.726,2.597,-0.92,17.88,0.264,60.26,1.066,85.54,0.199,57.53,0.267,60.26,-1.26,10.38,-3.898,0,0.6,72.24,0.5,0.556,0.556,0.319,0.341,0.333,0.096,0.114,0.081,0.152,0.299,0.258,0.332,0.269,0.249,0.19,0.421,0.203,0.656,0.459,48.384,58.328,90.379,23.324,55.394,34.985,8.746,2.915,55.394,0,0,26.239,46.647,5.831,0.7,0.333,0.055,0.194,0.889,3.158,1.353,0.615,0.857,0.823,0.09,0.065,370.262,166.181,26.239,128.28,8.746,0,20.408,8.746,323.616,96.21,87.463,37.9,20.408,2.915,0,5.831,0,0,1.979,2.966,0.976,320.564,561.67,435.03,439.453,430.247,3.568,7.038,1.357,2.357,54.336,10.165,9.448,studyone.TEXT.104,46.87930232558142,12.824833887043187,16.80531561461794,14.95560836045872,studyone,candidate
7.811759766,1.120413347,21.1944526,14,18,249,1.286,0.611,13.833,7.345,1.763,1.127,5.177,3.175,-0.417,34.09,0.75,77.34,-0.74,22.96,0.254,59.87,-0.344,36.69,-1.161,12.3,-0.879,19.22,-0.046,48.4,0.647,0.765,0.824,0.448,0.496,0.584,0.143,0.141,0.097,0.11,0.283,0.118,0.242,0.184,0.323,0.102,0.322,0.105,0.736,0.577,75.246,81.575,52.209,20.08,32.129,16.064,8.032,12.048,24.096,0,0,40.161,52.209,40.161,0.273,0.182,0.046,0.457,0.882,3.333,0.935,0.694,0.868,0.84,0.108,0.1,337.349,220.884,32.129,128.514,32.129,12.048,12.048,8.032,293.173,116.466,88.353,76.305,20.08,4.016,4.016,4.016,8.032,0,2.101,2.904,1.183,388.16,569.432,372.776,403.259,423.193,4.305,6.19,1.653,2.005,43.645,10.608,15.706,studyone.TEXT.105,41.20532756024096,11.378170180722892,13.775200803212853,12.920253819902944,studyone,implemented
6.090949533,0.811143813,17.7893426,9,22,338,2.444,1.424,15.364,6.581,1.583,0.872,4.953,2.57,-0.023,49.2,-0.27,39.36,0.597,72.24,0.958,82.89,0.381,64.8,-0.804,21.19,-2.276,1.16,0.505,69.15,0.571,0.762,0.667,0.4,0.6,0.558,0.202,0.189,0.145,0.167,0.363,0.252,0.35,0.18,0.488,0.306,0.418,0.158,0.675,0.538,77.245,92.931,79.882,26.627,38.462,17.751,5.917,17.751,41.42,0,0,26.627,44.379,5.917,0.6,1.667,0.071,0.319,0.905,3.227,0.975,0.632,0.864,0.845,0.056,0.059,313.609,230.769,26.627,100.592,5.917,5.917,20.71,20.71,286.982,139.053,127.219,47.338,56.213,5.917,0,32.544,0,0,2.306,2.914,1.17,287.244,575.257,410.07,421.264,433.375,4.434,7.064,1.631,2.162,57.319,9.081,20.165,studyone.TEXT.106,55.4048157894737,9.77958479532164,11.635321637426902,11.30850789421826,studyone,candidate
11.36336899,1.417830826,27.18581606,18,25,355,1.389,0.698,14.2,9.514,1.411,0.795,4.358,2.493,-0.202,42.07,0.698,75.49,-0.549,29.12,0.586,71.9,0.115,54.38,0.028,50.8,-1.43,7.64,-1.147,12.71,0.542,0.667,0.583,0.282,0.354,0.318,0.165,0.161,0.079,0.124,0.252,0.234,0.285,0.205,0.263,0.236,0.381,0.159,0.659,0.455,47.872,59.915,73.239,30.986,33.803,11.268,5.634,19.718,33.803,0,0,33.803,47.887,11.268,0.385,1.2,0.142,0.371,0.729,2.64,0.804,0.687,0.846,0.828,0.054,0.072,377.465,247.887,16.901,107.042,30.986,14.085,19.718,14.085,253.522,129.578,45.071,42.254,45.07,0,5.634,22.535,0,5.634,2.212,3.083,1.344,369.946,566.709,378.619,410.929,430.731,4.295,6.592,1.542,1.852,73.051,6.598,16.017,studyone.TEXT.107,70.50756729304216,7.467536820721179,10.419705434230574,10.33465798735191,studyone,candidate
10.41751942,1.224054143,24.17034552,8,21,318,2.625,2.722,15.143,9.254,1.481,0.854,4.406,2.174,-0.044,48.4,0.266,60.26,-0.507,30.85,-0.279,38.97,0.074,52.79,-1.012,15.62,-1.979,2.39,0.635,73.57,0.4,0.5,0.65,0.161,0.252,0.323,0.121,0.132,0.067,0.099,0.312,0.241,0.199,0.198,0.449,0.245,0.364,0.161,0.714,0.519,67.472,77.763,81.761,28.302,31.447,18.868,12.579,12.579,37.736,0,0,31.447,53.459,18.868,0.636,0.571,0.054,0.233,0.9,3.619,0.938,0.694,0.902,0.871,0.068,0.067,323.899,232.704,44.025,103.774,15.723,6.289,3.145,18.868,229.56,119.497,91.195,53.459,50.314,0,3.145,25.157,0,12.579,2.172,3.013,0.947,315.192,573.585,384.256,406.511,408.933,3.991,6.891,1.565,1.768,66.172,7.792,13.688,studyone.TEXT.108,63.47680555555557,8.822083333333335,12.361111111111112,11.855464076750408,studyone,candidate
9.680430097,1.078126288,22.5489171,11,22,315,2,1.673,14.318,8.471,1.562,0.93,4.781,2.771,-0.275,39.36,0.59,71.9,0.416,65.91,-0.279,38.97,0.119,54.38,-1.149,12.51,-3.127,0.09,-0.373,35.57,0.238,0.524,0.381,0.164,0.37,0.2,0.1,0.102,0.077,0.118,0.226,0.196,0.247,0.164,0.233,0.245,0.327,0.169,0.765,0.513,76.47,78.009,88.889,15.873,47.619,15.873,9.524,9.524,57.143,0,0,34.921,41.27,6.349,0.167,1,0.055,0.225,0.81,2,0.904,0.591,0.887,0.869,0.08,0.077,355.556,250.794,9.524,85.714,19.048,3.175,31.746,22.222,234.921,142.857,85.714,25.397,82.54,0,0,57.143,0,6.349,2.098,2.979,1.062,368.741,569.115,404.605,421.368,426.73,4.363,7.583,1.523,2.046,60.157,8.426,11.681,studyone.TEXT.109,53.73115506329117,10.671360759493671,13.21645569620253,12.38480682065935,studyone,candidate
11.46741881,0.996367215,27.27277971,9,23,277,2.556,2.351,12.043,7.292,1.505,0.764,4.588,2.304,-0.691,24.51,0.844,79.95,-0.2,42.07,-0.838,20.33,0.746,77.04,-0.296,38.59,-1.085,14.01,0.643,73.89,0.364,0.364,0.409,0.177,0.194,0.223,0.078,0.114,0.043,0.085,0.271,0.24,0.217,0.145,0.456,0.331,0.338,0.162,0.771,0.529,57.81,69.956,83.033,28.881,39.711,7.22,18.051,28.881,32.491,0,0,36.101,43.321,10.83,0.182,1.5,0.054,0.305,0.909,3.522,0.922,0.694,0.906,0.877,0.103,0.089,371.841,212.996,32.491,119.134,25.271,3.61,14.44,21.661,270.759,133.574,104.693,43.321,25.271,0,0,14.44,0,0,2.082,2.988,1.287,326.825,577.667,388.975,416.296,422.016,4.277,7.467,1.486,2.115,67.288,6.866,11.584,studyone.TEXT.110,63.39794117647059,8.537567793074679,10.323237380058409,10.194018383442646,studyone,candidate
8.254452418,1.108726167,19.20249172,11,19,291,1.727,1.272,15.316,9.726,1.557,0.996,4.701,2.697,-0.212,41.68,0.714,76.11,0.821,79.39,-0.479,31.56,0.465,67.72,-1.294,9.85,-2.995,0.14,-0.284,38.97,0.333,0.444,0.333,0.133,0.356,0.156,0.115,0.175,0.068,0.11,0.242,0.262,0.149,0.144,0.325,0.293,0.335,0.168,0.739,0.503,74.492,88.066,103.093,13.746,48.11,13.746,24.055,10.309,58.419,0,0,41.237,48.11,20.619,0.154,0.429,0.025,0.327,0.833,2.895,0.945,0.624,0.907,0.874,0.073,0.078,319.588,247.423,20.619,120.275,20.619,3.436,17.182,17.182,230.241,134.021,75.601,27.491,96.22,10.309,6.873,72.165,0,0,1.972,2.921,1.043,347.531,568.256,400.138,424.543,429.413,4.239,7.022,1.555,1.845,59.567,8.756,9.244,studyone.TEXT.111,58.2607074721781,9.458696343402227,13.18092209856916,12.526319926815653,studyone,candidate
5.835072198,1.031045418,14.14603853,11,21,283,1.909,1.514,13.476,8.959,1.576,1.03,4.76,2.868,0.121,54.78,0.657,74.22,-0.187,42.86,-0.6,27.43,1.211,88.69,-0.277,39.36,-2.703,0.35,-0.609,27.43,0.35,0.5,0.4,0.245,0.368,0.29,0.113,0.137,0.068,0.105,0.262,0.19,0.183,0.206,0.319,0.188,0.31,0.161,0.683,0.537,91.208,117.223,102.474,28.269,56.537,28.269,17.668,28.269,45.936,0,0,14.134,21.201,35.336,0.4,0.545,0.077,0.569,0.8,1.619,0.734,0.709,0.929,0.904,0.065,0.069,332.155,236.749,31.802,95.406,14.134,0,31.802,17.668,233.215,120.141,74.205,45.936,95.406,14.134,7.067,45.936,0,14.134,2.257,2.999,1.293,394.81,579.701,373.625,402.182,424.431,4.87,7.036,1.598,1.82,59.827,8.262,14.977,studyone.TEXT.112,53.3262719298246,9.754824561403511,12.508771929824562,12.060818386365153,studyone,candidate
9.064547197,1.178317831,19.8139299,19,26,379,1.368,0.684,14.577,10.734,1.441,0.765,4.309,2.279,-0.064,47.61,0.409,65.54,0.132,55.17,-0.366,35.94,0.363,64.06,-0.293,38.59,-1.722,4.27,0.857,80.23,0.2,0.4,0.28,0.127,0.371,0.166,0.084,0.108,0.091,0.144,0.145,0.152,0.151,0.127,0.204,0.209,0.293,0.153,0.782,0.47,62.909,73.701,89.71,23.747,34.301,18.47,23.747,5.277,34.301,0,0,31.662,42.216,23.747,0.308,0.6,0.089,0.258,0.94,1.615,0.906,0.622,0.835,0.83,0.057,0.08,313.984,269.129,10.554,124.011,29.024,2.639,5.277,26.385,211.083,121.372,60.686,21.108,89.71,13.193,5.277,60.686,0,2.639,2.086,2.981,1.273,329.442,571.821,391.824,419.679,421.827,4.076,7.251,1.542,1.881,70.131,7.099,9.171,studyone.TEXT.113,68.0087736606631,7.867128599288748,11.024022025926351,10.848893137575418,studyone,candidate
7.334138949,0.938832992,19.59621318,17,28,364,1.647,1.115,13,10.572,1.58,0.838,4.865,2.511,-0.719,23.89,1.368,91.31,0.042,51.6,-0.818,20.9,0.69,75.49,-2.625,0.44,-3.332,0.04,0.408,65.54,0.296,0.333,0.296,0.133,0.236,0.138,0.111,0.168,0.049,0.105,0.356,0.26,0.284,0.205,0.358,0.281,0.394,0.167,0.721,0.514,82.888,107.049,101.648,21.978,60.44,19.231,10.989,10.989,60.44,0,0,27.473,35.714,24.725,0.273,0.5,0.046,0.148,0.87,1.75,0.883,0.682,0.882,0.861,0.148,0.081,359.89,250,16.484,85.165,19.231,2.747,19.231,21.978,285.715,129.121,104.395,24.726,63.187,5.495,2.747,38.462,0,8.242,1.953,2.775,1.217,370.958,551.286,401.383,423.176,420.09,3.5,7.112,1.67,2.173,59.972,8.124,13.214,studyone.TEXT.114,54.278959809264336,10.247153950953678,12.898583106267033,12.251624239485473,studyone,candidate
6.340573184,1.048933634,16.77548856,12,19,319,1.583,0.793,16.789,8.476,1.564,0.859,4.577,2.577,-0.051,48.01,-0.211,41.68,0.331,62.93,2.222,98.68,-0.661,25.46,-0.837,20.33,-1.294,9.85,-1.263,10.38,0.778,0.778,0.778,0.837,0.852,0.844,0.228,0.12,0.235,0.137,0.472,0.224,0.371,0.166,0.621,0.132,0.46,0.143,0.545,0.433,63.329,69.033,65.831,15.674,31.348,12.539,12.539,28.213,34.483,0,0,15.674,18.809,18.809,0.167,0.571,0.102,0.45,0.75,2.579,1.063,0.623,0.847,0.829,0.048,0.059,344.828,206.897,21.944,109.718,6.27,6.27,18.809,15.674,344.827,100.313,72.101,43.887,50.157,3.135,9.404,25.078,0,0,2.209,2.865,1.185,326.469,578.523,397.913,421.514,414.398,4.16,6.558,1.415,2.32,57.48,9.413,18.869,studyone.TEXT.115,56.51026732845702,9.77997387669802,13.985440613026825,13.115064733898606,studyone,implemented
5.583822197,0.884153144,16.51774612,15,25,341,1.667,0.816,13.64,8.859,1.677,0.959,5.196,2.555,-0.883,18.94,0.871,80.78,0.434,66.64,-1.342,9.01,2.855,99.78,-0.92,17.88,-4.25,0,0.145,55.57,0.333,0.417,0.375,0.251,0.277,0.292,0.088,0.143,0.057,0.108,0.159,0.17,0.239,0.163,0.108,0.152,0.262,0.141,0.722,0.569,119.389,147.05,137.83,43.988,79.179,20.528,20.528,14.663,70.381,0,0,29.326,55.718,17.595,0.818,1,0.073,0.342,0.854,2.12,0.989,0.625,0.845,0.836,0.111,0.07,348.974,217.009,35.191,87.977,8.798,5.865,20.528,11.73,299.121,117.302,129.032,52.786,38.123,2.933,0,17.595,0,5.865,2.115,2.797,1.31,376.377,565.628,392.546,415.686,422.265,4.201,6.4,1.358,2.111,51.116,9.518,13.325,study.two.TEXT.46.General,47.4512805474096,10.67482195224131,13.416059209607596,12.704596331783538,studytwo,implemented
6.102115748,0.760563906,17.6161275,36,44,303,1.222,0.898,6.886,5.947,1.855,1.032,5.535,2.911,-1.097,13.79,1.754,95.99,0.082,53.19,-2.133,1.66,2.668,99.61,-2.487,0.66,-5.349,0,1.206,88.49,0.279,0.349,0.349,0.109,0.153,0.156,0.08,0.147,0.029,0.086,0.229,0.22,0.163,0.153,0.231,0.22,0.329,0.172,0.752,0.625,153.568,129.716,132.013,39.604,75.908,46.205,23.102,16.502,69.307,0,0,26.403,52.805,13.201,0.889,0.8,0.043,0.132,0.953,1.477,0.895,0.677,0.956,0.914,0.181,0.114,376.238,178.218,36.304,108.911,3.3,0,39.604,6.601,333.334,138.613,135.313,62.706,16.502,0,0,0,0,3.3,1.995,2.639,1.441,354.175,557.167,383.084,409.73,423.549,3.824,6.876,1.666,2.424,42.913,8.985,14.532,study.two.TEXT.89.General,28.416760450160808,14.814407441433165,17.888929719797886,15.903189008614271,studytwo,candidate
8.795700201,1.011268725,21.58440905,15,26,346,1.733,1.223,13.308,7.929,1.618,1.046,4.775,2.754,-0.22,41.29,1.422,92.22,0.127,54.78,-0.348,36.69,2.443,99.27,-1.897,2.94,-3.111,0.09,-0.553,29.12,0.4,0.44,0.44,0.195,0.293,0.234,0.111,0.175,0.072,0.137,0.258,0.256,0.229,0.177,0.339,0.287,0.389,0.197,0.75,0.504,70.908,83.211,121.387,37.572,83.815,28.902,26.012,49.133,52.023,0,0,37.572,49.133,23.121,0.286,1,0.027,0.279,0.78,2.385,0.872,0.646,0.874,0.857,0.111,0.084,338.15,234.104,17.341,112.717,17.341,11.561,20.231,14.451,251.445,144.508,78.034,37.572,54.913,5.78,0,46.243,0,0,2.151,2.982,1.075,367.692,567.042,387.75,417.008,423.409,3.609,6.638,1.644,1.945,56.445,8.693,15.322,study.two.TEXT.109.General,55.09657421289356,9.33328335832084,12.83378310844578,12.278803558989836,studytwo,candidate
6.078816238,0.846450493,15.45936384,32,39,331,1.219,0.491,8.487,8.094,1.795,1.211,5.287,3.177,-0.535,29.81,1.546,93.82,-0.566,28.77,-2.113,1.74,2.236,98.71,-1.726,4.27,-5.088,0,1.545,93.82,0.105,0.184,0.184,0.072,0.104,0.116,0.035,0.08,0.026,0.087,0.197,0.191,0.196,0.118,0.213,0.192,0.346,0.183,0.768,0.567,110.137,119.62,141.994,36.254,66.465,33.233,24.169,24.169,72.508,0,0,36.254,54.381,9.063,0.462,1.75,0.055,0.116,0.974,1.462,0.728,0.736,0.955,0.955,0.14,0.104,335.347,250.755,36.254,102.719,12.085,12.085,15.106,18.127,262.84,126.888,120.845,54.38,63.444,0,0,51.36,0,3.021,2.177,2.883,1.078,319.889,574.292,372.828,389.912,421.667,3.607,6.633,1.351,1.929,46.364,8.901,13.717,study.two.TEXT.11.General,24.607664222873893,18.29844281524927,21.147331378299125,17.58133193835471,studytwo,candidate
8.477626936,0.947795424,21.21559191,23,32,340,1.391,0.941,10.625,7.581,1.524,0.904,4.782,2.896,0.023,50.8,1.483,93.06,-0.031,48.8,-0.262,39.74,2.213,98.64,-0.258,40.13,-1.092,13.79,-0.349,36.32,0.323,0.355,0.355,0.272,0.332,0.309,0.088,0.121,0.087,0.124,0.195,0.178,0.264,0.152,0.208,0.179,0.334,0.16,0.651,0.476,65.927,76.515,102.941,41.176,58.824,14.706,26.471,55.882,29.412,0,0,50,50,20.588,0,1.75,0.052,0.486,0.823,2.281,0.628,0.675,0.88,0.854,0.083,0.079,355.882,264.706,14.706,132.353,17.647,14.706,32.353,29.412,255.882,167.647,73.53,44.117,61.765,5.882,0,32.353,0,2.941,2.319,3.018,1.453,367.4,574.911,377.947,415.096,437.143,4.987,6.966,1.505,1.987,67.12,6.537,16.14,study.two.TEXT.97.General,59.6327484207969,8.492204810495629,11.430952380952382,11.291866151862983,studytwo,candidate
6.763472739,1.147471944,18.17860479,20,25,283,1.25,0.716,11.32,8.275,1.654,1,4.905,2.721,-0.58,28.1,1.331,90.82,-0.709,24.2,-1.412,7.93,2.192,98.57,-0.67,25.14,-3.104,0.1,1.353,91.15,0.25,0.25,0.292,0.221,0.267,0.282,0.037,0.07,0.06,0.108,0.155,0.171,0.117,0.147,0.17,0.182,0.335,0.163,0.706,0.537,83.168,101.376,109.541,35.336,67.138,21.201,24.735,24.735,53.004,0,0,31.802,38.869,10.601,0.2,2,0.081,0.365,0.979,1.72,0.824,0.706,0.959,0.939,0.11,0.074,318.021,275.618,28.269,98.94,24.735,10.601,14.134,17.668,254.417,116.608,70.672,60.071,49.47,0,0,42.403,0,0,2.023,2.816,1.233,361.818,572.378,353.558,394.013,419.286,4.748,7.716,1.439,2.245,55.417,8.342,8.558,study.two.TEXT.73.General,46.53584507042257,11.808048289738434,15.438229376257546,14.138980108339055,studytwo,candidate
4.813612344,0.826727413,13.44345188,19,27,260,1.421,0.769,9.63,7.278,1.573,0.966,4.888,2.572,-0.336,37.07,1.867,96.86,0.245,59.48,-1.799,3.59,2.184,98.54,-1.784,3.75,-4.444,0,0.891,81.33,0.038,0.192,0.154,0.079,0.158,0.126,0.062,0.085,0.041,0.088,0.159,0.134,0.201,0.086,0.186,0.15,0.298,0.138,0.778,0.582,97.528,134.352,123.077,30.769,76.923,38.462,15.385,7.692,53.846,0,0,46.154,69.231,19.231,0.462,0.833,0.026,0.271,0.923,2.222,0.711,0.668,0.954,0.93,0.156,0.107,388.462,238.462,11.538,92.308,7.692,23.077,19.231,7.692,296.154,134.616,115.384,53.846,50,0,0,42.308,0,3.846,2.113,2.809,1.362,328.086,565.564,400.18,424.464,421.312,4.778,7.281,1.515,2.333,63.985,6.727,14.686,study.two.TEXT.25.General,61.74097428686221,8.073390920048212,11.622659702691845,11.418023490513043,studytwo,implemented
7.009454875,0.995436545,19.4237129,20,30,350,1.5,0.688,11.667,6.626,1.546,0.916,4.743,2.553,-0.544,29.46,1.888,96.99,1.354,91.15,0.156,55.96,2.144,98.38,-2.318,1.04,-5.695,0,-0.31,37.83,0.345,0.414,0.414,0.339,0.441,0.416,0.105,0.138,0.1,0.144,0.342,0.183,0.334,0.14,0.402,0.208,0.444,0.17,0.676,0.467,65.509,76.743,137.143,34.286,71.429,42.857,22.857,8.571,74.286,0,0,48.571,71.429,14.286,0.444,1,0.057,0.296,0.793,3.367,1.107,0.66,0.894,0.851,0.126,0.104,302.857,260,25.714,71.429,20,5.714,40,17.143,282.857,162.857,74.285,37.143,62.857,0,0,51.429,0,5.714,2.023,2.837,1.22,347.023,558.504,428.188,441.816,426.519,4.312,6.981,1.501,2.21,64.201,7.203,13.102,study.two.TEXT.57.General,62.84710934844196,8.001219263456093,10.293892351274788,10.444984826868176,studytwo,candidate
7.216391085,0.959837294,19.26171894,23,25,333,1.087,0.288,13.32,8.129,1.474,0.834,4.622,2.286,-0.284,38.97,0.955,82.89,1.562,94.06,0.854,80.23,2.02,97.83,-1.578,5.82,-3.658,0,-0.214,41.68,0.5,0.625,0.625,0.421,0.615,0.59,0.11,0.148,0.106,0.148,0.336,0.253,0.483,0.126,0.339,0.268,0.412,0.182,0.623,0.458,64.963,73.68,108.108,36.036,69.069,27.027,12.012,9.009,54.054,0,0,30.03,54.054,15.015,0.727,1,0.077,0.316,0.833,3.04,0.796,0.621,0.897,0.862,0.053,0.071,348.348,288.288,21.021,72.072,21.021,9.009,15.015,21.021,312.312,123.123,60.06,30.03,45.045,0,0,42.042,0,3.003,2.115,2.849,1.043,326.152,576.214,432.092,447.375,444.465,4.986,6.112,1.215,2.109,68.615,6.998,10.922,study.two.TEXT.12.General,47.69568421052634,15.10297076023392,18.24140350877193,14.410869940926824,studytwo,candidate
11.0549248,0.797892679,28.14997835,15,32,379,2.133,1.407,11.844,8.098,1.649,1.067,5.055,2.987,-0.601,27.43,0.897,81.33,0.399,65.17,-0.528,30.15,2.02,97.78,-1.49,6.81,-2.186,1.46,0.9,81.33,0.452,0.516,0.548,0.309,0.328,0.332,0.101,0.11,0.076,0.138,0.251,0.223,0.296,0.215,0.27,0.146,0.329,0.16,0.714,0.522,71.977,79.139,113.456,44.855,55.409,7.916,18.47,21.108,50.132,0,0,39.578,71.24,13.193,0.75,1.167,0.042,0.313,0.919,2.094,0.949,0.731,0.909,0.863,0.047,0.066,361.478,234.829,26.385,94.987,15.831,0,39.578,13.193,277.045,145.119,105.541,39.578,13.193,0,0,0,0,2.639,2.001,2.876,1.099,329.22,564.105,404.974,432.905,420.256,3.917,6.145,1.583,1.871,55.308,8.487,7.555,study.two.TEXT.17.General,51.00517819584019,10.5377856975929,13.345220845992054,12.641684177145171,studytwo,candidate
6.388544588,1.07362732,15.50600429,19,28,354,1.474,0.612,12.643,10.862,1.579,0.982,4.805,2.722,-0.038,48.8,1.054,85.31,0.331,62.93,-0.499,31.21,1.931,97.32,-0.311,37.83,-3.476,0.03,1.556,93.94,0.259,0.481,0.37,0.222,0.347,0.253,0.099,0.117,0.061,0.092,0.194,0.238,0.309,0.209,0.207,0.261,0.328,0.167,0.69,0.522,74.233,107.445,124.294,42.373,48.023,14.124,16.949,8.475,62.147,0,0,39.548,62.147,22.599,0.533,1.111,0.062,0.452,1,1.857,0.781,0.66,0.878,0.845,0.145,0.082,344.633,234.463,50.847,81.921,19.774,2.825,16.949,19.774,276.836,149.718,67.797,73.447,70.621,0,14.124,16.949,0,5.65,2.322,2.958,1.543,335.364,569.407,391.216,412.548,427.291,5.263,6.514,1.542,1.943,60.419,7.973,20.58,study.two.TEXT.91.General,57.135194327731114,8.985479691876751,11.328151260504203,11.20814326018867,studytwo,candidate
7.99929987,1.297083675,18.22899827,16,26,397,1.625,0.957,15.269,8.75,1.7,1.346,4.884,3.486,-0.251,40.13,1.056,85.31,-0.81,20.9,0.338,62.93,1.866,96.86,-1.007,15.87,-2.761,0.29,-0.187,42.86,0.32,0.52,0.6,0.278,0.41,0.361,0.137,0.185,0.092,0.15,0.372,0.226,0.305,0.253,0.393,0.234,0.411,0.161,0.655,0.443,61.955,82.537,105.793,42.821,73.048,32.746,7.557,7.557,42.821,0,0,35.264,65.491,25.189,0.8,0.636,0.098,0.441,0.8,3.346,0.786,0.652,0.866,0.829,0.069,0.063,327.456,267.003,25.189,108.312,30.227,7.557,12.594,22.67,234.258,108.312,68.01,32.746,57.935,10.076,0,37.783,0,5.038,2.158,3.047,1.132,356.139,570.612,379.459,402.621,404.819,4.145,6.273,1.501,1.656,47.517,10.425,14.282,study.two.TEXT.1.General,45.46847359735975,11.09925742574258,14.951155115511552,13.75286269266214,studytwo,candidate
7.172544034,0.897256714,19.47459244,8,23,309,2.875,2.475,13.435,7.615,1.712,0.956,5.036,2.626,-1.12,13.14,1.597,94.41,0.822,79.39,0.365,64.06,1.801,96.41,-1.733,4.18,-2.418,0.8,-0.036,48.8,0.545,0.636,0.682,0.36,0.423,0.44,0.151,0.175,0.086,0.127,0.475,0.315,0.424,0.278,0.534,0.409,0.478,0.181,0.614,0.498,78.861,99.817,100.324,42.071,45.307,19.417,19.417,25.89,45.307,0,0,42.071,71.197,25.89,0.643,0.778,0.061,0.553,0.841,2.478,1.024,0.655,0.899,0.857,0.076,0.089,343.042,236.246,25.89,116.505,42.071,0,19.417,16.181,317.152,142.394,58.252,35.598,19.417,0,0,0,0,6.472,1.838,2.788,1.127,353.824,557.231,403.159,430.703,433.586,4.805,7.489,1.376,2.446,48.363,9.851,8.319,study.two.TEXT.13.General,45.89846072186836,10.572001819836212,13.75165301789506,12.865540314611906,studytwo,implemented
8.728194438,1.096124818,21.23179786,15,26,380,1.733,1.1,14.615,7.776,1.524,0.81,4.492,2.49,-0.194,42.47,0.563,71.23,0.663,74.54,0.986,83.65,1.732,95.82,-1.674,4.75,-1.916,2.81,0.105,53.98,0.4,0.68,0.52,0.298,0.541,0.41,0.173,0.169,0.105,0.15,0.39,0.211,0.313,0.134,0.493,0.256,0.427,0.185,0.67,0.437,55.574,63.521,105.263,39.474,55.263,15.789,18.421,21.053,42.105,0,0,31.579,50,13.158,0.538,1.667,0.06,0.255,0.84,1.731,0.98,0.585,0.834,0.816,0.076,0.051,321.053,276.316,18.421,97.368,28.947,0,13.158,21.053,255.264,136.842,47.368,21.053,78.947,0,0,55.263,5.263,7.895,2.072,2.998,0.928,375.826,561.153,416.61,433.676,422.261,4.066,7.707,1.557,2.233,63.07,8.093,14.67,study.two.TEXT.112.General,58.17842885117494,9.901998694516973,13.090809399477806,12.340626583579944,studytwo,candidate
7.374315222,0.969790361,17.64463437,10,23,296,2.3,1.567,12.87,9.01,1.409,0.754,4.439,2.213,0.177,56.75,1.133,87.08,0.401,65.54,-0.369,35.94,1.717,95.64,-1.324,9.34,-2.832,0.23,-0.116,45.62,0.273,0.5,0.409,0.143,0.36,0.2,0.099,0.108,0.073,0.107,0.225,0.166,0.279,0.171,0.229,0.153,0.342,0.129,0.772,0.502,64.882,78.631,121.622,27.027,70.946,20.27,23.649,47.297,50.676,0,0,37.162,40.541,30.405,0.083,0.8,0.049,0.259,0.841,2.261,0.9,0.702,0.892,0.862,0.083,0.102,290.541,297.297,20.27,77.703,13.514,10.135,13.514,30.405,199.325,145.271,87.838,33.783,87.838,0,0,77.703,0,3.378,2.152,2.941,1.258,345.833,573.542,379.23,411.365,435.803,4.505,7.774,1.537,1.791,74.571,6.056,13.016,study.two.TEXT.30.General,69.88143939393942,7.611329966329965,10.236363636363638,10.125756701596842,studytwo,candidate
9.108202284,0.877539689,24.58416646,16,36,427,2.25,2.082,11.861,7.538,1.616,0.921,4.948,2.559,-0.826,20.61,1.299,90.15,0.337,62.93,-0.421,33.72,1.713,95.64,-1.406,8.08,-2.259,1.19,0.011,50.4,0.286,0.371,0.429,0.289,0.318,0.357,0.092,0.103,0.076,0.124,0.301,0.189,0.309,0.133,0.315,0.276,0.381,0.184,0.655,0.471,70.183,83.769,107.728,37.471,46.838,11.71,23.419,16.393,46.838,0,0,46.838,74.941,11.71,0.571,1.333,0.047,0.25,0.843,3.361,0.982,0.65,0.907,0.88,0.124,0.09,339.578,220.141,32.787,105.386,18.735,0,9.368,23.419,313.816,124.122,81.967,51.522,23.419,0,0,7.026,0,4.684,2.083,2.9,0.956,372.661,569.186,404.526,426.808,423.649,4.538,7,1.554,2.324,58.082,8.105,13.628,study.two.TEXT.67.General,56.4794439324117,8.975502304147469,11.869615975422429,11.602472056035309,studytwo,candidate
6.523581622,0.963241014,16.27773845,15,32,359,2.133,1.356,11.219,7.668,1.44,0.77,4.479,2.304,-0.048,48.4,1.236,89.07,0.417,65.91,-0.416,34.09,1.701,95.54,-0.219,41.29,-2.099,1.83,-0.313,37.83,0.258,0.387,0.323,0.219,0.404,0.298,0.097,0.146,0.118,0.165,0.162,0.189,0.168,0.171,0.256,0.213,0.373,0.184,0.686,0.492,69.07,87.513,122.563,30.641,41.783,11.142,44.568,27.855,47.354,0,0,44.568,55.71,30.641,0.235,0.75,0.12,0.383,0.839,2.188,0.8,0.722,0.931,0.924,0.086,0.093,325.905,284.123,11.142,91.922,8.357,2.786,16.713,44.568,239.555,153.204,97.494,13.928,100.279,5.571,0,83.565,0,0,2.202,2.899,1.264,317.114,577.405,382.832,409.867,422.946,5.042,6.513,1.432,1.77,73.624,5.777,14.194,study.two.TEXT.80.General,68.27800000000002,8.406361702127661,11.243404255319149,10.686352973137792,studytwo,candidate
8.312920418,0.818408175,21.57906853,17,21,259,1.235,0.437,12.333,11.699,1.815,1.16,5.29,3.012,-1.759,3.92,1.318,90.49,-0.488,31.56,-1.762,3.92,1.664,95.15,-1.41,7.93,-4.509,0,1.207,88.49,0.15,0.25,0.3,0.052,0.135,0.181,0.062,0.159,0.037,0.091,0.272,0.173,0.325,0.134,0.299,0.22,0.351,0.173,0.763,0.578,83.066,105.464,119.691,42.471,65.637,30.888,7.722,7.722,69.498,0,0,30.888,57.915,11.583,0.778,1,0.071,0.226,0.925,2.571,1.254,0.632,0.97,0.953,0.11,0.082,347.49,185.328,11.583,108.108,15.444,0,27.027,11.583,293.436,100.386,166.023,15.444,0,0,0,0,0,0,1.895,2.761,1.269,376.382,559.284,382.041,411.734,405.12,3.957,7.34,1.541,2.392,40.768,10.637,7.033,study.two.TEXT.20.General,27.729848484848503,16.678787878787876,19.91515151515151,17.122413403193683,studytwo,candidate
4.87418212,1.23354185,11.81281416,14,23,251,1.643,0.745,10.913,7.917,1.438,0.737,4.685,2.398,0.191,57.53,1.521,93.57,-0.718,23.89,-0.64,26.11,1.61,94.63,-1.473,7.08,-3.756,0,-0.694,24.51,0.273,0.364,0.318,0.314,0.389,0.366,0.072,0.127,0.081,0.116,0.23,0.242,0.171,0.136,0.327,0.191,0.38,0.168,0.684,0.544,89.588,102.381,103.586,31.873,71.713,39.841,11.952,11.952,51.793,0,0,31.873,51.793,39.841,0.556,0.364,0.095,0.394,0.773,1.826,0.449,0.675,0.972,0.91,0.1,0.087,334.661,326.693,35.857,75.697,15.936,15.936,11.952,27.888,223.108,143.426,83.665,51.793,67.729,0,7.968,39.841,0,15.936,2.146,2.838,0.877,379.042,575.337,352.325,380.916,422.063,4.856,7.071,1.514,1.838,74.104,5.634,12.503,study.two.TEXT.98.General,71.07284561752991,6.4638625498007976,9.800876494023903,10.125756701596842,studytwo,candidate
7.226636086,0.630457312,18.07841407,23,32,332,1.391,0.783,10.375,5.394,1.452,0.709,4.575,2.453,-0.266,39.74,1.394,91.77,1.092,86.21,-0.914,18.14,1.608,94.52,-1.032,15.15,-4.773,0,0.357,63.68,0.323,0.355,0.355,0.23,0.317,0.309,0.061,0.088,0.054,0.1,0.123,0.118,0.134,0.147,0.162,0.131,0.274,0.131,0.713,0.539,79.059,98.709,114.458,33.133,69.277,33.133,12.048,24.096,63.253,0,0,51.205,69.277,24.096,0.333,0.778,0.036,0.309,0.887,1.75,0.86,0.619,0.899,0.878,0.09,0.093,355.422,198.795,36.145,120.482,6.024,9.036,27.108,12.048,277.108,105.421,81.325,72.289,33.133,0,0,12.048,0,18.072,2.188,2.903,1.127,329.59,577.016,417.856,439.897,428.818,4.257,7.661,1.485,2.127,73.465,5.59,12.25,study.two.TEXT.23.General,69.4290827114428,7.043003731343287,8.687810945273633,9.075114841892004,studytwo,candidate
9.167481054,1.065699906,22.42494112,8,19,266,2.375,1.408,14,8.737,1.538,0.907,4.545,2.639,-0.539,29.81,1.3,90.15,0.618,72.91,-0.348,36.69,1.593,94.41,-1.378,8.53,-5.567,0,0.686,75.17,0.444,0.556,0.5,0.274,0.296,0.281,0.08,0.085,0.052,0.079,0.223,0.147,0.228,0.166,0.327,0.125,0.307,0.139,0.752,0.523,59.206,71.781,131.579,26.316,71.429,41.353,18.797,18.797,67.669,0,0,48.872,63.91,11.278,0.286,1,0.063,0.265,0.889,1.947,1.016,0.569,0.85,0.818,0.167,0.114,304.511,248.12,48.872,82.707,22.556,7.519,11.278,7.519,229.324,142.857,82.707,86.466,22.556,0,0,11.278,0,0,2.017,2.89,0.765,343.079,568.116,409.477,425.116,409.743,4.091,6.771,1.604,1.804,62.51,8.018,14.183,study.two.TEXT.4.General,58.64646837682443,8.966488279522334,11.371605484298982,11.20814326018867,studytwo,candidate
4.991350647,0.82129878,12.93805326,16,31,319,1.938,1.289,10.29,6.801,1.655,1.067,4.997,2.657,-0.222,41.29,1.642,94.95,0.272,60.64,-0.706,24.2,1.598,94.41,-1.979,2.39,-3.439,0.03,-0.133,44.83,0.4,0.5,0.4,0.192,0.29,0.22,0.119,0.151,0.066,0.123,0.224,0.254,0.252,0.178,0.213,0.272,0.313,0.153,0.722,0.526,82.171,121.225,106.583,21.944,65.831,34.483,25.078,21.944,43.887,0,0,43.887,56.426,25.078,0.267,0.556,0.04,0.296,0.85,2,0.724,0.662,0.917,0.879,0.103,0.094,329.154,269.592,21.944,75.235,21.944,12.539,25.078,18.809,250.783,147.335,97.179,50.157,65.831,0,0,56.426,0,0,2.076,2.814,1.07,335.884,570.254,400.594,417.737,421.821,4.598,6.679,1.618,1.974,56.378,7.952,13.599,study.two.TEXT.106.General,52.65472222222226,9.268827160493828,11.94320987654321,11.618504940865996,studytwo,candidate
8.231109283,0.854513704,20.93216483,27,31,369,1.148,0.362,11.903,6.774,1.553,0.858,4.9,2.606,-0.187,42.86,1.008,84.13,-0.098,46.41,0.171,56.75,1.573,94.18,-1.076,14.23,0.225,58.71,0.338,62.93,0.3,0.467,0.467,0.251,0.447,0.424,0.129,0.207,0.079,0.135,0.273,0.237,0.241,0.164,0.294,0.238,0.376,0.16,0.631,0.458,58.128,78.858,86.721,43.36,37.94,5.42,24.39,29.81,16.26,0,0,56.911,78.591,13.55,0.364,1.667,0.046,0.363,0.883,1.935,0.938,0.517,0.876,0.863,0.141,0.099,298.103,273.713,8.13,94.851,5.42,16.26,32.52,32.52,246.613,157.181,70.461,37.94,65.041,2.71,5.42,46.07,0,2.71,2.147,2.862,1.23,381.475,572.531,398.455,411.369,434.2,4.072,7.326,1.716,2.042,63.37,7.378,18.024,study.two.TEXT.6.General,59.79506341463414,8.585912195121953,11.540856368563688,11.36813984697246,studytwo,candidate
9.579757594,1.041405768,23.52128519,19,24,345,1.263,0.653,14.375,9.408,1.588,0.859,4.838,2.625,-0.948,17.36,0.962,83.15,-0.206,42.07,-0.622,26.76,1.558,93.94,-0.318,37.83,-3.343,0.04,1.19,88.3,0.348,0.435,0.565,0.178,0.227,0.265,0.116,0.139,0.061,0.115,0.303,0.208,0.24,0.221,0.311,0.21,0.363,0.183,0.705,0.487,64.013,75.968,118.841,49.275,46.377,28.986,14.493,2.899,52.174,0,0,43.478,75.362,17.391,0.688,1,0.104,0.379,0.935,1.542,1.07,0.659,0.904,0.871,0.089,0.096,365.217,205.797,17.391,115.942,14.493,5.797,26.087,8.696,260.869,121.739,110.145,31.885,34.783,0,0,28.986,0,0,2.028,2.982,0.825,364.595,558.604,379.926,399.881,420.379,4.505,6.954,1.467,1.944,57.9,8.755,11.507,study.two.TEXT.74.General,53.044736842105294,10.371578947368423,13.176201372997712,12.488612386084178,studytwo,candidate
11.01104077,1.096851367,25.67048322,20,27,315,1.35,0.587,11.667,8.396,1.705,1.125,5.044,3.103,-0.346,36.69,0.548,70.54,-0.433,33.36,0.659,74.22,1.558,93.94,-0.722,23.58,-1.957,2.56,0.879,80.78,0.615,0.615,0.615,0.437,0.456,0.474,0.165,0.173,0.105,0.141,0.278,0.235,0.275,0.173,0.291,0.254,0.343,0.185,0.633,0.445,46.978,57.698,104.762,50.794,47.619,15.873,9.524,3.175,44.444,0,0,34.921,82.54,15.873,1.25,0.333,0.083,0.261,0.923,2.074,0.967,0.599,0.845,0.845,0.105,0.073,384.127,222.222,12.698,95.238,9.524,9.524,9.524,19.048,317.461,120.636,63.492,31.746,38.095,0,0,22.222,0,3.175,2.161,3.062,1.175,362.515,566.379,384.387,401.707,419.765,3.835,5.613,1.568,1.97,50.75,9.079,18.014,study.two.TEXT.93.General,45.87875755909843,11.551064687557268,14.032691955286788,13.120403394923596,studytwo,candidate
8.889992354,0.941691401,19.99506532,25,36,352,1.44,0.917,9.778,7.372,1.446,0.811,4.361,2.448,-0.558,29.12,1.511,93.45,0.404,65.54,-1.421,7.78,1.538,93.7,-1.207,11.51,-3.688,0,1.151,87.49,0.143,0.171,0.2,0.072,0.092,0.105,0.078,0.156,0.03,0.091,0.202,0.244,0.12,0.181,0.295,0.222,0.325,0.183,0.759,0.524,82.839,89.964,105.114,25.568,73.864,28.409,17.045,11.364,56.818,0,0,42.614,53.977,17.045,0.25,0.857,0.021,0.2,0.957,1.833,0.978,0.686,0.904,0.898,0.102,0.084,357.955,221.591,19.886,93.75,17.045,8.523,8.523,28.409,292.613,125,82.387,25.568,42.614,5.682,0,22.727,0,5.682,2.094,2.987,0.951,332.278,571.409,403.865,416.318,425.303,4.092,6.996,1.592,2.209,74.579,5.286,11.792,study.two.TEXT.85.General,66.05907051751944,8.739393050872305,12.126139862190294,11.520995432342351,studytwo,candidate
8.327280656,0.849606098,21.88493359,24,29,312,1.208,0.588,10.759,9.515,1.718,1.003,5.003,2.705,-1.176,12.1,1.158,87.49,-0.332,37.07,-1.571,5.82,1.519,93.45,-1.546,6.18,-2.771,0.28,1.004,84.13,0.179,0.214,0.286,0.102,0.119,0.128,0.097,0.187,0.032,0.09,0.211,0.217,0.242,0.156,0.221,0.247,0.307,0.169,0.765,0.581,88.61,111.107,99.359,38.462,57.692,25.641,9.615,6.41,48.077,0,0,32.051,64.103,12.821,0.909,0.8,0.038,0.177,0.929,2.172,0.977,0.685,0.877,0.869,0.138,0.076,416.667,169.872,9.615,102.564,9.615,3.205,19.231,6.41,339.743,108.974,108.975,19.231,22.436,0,0,12.821,0,3.205,1.958,2.795,1.123,383.691,558.991,381.385,410.414,420.431,4.015,6.888,1.799,2.394,50.572,8.878,11.963,study.two.TEXT.31.General,46.94576923076926,9.940897435897435,14.046153846153846,12.815532586354998,studytwo,candidate
7.961344291,1.03261572,18.32013651,16,22,267,1.375,0.719,12.136,9.399,1.648,0.971,4.993,2.839,-0.855,19.77,0.464,67.72,0.668,74.54,-1.522,6.43,1.46,92.79,-0.043,48.4,-2.003,2.28,-0.108,46.02,0.19,0.381,0.286,0.097,0.261,0.164,0.093,0.162,0.059,0.121,0.085,0.134,0.214,0.215,0.07,0.131,0.238,0.13,0.812,0.593,90.054,99.822,112.36,29.963,33.708,11.236,33.708,11.236,44.944,0,0,29.963,44.944,7.491,0.444,2.333,0.103,0.421,0.833,2.182,0.974,0.748,0.935,0.888,0.097,0.072,389.513,191.011,14.981,134.831,11.236,3.745,29.963,7.491,295.881,146.067,97.378,11.236,56.18,0,0,11.236,0,3.745,1.994,2.929,1.301,361.053,552.867,403.282,422.578,436.922,4.5,6.356,1.757,2.075,55.096,8.589,10.045,study.two.TEXT.14.General,46.80907636159466,11.966496350364968,15.438068500842224,14.10635816964678,studytwo,candidate
8.034201288,1.067452622,19.35516787,13,20,292,1.538,0.877,14.6,9.621,1.503,0.932,4.692,2.507,0.162,56.36,0.275,60.64,1.387,91.62,0.147,55.57,1.448,92.51,-0.648,26.11,-2.337,0.99,-0.09,46.41,0.421,0.526,0.474,0.186,0.448,0.207,0.122,0.158,0.09,0.134,0.222,0.233,0.321,0.263,0.18,0.205,0.314,0.169,0.699,0.493,61.571,81.381,102.74,30.822,58.219,17.123,23.973,20.548,47.945,0,0,27.397,41.096,23.973,0.444,0.75,0.065,0.38,0.842,3.05,0.915,0.601,0.872,0.834,0.108,0.067,349.315,246.575,23.973,92.466,6.849,6.849,20.548,20.548,267.123,140.411,34.247,37.671,106.164,6.849,0,85.616,0,3.425,2.116,2.975,1.245,307.241,567.158,423.644,440.634,429.474,4.552,6.013,1.704,1.757,64.862,7.839,14.958,study.two.TEXT.65.General,61.51820528211286,8.975114045618252,11.815606242496996,11.442366930564871,studytwo,candidate
7.82468153,1.052567452,20.08164833,24,37,353,1.542,1.179,9.541,7.046,1.55,0.865,4.649,2.41,-0.746,22.96,1.481,93.06,-0.23,40.9,-0.945,17.36,1.401,91.92,0.15,55.57,-4.102,0,-0.758,22.66,0.278,0.333,0.306,0.21,0.248,0.235,0.068,0.098,0.055,0.1,0.149,0.17,0.237,0.164,0.145,0.205,0.293,0.131,0.662,0.501,69.428,83.788,104.816,33.994,67.989,28.329,11.331,22.663,62.323,0,0,42.493,56.657,11.331,0.313,1.6,0.135,0.412,0.75,2.243,0.859,0.685,0.914,0.905,0.156,0.104,368.272,203.966,42.493,110.482,2.833,8.499,5.666,8.499,288.953,104.816,96.318,48.159,45.326,0,5.666,31.161,0,2.833,2.234,2.979,1.238,354.105,566.827,394.214,413.683,408.98,4.645,7.275,1.271,2.137,66.021,6.421,17.682,study.two.TEXT.87.General,56.852909698996655,9.120713489409145,12.372154093893224,11.963201046758964,studytwo,candidate
9.184537415,0.875507943,19.84985883,18,23,318,1.278,0.669,13.826,10.02,1.478,0.883,4.509,2.597,0.129,54.78,0.546,70.54,1.023,84.61,-0.362,35.94,1.39,91.62,-0.707,24.2,-4.123,0,0.182,57.14,0.273,0.455,0.318,0.16,0.343,0.183,0.122,0.152,0.071,0.108,0.153,0.17,0.19,0.151,0.164,0.184,0.295,0.158,0.733,0.52,73.753,85.201,119.497,25.157,66.038,34.591,22.013,15.723,59.748,0,0,18.868,25.157,18.868,0.286,0.857,0.022,0.303,0.864,1.478,0.876,0.629,0.846,0.846,0.069,0.061,380.503,194.969,25.157,116.352,6.289,3.145,25.157,12.579,242.138,138.365,66.038,37.736,69.182,3.145,0,59.748,0,0,2.201,3.044,1.447,338.405,565.754,408.991,432.327,423.476,4.451,6.78,1.537,1.857,67.763,7.243,14.432,study.two.TEXT.42.General,58.639135514018704,10.776441922563418,13.906631063640411,12.54090057162284,studytwo,candidate
9.067709838,1.29992586,22.4686196,22,36,363,1.636,1.093,10.083,5.843,1.556,0.977,4.614,2.671,-0.588,28.1,2.141,98.38,0.993,83.89,-0.981,16.35,1.288,89.97,-0.765,22.36,-2.875,0.21,-0.035,48.8,0.171,0.171,0.2,0.174,0.216,0.223,0.05,0.14,0.049,0.11,0.149,0.157,0.192,0.16,0.181,0.222,0.309,0.124,0.69,0.493,62.998,82.422,104.683,27.548,52.342,27.548,16.529,38.567,30.303,0,0,68.871,77.135,22.039,0.115,0.889,0.093,0.338,0.843,2.75,0.935,0.656,0.927,0.873,0.16,0.123,319.559,250.689,35.813,99.174,41.322,19.284,11.019,22.039,247.933,134.987,55.097,55.096,38.567,0,0,33.058,0,0,2.121,2.93,1.179,260.071,579.048,440.549,461.115,437.356,4.077,6.99,1.542,1.891,64.963,6.703,14.476,study.two.TEXT.103.General,60.520236808645905,8.286404958677686,11.094257257893624,11.051253699011982,studytwo,candidate
8.88815448,1.263703152,22.36571996,11,24,286,2.182,1.722,11.917,6.366,1.64,1.009,5.007,2.872,-0.746,22.96,1.209,88.49,-1.314,9.51,-0.388,35.2,1.205,88.49,-1.895,2.94,-0.612,27.09,-0.396,34.83,0.478,0.522,0.522,0.222,0.254,0.232,0.099,0.114,0.062,0.114,0.288,0.292,0.344,0.289,0.214,0.293,0.364,0.208,0.665,0.503,74.18,86.397,87.413,45.455,45.455,6.993,6.993,20.979,27.972,0,0,31.469,52.448,17.483,0.6,1.333,0.083,0.187,0.783,2.833,0.95,0.657,0.884,0.878,0.118,0.09,356.643,220.28,13.986,87.413,20.979,10.49,10.49,13.986,272.728,118.883,94.406,34.966,48.951,0,0,34.965,0,3.497,1.924,2.841,1.217,383.138,560.397,375.055,392.416,405.492,3.906,7.789,1.514,2.322,55.995,8.41,10.1,study.two.TEXT.40.General,54.69642445213381,9.049115175481962,12.70199373867194,12.11862946488302,studytwo,candidate
8.961645772,1.007806672,23.18418857,20,28,339,1.4,1.046,12.107,8.8,1.602,0.944,4.979,2.645,-0.342,36.69,1.029,84.61,-0.391,34.83,-0.479,31.56,1.19,88.3,-1.542,6.18,-2.089,1.88,1.078,85.77,0.444,0.519,0.519,0.209,0.284,0.271,0.091,0.13,0.049,0.105,0.305,0.213,0.209,0.138,0.354,0.225,0.382,0.133,0.683,0.504,81.766,86.485,91.445,35.398,44.248,11.799,17.699,23.599,41.298,0,0,38.348,53.097,14.749,0.357,1.667,0.044,0.259,0.944,2.286,0.811,0.598,0.921,0.892,0.067,0.072,333.333,235.988,35.398,103.245,20.649,17.699,26.549,17.699,265.486,109.146,58.997,76.696,35.398,2.95,0,20.649,0,8.85,2.11,2.846,1.237,369.35,567.87,404.882,421.461,405.506,4.249,7.692,1.518,2.185,59.017,8.035,10.681,study.two.TEXT.34.General,55.68503821399844,9.320430410297671,13.24328238133548,12.563389971838223,studytwo,candidate
9.042688983,0.932333061,25.35770729,20,28,284,1.4,0.94,10.143,8.185,1.511,0.826,4.62,2.38,-0.76,22.36,1.071,85.77,0.564,71.23,-1.326,9.34,1.185,88.1,-0.861,19.49,-2.603,0.47,0.895,81.33,0.222,0.333,0.296,0.124,0.178,0.16,0.072,0.164,0.041,0.112,0.19,0.218,0.13,0.109,0.244,0.226,0.32,0.168,0.743,0.577,86.903,110.283,84.507,31.69,45.775,17.606,14.085,0,45.775,0,0,35.211,63.38,7.042,0.727,1,0.049,0.162,0.944,2.393,1.066,0.648,0.924,0.924,0.065,0.079,352.113,242.958,38.732,80.986,21.127,3.521,28.169,21.127,316.902,144.366,73.944,38.732,14.085,0,0,7.042,0,0,2.149,2.898,1.432,334.279,571.028,411.333,440.67,429.733,4.267,7.129,1.348,2.389,68.709,6.196,10.427,study.two.TEXT.18.General,61.24640086206898,9.219439655172415,11.801724137931036,11.333407214811013,studytwo,candidate
5.105078848,1.070363121,12.13329334,25,29,269,1.16,0.374,9.276,7.311,1.721,1.079,5.16,2.991,-0.402,34.46,0.916,81.86,-0.885,18.94,-0.868,19.49,1.176,87.9,-2.146,1.62,-2.675,0.38,0.386,64.8,0.321,0.536,0.393,0.157,0.302,0.217,0.11,0.134,0.059,0.118,0.194,0.191,0.311,0.206,0.2,0.186,0.294,0.141,0.752,0.579,90.49,116.729,92.937,33.457,70.632,29.74,3.717,26.022,40.892,0,0,26.022,33.457,14.87,0.25,1.4,0.05,0.154,0.875,2.034,0.975,0.621,0.906,0.855,0.103,0.086,349.442,204.461,26.022,92.937,3.717,14.87,7.435,11.152,293.681,85.501,96.654,44.61,81.784,0,14.87,52.045,0,0,2.129,2.819,1.029,365.244,565.143,377.023,406.333,401.797,3.725,7.284,1.15,2.187,51.823,8.335,14.311,study.two.TEXT.53.General,36.042375041932274,14.35249916135525,17.677423683327742,15.668782140382111,studytwo,candidate
10.97957748,1.044447056,26.84911466,21,29,405,1.381,0.74,13.966,9.04,1.575,0.81,4.728,2.481,-0.824,20.61,0.986,83.65,-0.072,47.21,0.052,51.99,1.155,87.49,-0.829,20.33,-2.823,0.24,0.156,55.96,0.464,0.464,0.464,0.255,0.26,0.298,0.108,0.112,0.06,0.108,0.369,0.17,0.417,0.165,0.345,0.18,0.401,0.169,0.659,0.47,68.688,67.55,103.704,34.568,44.444,19.753,19.753,9.877,51.852,0,0,32.099,54.321,12.346,0.643,1,0.089,0.339,0.839,2.276,0.857,0.571,0.844,0.835,0.094,0.078,380.247,246.914,22.222,118.519,24.691,4.938,24.691,22.222,298.766,143.21,74.074,39.506,12.346,0,0,4.938,0,2.469,2.071,2.966,1.06,345.929,571.856,379.033,407.242,428.416,3.786,6.749,1.334,2.145,59.415,8.442,12.367,study.two.TEXT.70.General,56.89241463414638,9.398195121951222,11.633170731707317,11.36813984697246,studytwo,candidate
9.439901337,0.860104204,21.91407447,10,19,355,1.9,1.287,18.684,10.782,1.518,0.804,4.515,2.286,-0.097,46.41,0.155,55.96,1.036,84.85,0.619,72.91,1.152,87.49,-1.53,6.3,-2.327,1.02,-0.221,41.29,0.5,0.611,0.556,0.296,0.511,0.415,0.187,0.201,0.123,0.143,0.321,0.261,0.245,0.197,0.432,0.256,0.377,0.173,0.688,0.466,59.23,66.974,98.592,22.535,56.338,22.535,28.169,11.268,42.254,0,0,16.901,30.986,25.352,0.714,0.5,0.064,0.281,0.833,4.158,1.235,0.691,0.889,0.861,0.047,0.059,309.859,261.972,22.535,95.775,22.535,0,16.901,33.803,247.887,123.944,64.789,36.62,76.056,0,2.817,70.423,0,0,2.038,2.946,1.168,347.971,562.913,431.895,434.696,433.767,3.848,7.1,1.811,2.054,59.448,9.609,12.86,study.two.TEXT.77.General,58.630943206437664,10.036244196843082,12.768864128752709,11.958738252310605,studytwo,candidate
6.31984023,1.185323749,14.54341541,21,24,339,1.143,0.359,14.125,8.907,1.493,0.755,4.546,2.452,0.191,57.53,0.754,77.34,-0.341,36.69,-0.092,46.41,1.149,87.29,-0.074,47.21,-2.939,0.17,-0.308,38.21,0.261,0.478,0.261,0.238,0.427,0.243,0.14,0.156,0.1,0.129,0.185,0.133,0.27,0.137,0.197,0.153,0.271,0.136,0.75,0.5,61.772,90.433,112.094,26.549,50.147,23.599,26.549,14.749,50.147,0,0,38.348,44.248,26.549,0.143,0.9,0.108,0.381,0.826,2.458,0.647,0.628,0.847,0.847,0.089,0.064,306.785,324.484,32.448,53.097,26.549,2.95,32.448,32.448,188.79,153.392,85.546,47.198,97.345,2.95,0,61.947,0,5.9,2.241,3.017,1.595,361.179,571.02,362.226,388.9,422.054,4.728,5.739,1.5,1.429,66.19,7.536,17.5,study.two.TEXT.3.General,61.12794117647063,9.701764705882354,12.705882352941178,11.892052765847286,studytwo,candidate
8.722147166,1.011096119,22.13548806,14,25,329,1.786,1.311,13.16,8.89,1.581,0.866,4.866,2.509,-0.876,19.22,1.092,86.21,0.404,65.54,-0.882,18.94,1.135,87.08,-1.396,8.23,-3.687,0,-0.452,32.64,0.292,0.375,0.375,0.195,0.272,0.251,0.059,0.073,0.046,0.079,0.225,0.173,0.254,0.143,0.201,0.179,0.319,0.162,0.788,0.55,95.018,102.32,109.423,27.356,54.711,24.316,15.198,21.277,54.711,0,0,39.514,54.711,9.119,0.357,1,0.06,0.238,0.792,3.4,1.095,0.592,0.852,0.824,0.162,0.087,303.951,224.924,33.435,103.343,33.435,6.079,30.395,9.119,279.635,121.58,85.107,45.593,48.632,3.04,3.04,24.316,0,6.079,1.975,2.889,1.114,334.25,570,402.56,420.02,418.986,3.984,7.655,1.526,2.286,59.725,8.198,11.844,study.two.TEXT.86.General,56.26568181818183,9.510454545454548,12.53939393939394,12.07096230602999,studytwo,candidate
8.884341901,1.27488214,21.00699848,17,27,390,1.588,1.004,14.444,7.687,1.451,0.803,4.562,2.409,0.126,54.78,0.856,80.23,1.276,89.8,0.526,69.85,1.126,86.86,-0.792,21.48,-3.122,0.09,-0.017,49.6,0.423,0.731,0.5,0.26,0.605,0.288,0.156,0.11,0.128,0.132,0.196,0.131,0.241,0.133,0.241,0.165,0.328,0.156,0.751,0.464,52.768,60.088,102.564,28.205,51.282,20.513,20.513,23.077,48.718,0,0,38.462,48.718,25.641,0.25,0.909,0.092,0.326,0.865,2.963,0.99,0.723,0.907,0.882,0.112,0.11,294.872,300,17.949,94.872,38.462,10.256,12.821,28.205,233.334,138.463,69.231,30.769,87.179,0,0,84.615,0,0,2.171,2.998,1.275,300.903,575.261,427.151,446,439.372,4.295,6.868,1.504,1.874,69.42,7.165,18.199,study.two.TEXT.8.General,68.06321329923277,7.651287979539642,10.450373401534527,10.444984826868176,studytwo,candidate
9.855000842,1.048149865,21.93146116,19,30,411,1.579,0.692,13.7,8.489,1.574,0.89,4.856,2.587,-0.424,33.72,0.682,75.17,-0.488,31.56,-0.49,31.21,1.122,86.86,-1.327,9.34,-1.306,9.68,-0.136,44.83,0.276,0.345,0.379,0.233,0.343,0.298,0.083,0.122,0.066,0.113,0.196,0.145,0.295,0.097,0.203,0.169,0.334,0.116,0.691,0.464,82.413,78.267,97.324,34.063,43.796,12.165,21.898,21.898,34.063,0,0,31.63,48.662,17.032,0.5,1.25,0.061,0.231,0.81,1.4,0.889,0.601,0.86,0.828,0.07,0.071,343.066,236.01,36.496,128.954,17.032,2.433,19.465,24.331,236.01,126.521,97.324,51.095,65.693,0,0,53.528,0,2.433,2.034,2.934,0.896,353.413,560.591,384.071,401.079,414.318,4.084,7.042,1.653,1.879,59.769,8.326,8.756,study.two.TEXT.99.General,51.2675221953188,10.994285714285713,14.54947538337369,13.484332010920856,studytwo,candidate
12.05737664,0.808670147,28.31601124,12,24,322,2,1.348,13.417,9.686,1.708,1.114,5.022,2.844,-1.106,13.57,0.904,81.59,1.178,87.9,-0.438,33.36,1.108,86.43,-1.063,14.46,-2.817,0.25,0.865,80.51,0.304,0.348,0.522,0.211,0.286,0.486,0.091,0.147,0.071,0.138,0.24,0.18,0.304,0.167,0.296,0.215,0.323,0.16,0.665,0.463,50.685,64.486,102.484,31.056,52.795,15.528,21.739,18.634,52.795,0,0,31.056,40.373,21.739,0.273,0.875,0.06,0.206,0.935,2.625,1.174,0.638,0.884,0.852,0.063,0.081,385.093,192.547,18.634,136.646,18.634,0,49.689,9.317,285.714,139.751,124.224,18.634,6.211,0,0,0,0,0,1.968,2.951,0.83,323.021,570.897,435.394,459.712,431.77,3.829,6.893,1.607,2.079,48.72,9.797,7.277,study.two.TEXT.19.General,47.62120535714288,11.725423632218844,15.641413373860184,14.283593685282176,studytwo,candidate
8.689502881,0.947804491,21.4723072,14,21,356,1.5,0.76,16.952,8.917,1.612,0.965,4.84,2.773,-0.446,33,0.291,61.41,0.236,59.1,0.962,83.15,1.103,86.43,-1.857,3.22,-0.608,27.43,0.435,66.64,0.7,0.8,0.75,0.548,0.632,0.594,0.153,0.092,0.113,0.113,0.402,0.154,0.364,0.127,0.468,0.176,0.427,0.158,0.682,0.457,62.225,76.278,101.124,42.135,33.708,2.809,16.854,19.663,30.899,0,0,39.326,44.944,19.663,0.133,1.625,0.077,0.37,0.9,3.429,0.989,0.652,0.87,0.85,0.045,0.058,303.371,252.809,11.236,112.36,25.281,5.618,39.326,16.854,283.708,148.877,73.034,25.281,56.18,2.809,0,36.517,0,2.809,2.043,2.907,0.628,381.841,560.706,396.762,423.352,423.628,3.969,7.196,1.558,2.228,53.254,10.043,11.091,study.two.TEXT.81.General,57.14619834710746,9.582833530106257,11.762770562770562,11.39826440760492,studytwo,candidate
8.320602959,0.910104697,22.98050169,26,32,283,1.231,0.514,8.844,7.154,1.654,1.069,4.961,2.956,-0.731,23.27,1.51,93.32,0.115,54.38,-0.897,18.67,1.084,85.99,-1.783,3.75,-1.554,6.06,0.584,71.9,0.29,0.29,0.29,0.291,0.309,0.317,0.07,0.129,0.077,0.133,0.161,0.205,0.188,0.164,0.169,0.186,0.355,0.222,0.649,0.502,77.201,84.118,95.406,28.269,42.403,17.668,21.201,31.802,31.802,0,0,45.936,45.936,14.134,0,1.6,0.037,0.212,0.919,1.063,0.864,0.704,0.915,0.903,0.129,0.083,353.357,226.148,24.735,116.608,17.668,3.534,14.134,10.601,321.555,144.877,77.739,38.869,38.869,3.534,0,21.201,0,3.534,1.946,2.764,0.928,377.9,571.81,386.304,419.881,438.548,3.987,6.925,1.511,2.414,57.93,7.376,9.738,study.two.TEXT.71.General,50.9513286004057,10.39052738336714,13.168356997971603,12.526319926815653,studytwo,candidate
6.234551672,0.842812299,17.06296158,19,31,378,1.632,1.116,12.194,8.12,1.69,1.008,5.095,2.838,-0.238,40.9,1.175,87.9,1.14,87.29,0.264,60.26,1.087,85.99,-3.023,0.13,-2.163,1.54,-0.619,27.09,0.5,0.633,0.567,0.404,0.49,0.514,0.141,0.146,0.117,0.162,0.242,0.215,0.284,0.22,0.226,0.223,0.346,0.191,0.664,0.497,76.949,89.057,95.238,23.81,55.556,21.164,18.519,31.746,37.037,0,0,34.392,37.037,18.519,0.071,1,0.026,0.16,0.817,1.806,0.943,0.641,0.9,0.873,0.173,0.085,346.561,246.032,15.873,92.593,13.228,13.228,15.873,21.164,325.397,148.149,44.974,34.392,60.847,2.646,2.646,44.974,0,2.646,1.884,2.722,1.073,366.225,567.948,430.909,438.164,445.271,3.628,6.779,1.665,2.393,51.484,9.108,14.783,study.two.TEXT.88.General,41.272853770309695,12.458075267323984,16.633300930426326,14.997032334435382,studytwo,candidate
7.924527496,0.69447427,19.93917477,13,24,368,1.846,1.144,15.333,8.345,1.524,0.851,4.677,2.516,0.157,55.96,0.77,77.64,1.171,87.9,-0.461,32.28,1.074,85.77,-2.239,1.25,-3.411,0.03,-1.054,14.69,0.087,0.565,0.174,0.097,0.492,0.173,0.098,0.087,0.079,0.098,0.235,0.145,0.207,0.173,0.336,0.186,0.344,0.129,0.831,0.556,94.276,92.465,114.13,21.739,62.5,21.739,16.304,8.152,57.065,0,0,38.043,48.913,24.457,0.267,0.6,0.049,0.27,0.739,2.333,0.837,0.646,0.919,0.893,0.112,0.077,317.935,260.87,29.891,100.543,5.435,2.717,27.174,29.891,250,149.457,67.935,35.326,95.109,0,5.435,84.239,2.717,2.717,2.009,2.868,1.072,336.438,568.937,422.744,433.246,427.256,3.966,7.409,1.682,2.022,62.342,8.373,11.564,study.two.TEXT.56.General,59.16847506738546,9.61485040431267,12.703018867924529,12.07096230602999,studytwo,candidate
9.325826116,1.015904451,21.79070861,21,35,420,1.667,0.796,12,9.076,1.571,0.956,4.79,2.722,-0.588,28.1,1.21,88.49,-0.382,35.2,-1.043,14.92,1.06,85.54,-1.185,11.9,-1.635,5.16,0.275,60.64,0.235,0.265,0.265,0.231,0.285,0.254,0.059,0.108,0.055,0.104,0.162,0.191,0.194,0.147,0.156,0.211,0.345,0.195,0.665,0.466,78.709,83.92,102.381,35.714,42.857,11.905,14.286,16.667,42.857,0,0,38.095,50,19.048,0.294,1.333,0.05,0.262,0.868,2.6,0.851,0.714,0.927,0.921,0.159,0.1,371.429,245.238,11.905,119.048,16.667,2.381,16.667,16.667,259.524,150,80.952,16.667,45.238,0,0,33.333,0,0,2.089,2.979,1.299,380.632,557.238,376.598,410.524,427.073,3.793,6.456,1.405,1.824,61.748,7.628,14.179,study.two.TEXT.94.General,56.845129420342715,9.362748815165876,13.032592052497268,12.435523402062769,studytwo,candidate
7.084924859,0.461099933,20.72221147,28,34,228,1.214,1.134,6.706,5.516,1.702,1.049,5.346,2.803,-1.106,13.57,1.778,96.16,0.709,75.8,-2.865,0.21,1.032,84.85,-1.676,4.75,-3.463,0.03,0.916,81.86,0.061,0.091,0.091,0.053,0.074,0.088,0.029,0.08,0.014,0.052,0.148,0.145,0.131,0.116,0.167,0.163,0.266,0.106,0.801,0.691,127.03,153.891,83.333,30.702,52.632,26.316,4.386,17.544,52.632,0,0,39.474,52.632,13.158,0.3,1,0.048,0.264,0.955,0.412,0.634,0.825,1,1,0.159,0.087,473.684,140.351,13.158,100.877,0,0,65.789,4.386,372.807,127.193,118.421,26.316,35.088,0,0,21.93,0,4.386,1.952,2.642,1.459,333.857,564.146,414.835,439.83,441.123,4.411,7.361,1.521,2.671,56.039,7.109,9.566,study.two.TEXT.21.General,30.851050420168093,17.4027731092437,21.163025210084033,17.613555460941566,studytwo,implemented
8.682479011,1.112187348,22.68151042,14,23,382,1.643,1.499,16.609,10.845,1.673,1.094,4.987,2.867,-0.872,19.22,0.103,53.98,-0.964,16.85,-0.07,47.21,1.032,84.85,-1.678,4.75,-2.509,0.6,0.018,50.4,0.545,0.636,0.591,0.4,0.434,0.429,0.119,0.108,0.079,0.099,0.347,0.246,0.326,0.197,0.413,0.267,0.417,0.153,0.662,0.47,81.233,88.29,99.476,36.649,47.12,15.707,10.471,23.56,52.356,0,0,20.942,31.414,7.853,0.444,3.25,0.049,0.202,0.818,2.87,1.111,0.632,0.9,0.862,0.072,0.055,353.403,188.482,7.853,141.361,15.707,23.56,7.853,13.089,327.224,94.241,112.565,28.796,18.325,2.618,2.618,2.618,0,2.618,2.114,2.978,0.3,395.861,561.303,368.593,384.27,405.988,3.507,6.604,1.52,2.33,48.441,10.629,12.533,study.two.TEXT.113.General,47.815649484536095,11.409505154639175,14.461030927835052,13.427899808715576,studytwo,candidate
9.734227724,1.117696379,23.02830466,22,29,360,1.318,0.646,12.414,6.695,1.55,0.83,4.589,2.531,-0.996,16.11,1.539,93.7,0.609,72.57,0.338,62.93,0.993,83.89,-0.755,22.66,-1.633,5.16,-1.017,15.62,0.429,0.571,0.5,0.234,0.277,0.264,0.16,0.203,0.082,0.164,0.37,0.257,0.222,0.126,0.43,0.261,0.41,0.189,0.668,0.465,47.834,67.123,94.444,30.556,44.444,13.889,19.444,19.444,33.333,0,0,44.444,55.556,22.222,0.235,0.889,0.084,0.339,0.75,2.414,1.071,0.586,0.85,0.818,0.096,0.091,363.889,216.667,19.444,102.778,33.333,0,13.889,19.444,297.222,116.667,80.556,22.222,36.111,0,2.778,25,0,0,2.037,2.95,1.196,348.39,568.897,418.339,435.667,427.22,4.404,7.356,1.577,2.322,63.105,7.541,14.434,study.two.TEXT.52.General,61.741007351374435,8.097022160664821,11.64802897933092,11.437924896087662,studytwo,candidate
5.7443288280000004,1.051435714,14.8297699,23,31,381,1.348,0.647,12.29,7.373,1.617,0.918,4.719,2.627,-0.252,40.13,0.984,83.65,0.304,61.79,0.406,65.54,0.994,83.89,-0.436,33.36,-2.862,0.21,0.043,51.6,0.367,0.6,0.367,0.345,0.612,0.376,0.131,0.129,0.135,0.142,0.21,0.168,0.282,0.222,0.23,0.137,0.339,0.14,0.69,0.484,64.481,81.736,91.864,26.247,57.743,23.622,18.373,15.748,44.619,0,0,52.493,68.241,20.997,0.286,0.667,0.158,0.358,0.867,1.806,1.053,0.629,0.872,0.865,0.115,0.084,317.585,251.969,15.748,78.74,15.748,7.874,15.748,18.373,254.594,131.234,99.737,34.12,99.738,2.625,2.625,86.614,0,0,2.239,2.879,1.167,322.183,572.449,411.681,425.156,415,4.874,7.297,1.516,2.027,57.562,8.284,18.588,study.two.TEXT.79.General,54.871162500000025,9.42175416666667,12.0815,11.75515770905806,studytwo,candidate
7.701436589,1.322286477,19.97319147,18,29,391,1.611,1.092,13.483,9.183,1.632,0.97,4.928,2.859,-0.678,25.14,0.589,71.9,-0.901,18.41,0.024,50.8,0.979,83.4,0.133,55.17,-2.221,1.32,0.454,67.36,0.571,0.607,0.643,0.362,0.391,0.451,0.169,0.142,0.106,0.128,0.207,0.225,0.196,0.242,0.187,0.201,0.328,0.203,0.643,0.488,64.086,88.376,94.629,33.248,51.151,20.46,12.788,15.345,40.921,0,0,25.575,38.363,17.903,0.455,1.125,0.179,0.405,0.893,3.621,0.903,0.682,0.882,0.85,0.087,0.073,355.499,222.506,38.363,102.302,25.575,7.673,15.345,7.673,319.693,120.205,63.939,58.824,35.806,0,2.558,25.575,0,0,2.194,2.982,1.26,386.043,564.566,383.714,400.852,404.81,3.826,5.439,1.444,1.891,55.083,8.926,17.854,study.two.TEXT.41.General,52.13744698897375,9.603206106870232,13.048685326547924,12.392965224024412,studytwo,candidate
11.42048278,1.1772006,27.37843817,9,17,256,1.889,1.965,15.059,8.543,1.574,0.934,4.773,2.81,-0.358,36.32,0.192,57.53,0.922,82.12,0.401,65.54,0.962,83.15,-1.342,9.01,-2.336,0.99,0.359,63.68,0.688,0.688,0.688,0.365,0.409,0.47,0.163,0.123,0.09,0.113,0.273,0.188,0.238,0.161,0.171,0.133,0.301,0.149,0.699,0.525,58.943,63.863,101.563,19.531,54.688,15.625,27.344,15.625,46.875,0,0,31.25,39.063,11.719,0.222,1,0.058,0.189,0.906,4,0.971,0.61,0.86,0.828,0.094,0.066,363.281,238.281,11.719,89.844,11.719,0,31.25,23.438,269.532,144.532,82.031,35.156,42.969,0,0,23.438,0,3.906,2.069,2.97,0.783,354.259,565.413,419.056,432.87,425.68,3.863,6.508,1.542,1.891,58.39,8.856,15.182,study.two.TEXT.7.General,55.65558139534889,10.074662236987823,12.642746400885937,12.031772070788634,studytwo,candidate
9.907010163,1.098863906,21.58045701,12,25,398,2.083,1.379,15.92,9.842,1.515,0.894,4.515,2.48,0.312,62.17,0.563,71.23,0.517,69.5,0.611,72.91,0.947,82.64,-1.058,14.69,-2.338,0.99,-0.488,31.56,0.333,0.542,0.417,0.303,0.528,0.374,0.128,0.131,0.112,0.136,0.207,0.176,0.183,0.174,0.301,0.279,0.349,0.157,0.652,0.402,55.731,55.304,110.553,27.638,55.276,17.588,10.05,35.176,45.226,0,0,30.151,32.663,20.101,0.077,1.111,0.052,0.206,0.813,4.56,0.798,0.604,0.861,0.854,0.09,0.066,336.683,286.432,15.075,103.015,20.101,2.513,25.126,30.151,213.568,153.267,57.789,22.613,92.965,0,0,75.377,0,2.513,2.192,3.064,1.521,341.649,572.392,398.147,421.549,434.147,4.286,7.044,1.641,1.798,62.507,8.496,15.853,study.two.TEXT.55.General,57.51527097446588,10.519463262115686,13.45575820739969,12.396398192541,studytwo,candidate
7.934269426,1.288376003,18.70704828,21,29,336,1.381,0.74,11.586,8.508,1.595,1.047,4.765,2.894,-0.575,28.43,1.198,88.3,0.142,55.57,-0.371,35.57,0.924,82.12,-0.69,24.51,-1.813,3.51,0.303,61.79,0.179,0.393,0.321,0.123,0.391,0.268,0.104,0.125,0.086,0.136,0.208,0.211,0.14,0.126,0.256,0.211,0.358,0.186,0.679,0.44,62.597,64.014,101.19,26.786,35.714,8.929,32.738,29.762,44.643,0,0,23.81,26.786,26.786,0.111,0.8,0.08,0.278,0.893,1.621,0.957,0.676,0.896,0.853,0.111,0.113,342.262,276.786,2.976,92.262,38.69,0,11.905,29.762,255.952,122.024,65.476,14.881,98.214,0,2.976,89.286,0,2.976,1.969,2.914,0.948,364.719,573.957,389.264,406.033,428.375,4.596,7.145,1.614,2.073,60.138,7.75,10.92,study.two.TEXT.69.General,53.66934198813058,9.959541543026706,13.149495548961426,12.516099999999998,studytwo,candidate
7.361313526,1.173054079,19.18530925,28,34,339,1.214,0.418,9.971,7.392,1.696,1.146,4.929,3.058,-0.427,33.72,1.534,93.7,-0.923,17.88,-1.087,14.01,0.917,81.86,-1.323,9.34,-1.978,2.44,0.132,55.17,0.212,0.394,0.242,0.095,0.235,0.119,0.111,0.161,0.056,0.111,0.225,0.262,0.059,0.19,0.28,0.215,0.344,0.174,0.692,0.484,63.364,78.856,85.546,38.348,53.097,23.599,5.9,11.799,35.398,0,0,38.348,58.997,29.499,0.5,0.636,0.094,0.249,0.848,1.853,1.074,0.804,0.966,0.966,0.113,0.085,294.985,259.587,29.499,97.345,26.549,8.85,5.9,17.699,250.737,132.744,94.395,44.248,88.496,2.95,5.9,58.997,0,0,2.051,2.905,1.268,378.167,567.264,387.096,410.189,422.77,3.745,7.019,1.498,1.934,53.233,8.311,13.235,study.two.TEXT.101.General,48.07741626794259,10.415417331206807,13.352684742158424,12.641684177145171,studytwo,candidate
6.30029026,1.003920746,17.74244704,27,33,352,1.222,0.424,10.667,7.024,1.639,0.889,4.935,2.547,-0.525,30.15,1.904,97.13,-1.255,10.56,-1.211,11.31,0.915,81.86,-1.311,9.51,-2.784,0.27,0.809,78.81,0.094,0.125,0.156,0.076,0.105,0.113,0.073,0.121,0.043,0.11,0.247,0.187,0.32,0.214,0.255,0.178,0.36,0.153,0.728,0.516,89.577,101.234,93.75,14.205,62.5,25.568,17.045,8.523,39.773,0,0,56.818,59.659,11.364,0.048,0.8,0.083,0.384,0.906,1.697,0.953,0.65,0.886,0.886,0.059,0.062,306.818,255.682,25.568,76.705,19.886,22.727,34.091,8.523,264.204,167.614,68.182,76.705,34.091,0,0,28.409,0,0,2.094,2.795,1.279,387.935,565.567,369.378,394.619,402.4,5.036,7.129,1.534,2.082,57.349,7.91,8.897,study.two.TEXT.107.General,47.76047662889522,10.982451841359776,14.198810198300285,13.268218822659096,studytwo,candidate
6.470890627,0.758792752,17.11616394,11,23,323,2.091,1.3,14.043,7.029,1.554,0.863,4.91,2.687,-0.605,27.43,1.333,90.82,0.452,67.36,0.403,65.54,0.902,81.59,-1.467,7.21,-4.065,0,-1.398,8.23,0.5,0.545,0.5,0.4,0.451,0.417,0.123,0.129,0.101,0.124,0.445,0.232,0.465,0.218,0.49,0.258,0.452,0.175,0.569,0.471,75.613,83.162,114.551,21.672,52.632,34.056,27.864,3.096,58.824,0,0,24.768,37.152,37.152,0.444,0.231,0.068,0.427,0.705,3.261,1.081,0.69,0.905,0.876,0.097,0.084,340.557,191.95,34.056,102.167,12.384,3.096,21.672,9.288,343.653,99.072,99.071,52.632,40.248,3.096,0,24.768,0,3.096,2.298,2.908,1.188,331.912,569.064,402.169,420.857,413.14,4.39,6.646,1.786,2.397,61.113,8.224,18.371,study.two.TEXT.62.General,58.008333333333354,9.00121693121693,11.603527336860672,11.39826440760492,studytwo,candidate
6.991777557,1.005745948,18.67605079,29,35,331,1.207,0.675,9.457,7.721,1.502,0.865,4.647,2.414,-0.131,44.83,0.949,82.64,1.211,88.69,-0.728,23.58,0.883,81.06,-1.379,8.38,-3.328,0.05,0.63,73.24,0.265,0.353,0.265,0.129,0.21,0.129,0.076,0.114,0.048,0.101,0.228,0.218,0.449,0.242,0.2,0.197,0.331,0.171,0.727,0.55,83.25,106.211,99.698,18.127,51.36,30.211,27.19,33.233,42.296,0,0,27.19,39.275,24.169,0.4,0.444,0.076,0.2,0.912,1.771,0.843,0.626,0.852,0.82,0.134,0.077,398.792,205.438,18.127,75.529,6.042,24.169,6.042,15.106,299.094,126.888,78.55,54.381,69.486,0,0,57.402,12.085,0,2.132,2.84,1.382,298.808,580.21,438.876,452.89,445.151,3.961,6.904,1.591,2.198,70.167,5.822,14.503,study.two.TEXT.102.General,57.854472891566274,10.3446686746988,13.96265060240964,12.920253819902944,studytwo,candidate
6.498960896,1.29105772,15.81622517,20,25,361,1.25,0.55,14.44,7.616,1.571,0.873,4.626,2.536,-0.198,42.47,0.784,78.23,-0.031,48.8,0.434,66.64,0.862,80.51,-1.012,15.62,-1.792,3.67,0.181,57.14,0.375,0.542,0.458,0.364,0.472,0.395,0.138,0.131,0.104,0.124,0.292,0.233,0.217,0.274,0.412,0.228,0.427,0.178,0.643,0.471,64.133,78.374,69.252,38.781,44.321,22.161,8.31,11.08,33.241,0,0,33.241,60.942,13.85,0.769,0.833,0.095,0.329,0.854,2.56,0.883,0.698,0.848,0.836,0.074,0.071,332.41,282.548,22.161,85.873,33.241,13.85,16.62,33.241,271.468,135.733,52.631,33.241,74.792,0,0,47.091,0,11.08,2.145,2.94,1.237,356.542,564.112,414.072,433.397,419.405,4.218,7.77,1.377,2.337,59.272,8.579,14.348,study.two.TEXT.51.General,56.222586639879495,9.505173279758916,12.769663485685584,12.24349002098031,studytwo,candidate
6.222106944,0.365620612,20.19401005,21,31,250,1.476,0.981,8.065,6.253,1.712,1.055,5.072,2.81,-1.604,5.48,1.735,95.82,2.181,98.54,-2.064,1.97,0.831,79.67,-1.546,6.18,-4.11,0,1.12,86.65,0.2,0.2,0.2,0.125,0.137,0.133,0.05,0.115,0.032,0.098,0.2,0.243,0.213,0.168,0.242,0.268,0.364,0.175,0.808,0.669,108.396,147.482,88,24,48,28,4,16,56,0,0,60,72,8,0.188,1.667,0.037,0.279,0.983,1.097,1.13,0.679,0.938,0.926,0.114,0.082,388,152,12,100,0,4,16,8,432,116,104,24,16,0,0,12,0,4,1.948,2.601,1.666,316.837,570.832,449.74,477.019,465.052,3.96,6.906,1.884,2.733,53.814,7.757,7.813,study.two.TEXT.38.General,48.91257352941179,9.604460784313726,11.374509803921567,11.20814326018867,studytwo,implemented
10.55564669,1.100760493,25.18820866,19,25,333,1.316,0.82,13.32,8.807,1.396,0.719,4.216,2.165,-0.526,30.15,1.207,88.49,1.213,88.69,0.131,55.17,0.8,78.52,-1.196,11.7,-2.514,0.6,0.138,55.17,0.417,0.5,0.417,0.2,0.313,0.236,0.082,0.101,0.073,0.116,0.197,0.174,0.27,0.2,0.188,0.161,0.331,0.149,0.694,0.447,53.086,54.679,84.084,24.024,57.057,24.024,12.012,24.024,36.036,0,0,42.042,45.045,18.018,0.067,1,0.089,0.281,0.854,2.76,0.906,0.541,0.876,0.822,0.085,0.082,327.327,273.273,21.021,105.105,39.039,6.006,27.027,27.027,246.246,138.138,45.045,30.03,63.063,6.006,0,57.057,0,0,1.921,2.924,0.886,295.604,558.798,445.78,459,419.743,4.489,7.257,1.638,2.107,75.214,6.078,7.127,study.two.TEXT.43.General,70.40254623044098,7.793611506243085,10.7342500395132,10.426177893888326,studytwo,candidate
9.675858076,1.274928598,22.91898996,14,30,378,2.143,1.406,12.6,7.068,1.593,0.96,4.653,2.553,-0.736,23.27,1.28,89.8,-0.723,23.58,-0.515,30.5,0.75,77.04,-0.326,37.45,-1.625,5.26,0.055,51.99,0.241,0.345,0.276,0.147,0.208,0.192,0.095,0.157,0.061,0.122,0.239,0.174,0.251,0.168,0.326,0.16,0.385,0.178,0.677,0.466,59.62,72.809,79.365,29.101,52.91,18.519,18.519,29.101,34.392,0,0,29.101,31.746,26.455,0.083,0.909,0.118,0.339,0.845,3.367,0.959,0.622,0.885,0.859,0.135,0.107,317.46,240.741,29.101,126.984,26.455,7.937,13.228,18.519,248.678,119.049,74.075,47.619,37.037,0,0,34.392,0,0,2.169,3.034,1.166,374.172,571.24,394.307,408.313,418.943,3.923,7.025,1.602,1.97,59.278,8.121,16.371,study.two.TEXT.105.General,57.844810720775314,8.831561679790028,13.00064607308702,12.367839424501923,studytwo,candidate
7.084538148,1.08820334,19.36274752,18,30,282,1.667,1.328,9.4,6.083,1.72,1.021,5.06,2.676,-0.558,29.12,1.466,92.79,0.226,58.71,-1.461,7.21,0.739,76.73,-1.562,5.94,-3.667,0,0.638,73.57,0.172,0.31,0.207,0.139,0.176,0.18,0.072,0.127,0.041,0.095,0.259,0.2,0.233,0.237,0.254,0.202,0.345,0.16,0.755,0.574,95.176,132.041,92.199,21.277,56.738,28.369,7.092,31.915,53.191,0,0,53.191,60.284,14.184,0.125,1,0.056,0.331,0.914,1.567,0.822,0.661,0.944,0.924,0.104,0.088,358.156,251.773,35.461,81.56,17.73,0,35.461,7.092,255.318,131.205,67.376,70.922,46.099,7.092,0,14.184,0,10.638,1.997,2.8,1.341,330.727,579.852,393.92,417.951,438.153,3.654,6.25,1.613,1.797,51.782,8.372,9.442,study.two.TEXT.104.General,48.72897727272729,9.714760101010103,12.597474747474749,11.995994275388032,studytwo,candidate
7.674027638,0.995557067,21.03096878,17,23,315,1.353,0.606,13.696,7.163,1.505,0.865,4.727,2.234,-0.639,26.11,1.082,85.99,0.372,64.43,0.983,83.65,0.714,76.11,-1.853,3.22,-1.365,8.69,-0.178,43.25,0.682,0.727,0.682,0.474,0.594,0.48,0.17,0.139,0.127,0.132,0.329,0.227,0.332,0.246,0.373,0.235,0.418,0.161,0.617,0.454,55.476,68.318,88.889,25.397,41.27,9.524,22.222,19.048,38.095,0,0,44.444,47.619,12.698,0.067,1.4,0.079,0.294,0.841,2.348,1.013,0.641,0.865,0.827,0.139,0.088,311.111,269.841,15.873,111.111,28.571,6.349,19.048,34.921,307.936,136.508,63.492,22.222,66.667,0,0,47.619,0,12.698,2.108,2.948,1.45,455.918,529.243,437.949,427.981,425.159,4.182,6.642,1.315,2.209,65.611,7.51,19.176,study.two.TEXT.54.General,63.50142857142859,8.12857142857143,11.460317460317462,11.30375656770974,studytwo,candidate
7.739408987,1.169953972,17.87368455,13,21,354,1.615,0.768,16.857,8.967,1.489,0.985,4.508,2.708,0.132,55.17,-0.136,44.83,1.31,90.49,1.336,90.82,0.694,75.49,-1.353,8.85,-0.782,21.77,-0.652,25.78,0.55,0.7,0.75,0.503,0.626,0.671,0.177,0.144,0.148,0.131,0.214,0.227,0.446,0.223,0.106,0.162,0.358,0.205,0.63,0.434,63.39,74.841,84.746,28.249,39.548,8.475,16.949,19.774,28.249,0,0,22.599,33.898,19.774,0.444,0.75,0.064,0.313,0.8,4.333,0.859,0.616,0.822,0.8,0.052,0.062,353.107,245.763,25.424,121.469,31.073,2.825,16.949,25.424,259.887,138.418,50.847,31.074,90.395,0,5.65,59.322,0,14.124,2.04,3.052,1.15,340.395,558.663,429.811,458.424,440.169,4.211,5.902,1.499,1.8,63.756,8.554,12.707,study.two.TEXT.39.General,62.58092134831462,8.95256179775281,12.850337078651686,12.251624239485473,studytwo,candidate
9.815264519,1.381629144,22.46571758,25,33,382,1.32,0.627,11.576,6.624,1.626,0.952,4.775,2.689,-0.388,35.2,0.893,81.33,-0.244,40.52,0.601,72.57,0.695,75.49,-0.072,47.21,-1.145,12.71,-0.242,40.52,0.406,0.656,0.438,0.251,0.385,0.273,0.177,0.177,0.099,0.144,0.267,0.224,0.337,0.215,0.273,0.222,0.374,0.173,0.603,0.428,53.619,64.098,83.77,20.942,36.649,13.089,36.649,18.325,31.414,0,0,34.031,39.267,15.707,0.143,1,0.122,0.295,0.844,1.788,0.865,0.592,0.826,0.768,0.107,0.079,335.079,246.073,18.325,123.037,26.178,2.618,26.178,26.178,253.927,141.362,65.445,31.414,52.356,0,0,47.12,0,0,2.198,3.005,1.239,336.5,575.194,380.99,404.806,422,4.537,6.935,1.348,1.936,57.526,8.111,19.571,study.two.TEXT.110.General,51.77260562544507,10.362991929741275,13.856586755281274,13.02386679866686,studytwo,candidate
9.947136234,1.079258884,22.89806503,22,27,369,1.227,0.528,13.667,7.468,1.569,0.857,4.721,2.588,-0.73,23.27,0.654,74.22,0.436,66.64,-0.455,32.64,0.63,73.57,-0.997,16.11,-3.122,0.09,-0.148,44.43,0.308,0.346,0.308,0.205,0.251,0.274,0.07,0.11,0.052,0.115,0.289,0.164,0.33,0.123,0.315,0.155,0.364,0.136,0.71,0.491,68.68,84.596,97.561,27.1,46.07,21.68,10.84,2.71,54.201,0,0,24.39,37.94,10.84,0.5,1.2,0.07,0.292,0.808,2.556,1.071,0.635,0.839,0.839,0.07,0.066,357.724,222.222,27.1,127.371,18.97,0,54.201,18.97,265.583,146.341,67.751,35.23,37.94,0,0,32.52,0,2.71,2.047,2.971,1.04,343.543,561.651,397.113,426.33,431.917,3.94,7.18,1.564,2.132,60.226,8.254,8.372,study.two.TEXT.60.General,57.169299902510375,9.497339751401416,12.787180112113088,12.24349002098031,studytwo,implemented
8.040893794,0.941955328,18.0255796,15,24,322,1.6,1.183,13.417,9.851,1.584,0.986,4.559,2.719,-0.179,42.86,0.369,64.06,-0.229,41.29,-0.395,34.83,0.549,70.54,-0.875,19.22,-2.348,0.96,0.425,66.28,0.304,0.522,0.304,0.232,0.432,0.232,0.105,0.133,0.104,0.147,0.229,0.244,0.233,0.198,0.253,0.275,0.35,0.209,0.714,0.509,78.725,79.379,86.957,24.845,49.689,21.739,21.739,3.106,43.478,0,0,31.056,52.795,18.634,0.636,0.143,0.044,0.269,0.891,4.25,1.234,0.69,0.908,0.89,0.121,0.074,338.509,177.019,31.056,111.801,9.317,15.528,9.317,6.211,291.925,105.59,96.273,59.007,52.795,0,0,6.211,0,0,2.199,2.993,1.761,358.387,572.56,400.589,420.697,412.053,3.555,6.843,1.351,1.927,59.21,8.334,16.698,study.two.TEXT.92.General,58.34500000000003,9.025238095238098,11.61904761904762,11.39826440760492,studytwo,implemented
5.155742524,0.63450184,15.1836225,23,35,266,1.522,0.79,7.6,5.998,1.541,0.815,4.673,2.367,-0.901,18.41,1.87,96.93,0.505,69.15,-1.84,3.29,0.536,70.19,-1.818,3.51,-6.516,0,0.837,79.67,0.118,0.235,0.265,0.081,0.153,0.142,0.042,0.091,0.025,0.075,0.198,0.226,0.208,0.166,0.227,0.238,0.323,0.145,0.82,0.611,87.279,129.769,105.263,15.038,67.669,56.391,3.759,26.316,75.188,0,0,45.113,48.872,11.278,0.077,0.75,0.043,0.216,0.926,1.057,1.07,0.71,0.917,0.905,0.202,0.123,334.586,218.045,26.316,82.707,7.519,7.519,22.556,18.797,323.308,124.06,97.744,37.594,56.391,0,0,37.594,0,15.038,2.002,2.725,1.135,348.5,570.442,376.367,414.579,433.125,4.124,6.924,1.549,2.224,68.752,5.558,14.009,study.two.TEXT.16.General,59.667554347826126,9.222282608695654,11.972463768115944,11.578365685549247,studytwo,candidate
9.929527958,1.20202779,23.64417108,9,24,359,2.667,1.936,14.958,6.474,1.677,1.004,4.955,2.923,-0.835,20.33,0.355,63.68,-0.117,45.62,-0.308,38.21,0.524,69.85,-0.353,36.32,-0.768,22.36,-0.38,35.2,0.391,0.565,0.478,0.205,0.389,0.297,0.112,0.113,0.072,0.107,0.209,0.217,0.19,0.171,0.213,0.201,0.349,0.15,0.73,0.528,78.052,80.924,77.994,30.641,36.212,2.786,11.142,27.855,33.426,0,0,27.855,36.212,11.142,0.273,1.8,0.082,0.408,0.804,2.583,1.031,0.597,0.87,0.842,0.09,0.092,359.331,214.485,19.499,130.919,19.499,5.571,22.284,22.284,284.123,128.134,94.708,27.856,52.925,0,2.786,30.641,0,2.786,2.028,2.934,0.899,365.977,566.819,395.899,406.139,423.753,4.222,7.047,1.535,2.18,49.778,10.032,11.373,study.two.TEXT.37.General,46.79000000000002,10.991825396825398,15.746031746031749,14.279239012586345,studytwo,candidate
8.476597642,0.860904644,22.53633856,19,32,410,1.684,1.108,12.813,8.492,1.771,1.031,5.229,2.908,-0.985,16.35,1.109,86.43,0.287,61.03,0.035,51.2,0.507,69.15,-1.201,11.51,-2.82,0.24,0.413,65.91,0.452,0.484,0.645,0.374,0.411,0.543,0.096,0.118,0.08,0.121,0.362,0.188,0.414,0.155,0.386,0.208,0.424,0.155,0.673,0.481,66.904,77.183,102.439,31.707,26.829,12.195,17.073,9.756,58.537,0,0,39.024,48.78,24.39,0.235,1.091,0.059,0.342,0.903,2.156,1.028,0.605,0.889,0.867,0.093,0.086,348.78,236.585,9.756,112.195,14.634,7.317,24.39,31.707,326.829,141.463,95.122,24.39,12.195,0,0,0,0,9.756,2.087,2.856,1.261,348.062,565.108,367.2,403.23,449.922,4.488,7.111,1.705,2.5,44.003,10.305,12.035,study.two.TEXT.24.General,40.12240581113804,11.767085714285717,15.518411622276028,14.088047467708748,studytwo,candidate
6.261305618,1.032267457,16.11244001,19,28,326,1.474,0.841,11.643,5.97,1.564,0.912,4.54,2.521,-0.456,32.64,1.397,91.77,0.633,73.57,0.703,75.8,0.5,68.79,-2.13,1.66,-2.329,1.02,0.474,68.08,0.519,0.556,0.519,0.293,0.316,0.333,0.137,0.132,0.081,0.122,0.398,0.246,0.463,0.196,0.405,0.266,0.435,0.201,0.657,0.457,50.452,75.283,76.687,27.607,52.147,24.54,3.067,18.405,36.81,0,0,46.012,49.08,24.54,0.063,0.889,0.065,0.319,0.889,2.786,0.879,0.593,0.849,0.815,0.102,0.081,358.896,260.736,12.27,110.429,30.675,9.202,24.54,6.135,291.411,141.104,36.81,27.607,70.552,9.202,0,39.877,0,3.067,1.995,2.893,0.496,318.308,569.824,434.135,435.139,420.063,4.269,7.587,1.617,2.322,62.703,7.406,12.681,study.two.TEXT.63.General,57.053226495726506,9.787051282051284,12.26837606837607,11.750952952430431,studytwo,candidate
8.564161465,1.068277241,20.49638533,23,28,389,1.217,0.518,13.893,5.944,1.596,1.007,4.746,2.707,-0.538,29.81,0.665,74.54,0.339,62.93,-0.125,45.22,0.491,68.79,-0.439,33.36,-1.692,4.55,-0.419,34.09,0.185,0.444,0.222,0.142,0.431,0.187,0.1,0.162,0.087,0.123,0.152,0.185,0.201,0.095,0.17,0.209,0.32,0.126,0.723,0.467,65,71.673,79.692,20.566,41.131,20.566,25.707,15.424,30.848,0,0,43.702,51.414,12.853,0.167,1,0.069,0.317,0.815,3.036,1.063,0.516,0.829,0.813,0.082,0.074,290.488,262.211,15.424,110.54,25.707,2.571,10.283,28.278,241.645,115.681,77.121,30.848,82.262,2.571,2.571,74.55,0,0,2.016,2.87,1.104,325.382,578.775,403.095,414.333,419.24,4.346,6.856,1.414,1.957,57.712,8.661,9.974,study.two.TEXT.111.General,53.860748299319766,9.804489795918368,14.798639455782316,13.624085052395262,studytwo,candidate
11.86968996,0.928137097,27.64588246,8,21,320,2.625,2.722,15.238,8.504,1.438,0.805,4.4,2.444,-0.448,33,0.683,75.17,0.084,53.19,-0.156,44.04,0.407,65.54,-0.077,47.21,-1.28,10.03,0.308,61.79,0.3,0.3,0.4,0.284,0.323,0.342,0.063,0.117,0.059,0.099,0.251,0.185,0.304,0.204,0.144,0.144,0.339,0.167,0.721,0.495,59.906,59.66,75,18.75,43.75,12.5,25,3.125,34.375,0,0,50,62.5,12.5,0.235,0.6,0.064,0.374,0.875,3,0.88,0.539,0.828,0.793,0.087,0.082,353.125,256.25,43.75,128.125,18.75,6.25,37.5,25,231.25,146.875,65.625,56.25,25,3.125,0,18.75,0,0,2.144,3.093,1.493,369,555.642,409.333,422.958,417.398,4.649,7.057,1.511,1.831,69.714,7.321,11.201,study.two.TEXT.29.General,68.57318885448919,7.918018575851395,11.1343653250774,10.882677951670544,studytwo,candidate
6.598301253,1.042234711,18.23958353,15,21,338,1.4,0.632,16.095,9.545,1.704,0.947,5.104,2.789,-0.617,27.09,0.493,68.79,-0.503,30.85,-0.139,44.43,0.393,65.17,-2.032,2.12,-2.798,0.26,0.067,52.39,0.25,0.35,0.55,0.252,0.413,0.419,0.112,0.133,0.098,0.124,0.37,0.156,0.417,0.065,0.378,0.187,0.4,0.16,0.703,0.509,80.212,93.221,100.592,17.751,44.379,11.834,20.71,2.959,56.213,0,0,23.669,41.42,17.751,0.667,0.286,0.074,0.308,0.825,3.333,1.049,0.598,0.887,0.849,0.068,0.054,304.734,257.396,35.503,68.047,23.669,8.876,5.917,41.42,233.728,139.054,118.343,41.421,62.13,2.959,0,53.254,0,0,1.941,2.743,0.822,343.73,561.393,378.385,399.388,410.145,3.997,7.631,1.521,2.152,46.34,10.794,8.077,study.two.TEXT.58.General,42.59210526315792,12.038713450292398,15.436257309941524,14.15073652397713,studytwo,candidate
7.385041871,1.159792369,19.34834743,18,28,358,1.556,0.922,12.786,10.215,1.561,1.045,4.874,2.867,-0.247,40.52,0.892,81.33,-0.719,23.58,-0.317,37.83,0.395,65.17,-0.428,33.72,-1.743,4.09,0.841,79.95,0.407,0.481,0.481,0.173,0.293,0.231,0.105,0.127,0.058,0.102,0.302,0.237,0.373,0.268,0.284,0.207,0.357,0.177,0.653,0.469,57.779,91.829,83.799,25.14,36.313,16.76,13.966,13.966,41.899,0,0,30.726,44.693,19.553,0.417,0.875,0.065,0.437,0.926,1.393,0.793,0.706,0.891,0.861,0.07,0.077,326.816,310.056,19.553,69.832,16.76,2.793,19.553,44.693,262.569,164.804,86.592,25.14,69.832,8.38,0,41.899,0,2.793,2.244,2.934,1.68,363.2,565.817,368.042,400.198,411.839,4.665,6.441,1.338,1.95,61.797,7.816,14.566,study.two.TEXT.61.General,54.642742448330694,11.044721780604135,13.354531001589828,12.214722805548655,studytwo,candidate
10.50953388,1.178242921,24.50647032,16,28,346,1.75,1.065,12.357,8.603,1.535,0.966,4.506,2.366,-0.371,35.57,0.56,71.23,-0.809,21.19,-1.05,14.69,0.276,60.64,-0.581,28.1,-1.526,6.43,0.685,75.17,0.259,0.333,0.37,0.107,0.169,0.182,0.059,0.092,0.044,0.098,0.219,0.266,0.234,0.25,0.209,0.26,0.311,0.188,0.694,0.5,72.447,77.299,80.925,31.792,37.572,14.451,8.671,17.341,34.682,0,0,28.902,49.133,20.231,0.636,0.75,0.096,0.27,0.889,2.679,0.965,0.733,0.927,0.887,0.082,0.066,317.919,245.665,28.902,95.376,11.561,5.78,2.89,31.792,239.885,121.387,95.375,43.352,43.353,0,2.89,26.012,0,8.671,2.126,2.998,1.055,314.846,569.97,390.474,411.869,402.7,3.963,6.539,1.517,1.765,64.432,7.342,10.291,study.two.TEXT.59.General,60.440862068965544,8.94584564860427,12.145812807881777,11.765960540728903,studytwo,candidate
7.575733366,1.010460342,18.30292054,15,24,302,1.6,0.91,12.583,7.091,1.517,0.838,4.579,2.459,0.401,65.54,0.99,83.65,-0.436,33.36,-1.034,15.15,0.219,58.32,-1.376,8.53,-1.756,4.01,-1.305,9.68,0,0.348,0.043,0.038,0.362,0.059,0.084,0.112,0.072,0.101,0.137,0.17,0.146,0.118,0.138,0.151,0.284,0.128,0.777,0.523,83.749,87.154,102.649,13.245,43.046,13.245,26.49,33.113,39.735,0,0,39.735,39.735,33.113,0,0.364,0.049,0.33,0.717,2,0.723,0.692,0.935,0.905,0.083,0.092,324.503,281.457,39.735,89.404,6.623,9.934,19.868,33.113,208.61,142.385,79.47,52.98,105.96,13.245,3.311,82.781,0,0,2.149,2.915,1.423,355.313,573.378,384.393,398.041,416.29,3.66,6.708,1.587,1.699,65.725,7.218,12.169,study.two.TEXT.10.General,65.0487340153453,7.491506109690256,10.811935208866156,10.848893137575418,studytwo,candidate
10.27139593,0.888096627,26.8419032,24,33,396,1.375,0.875,12,7.878,1.682,0.906,4.859,2.666,-0.439,33,1.003,84.13,-0.853,19.77,0.284,61.03,0.218,58.32,-2.121,1.7,-1.89,2.94,-0.215,41.68,0.469,0.5,0.625,0.335,0.371,0.545,0.13,0.164,0.103,0.172,0.333,0.252,0.291,0.141,0.423,0.267,0.429,0.203,0.681,0.485,61.767,69.106,78.283,32.828,42.929,15.152,2.525,17.677,40.404,0,0,40.404,63.131,20.202,0.529,0.444,0.05,0.21,0.813,3.273,0.881,0.627,0.883,0.877,0.105,0.087,345.96,207.071,35.354,106.061,15.152,5.051,12.626,10.101,265.152,121.212,111.111,65.657,32.828,7.576,0,7.576,0,2.525,1.97,2.881,0.888,348.429,571.562,375.762,400.099,415.581,3.7,7.151,1.455,1.985,52.358,8.938,11.933,study.two.TEXT.100.General,44.104666666666674,11.839571428571428,16.11904761904762,14.622400222303426,studytwo,candidate
11.35477307,1.054461508,26.51912064,17,29,378,1.706,1.312,13.034,9.138,1.606,0.964,4.778,2.728,-0.599,27.43,1.286,89.97,-0.838,20.33,-1.077,14.23,0.159,55.96,-1.192,11.7,-3.859,0,0.112,54.38,0.179,0.25,0.321,0.123,0.204,0.183,0.042,0.081,0.049,0.102,0.21,0.142,0.184,0.109,0.273,0.187,0.328,0.136,0.708,0.513,77.367,79.725,95.238,23.81,47.619,29.101,5.291,5.291,58.201,0,0,37.037,52.91,18.519,0.4,0.375,0.054,0.228,0.839,2.379,1.101,0.642,0.916,0.898,0.131,0.08,341.27,214.286,34.392,103.175,23.81,13.228,23.81,15.873,269.841,134.921,71.43,47.619,23.81,0,2.646,5.291,0,2.646,2.07,2.983,1.19,362.424,571.913,374.568,391.176,408.613,3.835,7.098,1.542,2.06,57.738,8.444,11.146,study.two.TEXT.90.General,55.64100000000002,9.374000000000002,12.496410256410256,12.052694948225742,studytwo,candidate
11.53512225,1.46374934,25.26203051,12,22,332,1.833,1.467,15.091,9.859,1.377,0.851,4.208,2.468,-0.233,40.9,0.613,72.91,0.033,51.2,0.308,61.79,0.136,55.17,0.198,57.53,-3.553,0,-0.28,38.97,0.19,0.476,0.333,0.23,0.473,0.376,0.089,0.137,0.086,0.119,0.211,0.192,0.282,0.18,0.153,0.179,0.344,0.151,0.625,0.413,51.113,57.108,90.361,15.06,51.205,33.133,12.048,3.012,51.205,0,0,30.12,39.157,9.036,0.273,1,0.082,0.297,0.81,4,0.972,0.589,0.855,0.824,0.115,0.086,322.289,250,21.084,108.434,30.12,0,6.024,33.133,231.927,126.506,75.301,30.12,48.193,0,0,24.096,0,0,2.278,3.179,1.684,310.967,571.358,396.373,420.811,403.125,4.348,6.62,1.436,1.732,75.023,6.544,17.251,study.two.TEXT.35.General,73.87611676646708,7.103838323353298,9.674011976047906,9.516144504307135,studytwo,candidate
10.37402103,1.289024498,22.91387541,11,23,353,2.091,1.136,15.348,9.145,1.479,1.063,4.371,2.774,-0.354,36.32,0.647,73.89,-0.046,48.4,-0.15,44.04,0.093,53.59,-0.124,45.22,-0.36,35.94,-0.391,34.83,0.364,0.409,0.5,0.166,0.24,0.211,0.095,0.12,0.051,0.096,0.247,0.217,0.26,0.18,0.289,0.268,0.335,0.171,0.738,0.475,58.435,67.803,67.989,22.663,25.496,5.666,14.164,11.331,22.663,0,0,36.827,50.992,19.83,0.357,1,0.067,0.28,0.818,3.478,0.9,0.575,0.866,0.844,0.106,0.081,334.278,280.453,16.997,118.98,36.827,5.666,16.997,31.161,243.627,144.476,48.159,28.329,59.49,0,0,45.326,0,0,2.165,3.105,1.263,322.871,570.646,390.227,420.172,423.882,4.914,6.735,1.677,1.906,66.133,7.848,14.503,study.two.TEXT.45.General,64.71935245416915,8.887031342400949,11.76439976345358,11.20814326018867,studytwo,candidate
9.329608945,0.782473698,28.27844652,7,20,358,2.857,2.968,17.9,9.301,1.732,1.046,5.075,2.786,-0.775,22.06,0.083,53.19,-0.353,36.32,0.834,79.67,0.088,53.19,-0.564,28.77,-2.763,0.29,-0.808,21.19,0.737,0.842,0.895,0.386,0.434,0.607,0.237,0.209,0.123,0.16,0.358,0.25,0.25,0.121,0.536,0.235,0.413,0.184,0.636,0.475,65.136,72.98,81.006,27.933,39.106,19.553,11.173,19.553,50.279,0,0,25.14,41.899,8.38,0.6,1,0.048,0.434,0.763,3.9,1.161,0.585,0.856,0.825,0.08,0.08,346.369,156.425,27.933,111.732,2.793,8.38,11.173,11.173,270.949,120.111,195.53,55.866,5.587,0,0,0,0,0,2.124,2.876,1.207,358.4,574,373.628,402.036,420.678,4.01,6.08,1.505,1.745,42.139,11.829,19.411,study.two.TEXT.32.General,39.69193222782988,12.49552992069214,16.999279019466474,15.212178533308688,studytwo,candidate
7.203083651,0.698688219,21.8741089,19,25,324,1.316,0.582,12.96,9.338,1.809,1.135,5.284,2.967,-1.022,15.39,0.936,82.38,0.231,59.1,-1.084,14.01,0.077,52.79,-1.118,13.35,-1.925,2.74,0.271,60.64,0.333,0.417,0.375,0.246,0.282,0.292,0.077,0.087,0.048,0.079,0.19,0.185,0.303,0.144,0.177,0.201,0.295,0.147,0.728,0.577,101.721,117.357,83.333,27.778,27.778,3.086,9.259,15.432,46.296,0,0,37.037,46.296,24.691,0.231,0.667,0.096,0.309,0.896,2.56,0.889,0.624,0.874,0.866,0.097,0.065,385.802,172.84,27.778,138.889,6.173,9.259,30.864,12.346,376.544,135.802,98.766,49.382,27.778,0,0,9.259,0,0,2.05,2.806,1.69,358.382,564.391,416.752,430.427,434.436,3.754,5.418,1.441,2.12,40.639,10.811,10.447,study.two.TEXT.5.General,37.00180124223607,11.651917536672396,15.569763446544204,13.849809479280296,studytwo,implemented
7.683722973,1.019999122,17.50906763,16,32,372,2,1.826,11.625,6.664,1.538,0.955,4.656,2.468,-0.018,49.6,0.809,78.81,-0.26,39.74,-0.94,17.36,0.073,52.79,-0.628,26.76,-2.846,0.23,-1.043,14.92,0.226,0.355,0.323,0.174,0.279,0.196,0.081,0.117,0.078,0.152,0.228,0.221,0.141,0.142,0.265,0.25,0.317,0.148,0.689,0.492,79.036,93.387,91.398,21.505,40.323,18.817,18.817,2.688,51.075,0,0,37.634,51.075,26.882,0.333,0.273,0.043,0.25,0.742,2.25,0.724,0.72,0.934,0.92,0.132,0.09,346.774,206.989,40.323,120.968,16.129,8.065,0,8.065,239.248,77.957,126.344,56.451,64.516,0,2.688,5.376,0,48.387,2.38,3.086,1.28,340.15,577.108,386.477,411.258,424.36,3.717,5.213,1.444,1.362,64.921,7.092,20.142,study.two.TEXT.95.General,66.69720000000002,7.168836781609198,10.505747126436782,10.630303351738837,studytwo,candidate
9.959671845,1.345249058,21.32179845,23,26,278,1.13,0.344,10.692,7.744,1.572,1.002,4.665,2.839,-0.324,37.45,1.09,86.21,-0.067,47.61,-0.789,21.77,0.062,52.39,0.267,60.26,-0.351,36.32,0.892,81.33,0.12,0.28,0.16,0.093,0.21,0.117,0.07,0.124,0.049,0.101,0.133,0.176,0.048,0.031,0.136,0.148,0.287,0.116,0.776,0.496,52.747,61.962,68.345,14.388,32.374,10.791,25.18,10.791,21.583,0,0,46.763,46.763,28.777,0,0.444,0.056,0.349,0.96,1.923,0.861,0.597,0.859,0.859,0.14,0.108,327.338,302.158,10.791,104.317,35.971,3.597,14.388,35.971,223.021,147.482,35.971,17.986,79.137,0,7.194,64.748,0,0,2.212,3.081,1.294,347.028,570.907,399.986,420.767,421.725,4.411,6.546,1.716,1.812,62.991,7.129,16.326,study.two.TEXT.68.General,61.20500000000001,8.058490374873355,11.045187436676798,11.013438906972478,studytwo,candidate
9.361995598,0.978712615,23.15384825,19,28,354,1.474,0.697,12.643,6.549,1.669,1.096,5.017,2.947,-0.843,20.05,0.626,73.24,-1.098,13.79,-1.187,11.9,0.067,52.39,-0.81,20.9,-2.305,1.07,0.14,55.17,0.296,0.333,0.37,0.236,0.258,0.267,0.067,0.111,0.051,0.096,0.179,0.191,0.235,0.141,0.16,0.181,0.34,0.14,0.718,0.538,74.461,99.271,84.746,19.774,39.548,16.949,22.599,22.599,45.198,0,0,25.424,33.898,11.299,0.3,0.8,0.061,0.264,0.852,3,1.032,0.672,0.899,0.881,0.101,0.083,372.881,158.192,22.599,115.819,8.475,8.475,11.299,5.65,274.012,96.045,141.243,64.971,25.424,2.825,0,14.124,0,0,2.087,2.901,1.306,363.974,564.274,359.265,399.024,410.541,3.74,6.339,1.662,1.855,52.805,9.035,11.003,study.two.TEXT.96.General,53.323043755803184,9.5379004178273,12.66857010213556,12.161744961471694,studytwo,candidate
8.729303811,1.354891185,18.90090743,14,22,284,1.571,0.646,12.909,8.585,1.535,0.945,4.528,2.604,0.141,55.57,0.518,69.5,0.249,59.48,-0.239,40.9,0.069,52.39,-0.115,45.62,-2.482,0.66,-0.375,35.57,0.143,0.476,0.238,0.109,0.406,0.133,0.121,0.133,0.083,0.106,0.154,0.118,0.223,0.09,0.165,0.153,0.264,0.133,0.783,0.504,63.846,69.357,80.986,17.606,45.775,21.127,14.085,31.69,45.775,0,0,35.211,35.211,24.648,0,0.625,0.09,0.218,0.833,2.182,0.727,0.601,0.862,0.822,0.105,0.077,338.028,295.775,14.085,95.07,21.127,3.521,17.606,28.169,221.831,147.888,52.817,31.69,88.028,0,0,80.986,0,0,2.26,3.054,1.225,333.733,582.036,383.759,414.238,429.324,4.43,7.097,1.6,1.876,63.871,7.558,17.919,study.two.TEXT.108.General,59.99965617232809,9.040787075393538,12.59784589892295,12.108454555606665,studytwo,candidate
9.798666075,1.250475061,22.90214309,8,26,397,3.25,3.105,15.269,7.986,1.431,0.764,4.494,2.32,-0.46,32.28,0.559,70.88,0.811,79.1,0.407,65.54,0.037,51.2,-0.621,26.76,-2.31,1.04,0.752,77.34,0.56,0.72,0.56,0.293,0.429,0.302,0.14,0.124,0.082,0.113,0.241,0.214,0.163,0.157,0.491,0.22,0.354,0.139,0.714,0.439,52.143,62.218,88.161,17.632,32.746,10.076,22.67,5.038,47.859,0,0,37.783,47.859,20.151,0.25,0.444,0.095,0.301,0.94,2.5,1.217,0.579,0.864,0.843,0.087,0.095,279.597,279.597,20.151,88.161,30.227,2.519,10.076,15.113,251.889,133.502,37.783,25.189,60.453,0,0,42.821,2.519,0,2.064,2.974,1.214,328.732,561.56,421.62,431.336,419.763,3.856,6.944,1.58,2.1,70.274,7.251,13.443,study.two.TEXT.26.General,68.66441118693136,7.8535390818858595,10.885401157981804,10.686352973137792,studytwo,candidate
7.855775048,1.198348606,20.18648663,12,24,332,2,1.809,13.833,8.216,1.364,0.71,4.377,2.349,0.223,58.71,0.245,59.48,0.723,76.42,0.544,70.54,0.006,50,-0.171,43.25,-1.566,5.94,-0.079,46.81,0.348,0.783,0.478,0.254,0.562,0.324,0.138,0.117,0.101,0.119,0.231,0.191,0.222,0.134,0.193,0.165,0.335,0.117,0.715,0.483,62.186,69.935,75.301,18.072,27.108,18.072,27.108,18.072,30.12,0,0,36.145,42.169,21.084,0.154,0.625,0.09,0.434,0.87,1.958,0.928,0.649,0.842,0.833,0.065,0.076,310.241,295.181,30.12,96.386,24.096,9.036,6.024,42.169,231.928,138.555,66.265,39.157,105.422,15.06,3.012,75.301,0,0,2.165,2.919,1.254,339.324,577.114,403.259,427.912,434.267,4.735,7.621,1.482,2.016,77.4,5.9,14.228,study.two.TEXT.36.General,74.81049835706465,6.573767798466598,10.012267250821468,10.125756701596842,studytwo,implemented
10.90732887,1.223877502,25.13607375,12,28,401,2.333,1.875,14.321,8.005,1.653,1.062,4.791,2.836,-0.444,33,0.789,78.23,-1.074,14.23,-0.06,47.61,-0.003,50,-0.554,29.12,-1.996,2.33,-0.218,41.68,0.444,0.481,0.481,0.258,0.333,0.329,0.102,0.121,0.071,0.117,0.183,0.19,0.23,0.18,0.175,0.21,0.353,0.196,0.601,0.416,53.972,65.393,67.332,22.444,47.382,22.444,7.481,4.988,39.9,0,0,34.913,49.875,7.481,0.4,1,0.081,0.33,0.815,2.321,0.945,0.645,0.873,0.853,0.082,0.079,381.546,206.983,29.925,132.17,14.963,9.975,0,17.456,294.264,114.713,49.875,49.876,37.406,2.494,2.494,22.444,0,2.494,2.213,3.067,1.256,360.346,558.992,375.556,391.27,413.06,3.621,5.949,1.488,1.881,52.455,9.501,14.451,study.two.TEXT.84.General,48.77465014421537,10.85233628885803,13.663027454331804,12.879409894740691,studytwo,candidate
8.459761036,0.972461212,21.71109327,10,25,386,2.5,1.581,15.44,8.991,1.674,0.971,4.839,2.834,-0.851,19.77,0.206,57.93,0.266,60.26,0.041,51.6,-0.024,49.2,-0.442,33,-0.896,18.67,-0.405,34.46,0.542,0.708,0.667,0.292,0.431,0.364,0.146,0.178,0.076,0.115,0.247,0.236,0.209,0.163,0.287,0.311,0.337,0.163,0.706,0.505,65.427,84.033,72.539,28.497,23.316,7.772,10.363,18.135,28.497,0,0,28.497,38.86,15.544,0.333,1.286,0.084,0.261,0.833,4.44,0.981,0.613,0.85,0.842,0.115,0.093,365.285,173.575,25.907,139.896,18.135,2.591,10.363,10.363,344.559,93.265,85.493,49.222,38.86,0,2.591,36.269,0,0,2.074,2.894,1.383,345.781,570.091,398.992,424.568,434.42,3.949,6.465,1.434,2.265,49.543,10.185,15.706,study.two.TEXT.2.General,46.2154390451833,11.438691998538548,14.199537206186823,13.25671669890799,studytwo,implemented
8.939884807,1.137654441,22.94014864,21,31,320,1.476,1.289,10.323,7.801,1.834,1.175,5.341,2.921,-1.271,10.2,1.302,90.32,-0.727,23.58,-0.976,16.6,-0.033,48.8,-1.762,3.92,-1.805,3.59,0.391,65.17,0.333,0.333,0.333,0.169,0.188,0.173,0.083,0.154,0.051,0.107,0.233,0.242,0.334,0.169,0.181,0.224,0.342,0.15,0.72,0.514,66.929,86.486,87.5,15.625,37.5,3.125,15.625,15.625,50,0,0,31.25,34.375,12.5,0.091,0.8,0.027,0.152,0.883,1.839,1.157,0.608,0.899,0.882,0.142,0.099,343.75,225,9.375,96.875,25,3.125,3.125,18.75,300,134.375,106.25,18.75,28.125,0,0,21.875,0,0,1.951,2.832,1.207,392.649,561.786,376.776,405.494,413.542,3.697,6.678,1.311,2.214,41.201,10.077,11.336,study.two.TEXT.47.General,34.61272015823877,12.889447884416928,15.722669418644651,14.314028922438442,studytwo,candidate
6.561221891,1.01816393,17.19484329,18,30,310,1.667,0.907,10.333,6.1,1.529,0.858,4.842,2.645,-0.411,34.09,1.5,93.32,-0.625,26.76,-0.12,45.22,-0.062,47.61,-0.844,20.05,-1.657,4.95,-0.539,29.46,0.345,0.448,0.414,0.253,0.376,0.286,0.133,0.147,0.088,0.123,0.17,0.23,0.188,0.236,0.206,0.217,0.321,0.176,0.682,0.482,62.114,80.589,77.419,22.581,38.71,19.355,6.452,3.226,38.71,0,0,58.065,77.419,38.71,0.316,0.077,0.068,0.385,0.81,1.867,0.68,0.62,0.829,0.789,0.133,0.104,393.548,241.935,9.677,77.419,12.903,3.226,19.355,12.903,306.452,141.935,80.645,22.581,77.419,0,0,64.516,0,0,2.036,2.892,1.52,387.742,569.826,359.07,391.13,422.413,3.692,5.982,1.432,1.996,66.994,6.482,15.275,study.two.TEXT.66.General,64.73355436081243,7.082616487455198,9.753882915173238,10.082433333333334,studytwo,candidate
9.622850843,1.146430099,23.18512403,22,37,431,1.682,1.249,11.649,8.19,1.671,1.031,4.991,2.846,-0.657,25.78,0.888,81.06,-0.658,25.78,-0.926,17.88,-0.079,47.21,-0.621,26.76,-1.247,10.75,-0.31,37.83,0.306,0.333,0.389,0.187,0.26,0.238,0.068,0.113,0.05,0.108,0.13,0.172,0.193,0.134,0.119,0.174,0.284,0.155,0.695,0.477,71.736,89.218,78.886,16.241,34.803,13.921,20.882,23.202,34.803,0,0,34.803,39.443,25.522,0.125,0.5,0.071,0.249,0.833,2.189,0.752,0.615,0.873,0.844,0.17,0.087,368.91,232.019,30.162,116.009,23.202,2.32,16.241,13.921,278.422,118.329,67.285,34.803,55.684,0,2.32,44.084,0,2.32,2.054,2.997,1.267,371.06,565.73,369.571,402.648,417.337,3.673,6.472,1.54,1.982,53.645,8.671,14.541,study.two.TEXT.78.General,54.04009174311926,9.590196592398428,12.558846657929228,12.096993983539278,studytwo,candidate
5.575985672,1.296306395,14.21245556,22,33,340,1.5,0.74,10.303,6.203,1.568,0.918,4.891,2.498,-0.589,27.76,0.439,66.64,0.166,56.36,-0.453,32.64,-0.089,46.41,-0.263,39.74,-2.193,1.43,0.775,77.94,0.375,0.469,0.438,0.189,0.302,0.24,0.098,0.127,0.061,0.111,0.289,0.24,0.383,0.239,0.28,0.25,0.385,0.175,0.755,0.543,86.743,100.021,79.412,20.588,26.471,14.706,11.765,2.941,44.118,0,0,29.412,44.118,11.765,0.455,0.8,0.114,0.44,0.922,1.939,0.676,0.66,0.878,0.842,0.115,0.082,367.647,255.882,23.529,100,20.588,2.941,26.471,17.647,279.411,120.588,70.588,29.412,85.294,0,5.882,67.647,0,2.941,2.124,2.883,1.007,353.314,569.837,398.912,421.236,425.826,4.668,7.204,1.514,2.182,63.725,6.931,14.311,study.two.TEXT.44.General,58.06394109396916,8.843786816269287,12.382047685834502,11.963201046758964,studytwo,candidate
10.41932531,0.864769211,23.72076616,15,31,373,2.067,1.387,12.032,6.667,1.448,0.769,4.458,2.359,-0.188,42.86,0.88,80.78,0.702,75.8,-0.251,40.13,-0.142,44.43,-0.729,23.27,-1.454,7.35,0.257,59.87,0.3,0.433,0.333,0.196,0.263,0.216,0.093,0.119,0.053,0.095,0.199,0.172,0.253,0.163,0.175,0.191,0.31,0.132,0.731,0.495,67.347,72,72.386,21.448,34.853,10.724,8.043,16.086,37.534,0,0,48.257,56.3,26.81,0.158,0.455,0.061,0.314,0.883,1.742,0.846,0.567,0.843,0.825,0.159,0.105,351.206,276.139,13.405,99.196,16.086,2.681,16.086,26.81,222.52,163.54,64.343,16.086,77.748,2.681,8.043,53.619,0,8.043,2.079,2.998,1.183,322.411,570.545,411.129,429.909,441.68,3.912,7.064,1.792,1.886,72.122,6.189,15.731,study.two.TEXT.48.General,69.53153846153847,7.15372340425532,9.827168576104746,10.035473477838034,studytwo,implemented
10.83676053,0.747030976,27.92994942,15,21,237,1.4,0.828,11.286,8.14,1.536,0.805,4.646,2.453,-0.521,30.15,1.374,91.47,0.033,51.2,-0.307,38.21,-0.209,42.07,-0.513,30.5,-1.758,4.01,0.093,53.59,0.35,0.45,0.35,0.194,0.277,0.219,0.126,0.147,0.069,0.117,0.241,0.292,0.297,0.251,0.234,0.299,0.327,0.155,0.724,0.546,69.225,72.783,63.291,21.097,37.975,8.439,16.878,8.439,46.414,0,0,54.852,63.291,42.194,0.143,0.273,0.061,0.483,0.875,1.476,1.175,0.653,0.841,0.81,0.055,0.091,329.114,215.19,8.439,88.608,12.658,12.658,8.439,16.878,253.165,122.363,105.485,21.097,59.072,12.658,4.219,33.755,0,4.219,1.969,2.928,1.998,351.875,573.469,395.262,421.719,432.62,3.678,6.601,1.85,1.886,65.434,6.936,8.632,study.two.TEXT.76.General,63.9341666666667,7.654166666666669,12,11.645159339076184,studytwo,candidate
9.895304417,0.868064349,24.48280105,13,20,370,1.538,0.776,18.5,12.592,1.541,0.782,4.789,2.415,-0.766,22.36,0.088,53.19,0.115,54.38,0.889,81.06,-0.223,41.29,-1.589,5.71,-1.871,3.07,-0.174,43.25,0.526,0.632,0.737,0.497,0.641,0.662,0.129,0.189,0.098,0.141,0.401,0.242,0.388,0.192,0.462,0.235,0.465,0.182,0.675,0.484,59.678,71.519,83.784,21.622,29.73,10.811,13.514,10.811,43.243,0,0,21.622,27.027,18.919,0.222,0.875,0.099,0.4,0.816,3.35,1,0.563,0.849,0.809,0.047,0.057,332.432,229.73,29.73,124.324,29.73,2.703,24.324,13.514,259.459,135.135,81.082,48.649,16.216,0,0,2.703,0,13.514,1.847,2.828,0.774,368.619,553.936,393.66,412.582,418.31,4.007,7.28,1.487,2.069,57.689,9.809,5.591,study.two.TEXT.15.General,55.5470430107527,10.645806451612902,12.675268817204302,11.750952952430431,studytwo,candidate
12.3040961,0.907796442,31.45957849,22,29,266,1.318,0.894,9.172,9.809,1.526,0.987,4.756,2.698,-1.138,12.92,1.223,88.88,0.587,71.9,-0.206,42.07,-0.265,39.74,-1.378,8.53,-0.785,21.77,0.659,74.22,0.357,0.429,0.429,0.132,0.149,0.149,0.111,0.167,0.037,0.103,0.319,0.247,0.279,0.231,0.304,0.251,0.356,0.138,0.688,0.5,43.985,54.372,60.15,18.797,30.075,7.519,11.278,11.278,26.316,0,0,48.872,56.391,7.519,0.143,1,0.037,0.15,0.911,2.241,0.844,0.567,0.808,0.741,0.139,0.096,428.571,187.97,15.038,131.579,18.797,7.519,37.594,0,345.865,131.578,75.187,26.316,11.278,0,0,0,0,0,1.9,2.88,0.818,358.895,554.798,426.909,447.096,434.746,3.99,6.435,1.82,2.362,68.426,5.994,11.468,study.two.TEXT.27.General,65.39067884273479,7.044166801357687,10.774915144658156,10.756437189917309,studytwo,implemented
10.24212054,1.067148595,22.64532336,14,24,387,1.714,1.326,16.125,9.548,1.457,0.808,4.499,2.418,-0.193,42.47,0.245,59.48,0.369,64.06,0.406,65.54,-0.281,38.97,-1.081,14.01,-1.529,6.3,0.209,57.93,0.348,0.565,0.348,0.297,0.427,0.308,0.127,0.148,0.084,0.122,0.217,0.23,0.327,0.222,0.18,0.124,0.357,0.189,0.656,0.452,61.197,68.137,74.935,20.672,33.592,12.92,5.168,28.424,36.176,0,0,31.008,33.592,12.92,0.077,1.333,0.057,0.283,0.87,3.125,0.943,0.596,0.838,0.838,0.101,0.07,354.005,245.478,10.336,113.695,18.088,5.168,10.336,28.424,271.318,131.783,54.264,20.672,85.271,5.168,7.752,59.432,0,0,2.039,2.975,0.899,344.18,566.409,404.269,425.883,425.137,4.149,6.857,1.684,2.089,67.206,7.891,13.07,study.two.TEXT.49.General,63.027308139534895,9.275363049095606,11.66764857881137,11.003577315987393,studytwo,candidate
7.479558155,1.028399721,19.16883669,12,27,346,2.25,1.422,12.815,7.39,1.734,1.06,5.13,2.928,-0.775,22.06,1.159,87.49,-0.28,38.97,-0.791,21.48,-0.287,38.97,-1.461,7.21,-2.224,1.32,-0.578,28.43,0.269,0.5,0.308,0.158,0.316,0.191,0.125,0.158,0.066,0.121,0.184,0.183,0.142,0.141,0.244,0.224,0.316,0.173,0.755,0.526,78.666,96.997,80.925,11.561,37.572,11.561,17.341,8.671,46.243,0,0,40.462,49.133,23.121,0.2,0.111,0.075,0.226,0.808,1.963,1.064,0.665,0.896,0.866,0.111,0.097,343.931,228.324,23.121,109.827,26.012,5.78,14.451,20.231,291.907,115.607,80.925,37.572,54.913,0,0,46.243,0,0,2.055,2.913,1.274,365.214,554.422,389.458,413.206,426.382,3.499,6.255,1.478,2.028,47.131,9.869,13.936,study.two.TEXT.64.General,43.776494173662456,10.901405838867312,13.297030447312366,12.583877053449475,studytwo,candidate
6.801561245,0.905499687,19.9152154,14,26,380,1.857,1.167,14.615,9.704,1.703,1.077,5.276,2.722,-1.186,11.9,0.669,74.54,1.304,90.32,0.45,67.36,-0.285,38.97,-1.846,3.29,-1.966,2.5,-0.265,39.74,0.48,0.56,0.6,0.42,0.468,0.522,0.135,0.153,0.109,0.139,0.272,0.227,0.393,0.147,0.145,0.219,0.385,0.17,0.595,0.421,64.065,69.891,81.579,18.421,28.947,10.526,13.158,13.158,42.105,0,0,36.842,36.842,18.421,0,0.875,0.07,0.278,0.84,3.231,0.972,0.615,0.855,0.831,0.061,0.062,368.421,215.789,5.263,113.158,28.947,2.632,13.158,18.421,352.632,107.895,76.316,10.527,63.158,0,0,57.895,0,2.632,1.807,2.72,0.51,356.954,564.447,439.606,446.693,437.913,3.746,7.087,1.692,2.704,47.927,10.205,5.873,study.two.TEXT.114.General,44.81528708133973,11.29952153110048,14.5933014354067,13.535368456167088,studytwo,candidate
7.056336616,0.697528452,19.56374441,16,27,385,1.688,1.352,14.259,10.522,1.527,0.901,4.59,2.428,-0.742,22.96,0.952,82.89,0.911,81.86,-0.262,39.74,-0.347,36.69,-1.411,7.93,-2.777,0.28,-0.007,50,0.462,0.462,0.5,0.284,0.358,0.349,0.122,0.163,0.08,0.142,0.287,0.255,0.293,0.197,0.311,0.294,0.377,0.173,0.646,0.501,69.469,100.168,77.922,12.987,31.169,20.779,12.987,18.182,46.753,0,0,46.753,51.948,15.584,0.105,0.429,0.055,0.331,0.885,3.407,1.02,0.694,0.919,0.915,0.07,0.068,389.61,187.013,18.182,150.649,12.987,2.597,33.766,15.584,342.856,116.883,59.74,28.571,41.558,5.195,0,28.571,0,2.597,2.041,2.768,1.139,351.206,569.368,399.981,431.509,446.705,4.221,7.194,1.893,2.543,63.178,7.99,10.96,study.two.TEXT.72.General,58.063587628866,9.980123711340203,13.223917525773196,12.428777171816233,studytwo,candidate
9.77099556,1.273975011,22.32465818,14,28,392,2,1.664,14,7.257,1.477,0.849,4.459,2.448,-0.12,45.22,1.073,85.77,-0.084,46.81,0.24,59.1,-0.392,34.83,-0.569,28.43,-2.823,0.24,-1.318,9.51,0.333,0.519,0.37,0.2,0.396,0.231,0.111,0.118,0.092,0.139,0.182,0.18,0.253,0.235,0.157,0.114,0.335,0.191,0.738,0.464,56.973,60.217,81.633,10.204,35.714,17.857,17.857,2.551,48.469,0,0,38.265,43.367,28.061,0.125,0.333,0.108,0.299,0.722,2.643,0.968,0.59,0.85,0.83,0.11,0.108,290.816,308.673,30.612,73.98,30.612,10.204,12.755,30.612,204.081,155.612,68.878,43.367,66.327,0,0,56.122,0,2.551,2.251,3.056,1.15,354.686,567.447,396.063,413.187,420.396,4.501,7.783,1.574,1.896,67.671,7.299,17.503,study.two.TEXT.9.General,67.05600582816321,7.53156796390299,10.100996427899982,10.25414643259724,studytwo,candidate
8.055367757,1.047782875,20.28027861,23,28,381,1.217,0.85,13.607,8.628,1.425,0.826,4.488,2.52,-0.351,36.32,0.712,76.11,0.746,77.04,0.289,61.03,-0.411,34.09,-0.189,42.86,-1.451,7.35,0.066,52.39,0.296,0.481,0.519,0.182,0.413,0.329,0.175,0.179,0.096,0.135,0.261,0.245,0.179,0.222,0.272,0.219,0.342,0.14,0.737,0.477,56.17,65.889,68.241,15.748,26.247,7.874,15.748,10.499,34.121,0,0,41.995,49.869,20.997,0.176,0.333,0.06,0.413,0.87,1.464,1.181,0.601,0.839,0.817,0.106,0.102,293.963,280.84,10.499,86.614,28.871,7.874,10.499,31.496,236.221,139.108,89.239,23.622,76.115,2.625,0,68.241,0,2.625,2.139,2.92,1.193,329.395,576.449,412.719,433.975,437.065,4.382,7.012,1.572,1.917,72.469,6.532,18.094,study.two.TEXT.115.General,67.89740980299078,8.113905767861382,11.24562069784002,10.92785942931718,studytwo,candidate
9.207007612,1.02632492,20.71109265,13,24,387,1.846,1.144,16.125,7.526,1.548,0.924,4.599,2.681,0.197,57.53,-0.047,48.4,0.29,61.03,0.498,68.79,-0.443,33,-0.331,37.07,-0.417,34.09,-0.266,39.74,0.391,0.609,0.435,0.308,0.519,0.373,0.142,0.135,0.119,0.14,0.195,0.18,0.188,0.163,0.279,0.175,0.361,0.152,0.645,0.429,65.486,64.496,62.016,12.92,28.424,12.92,23.256,5.168,20.672,0,0,36.176,43.928,12.92,0.2,0.5,0.058,0.381,0.848,3.5,0.936,0.646,0.879,0.856,0.07,0.074,372.093,248.062,12.92,113.695,20.672,7.752,15.504,31.008,232.558,121.448,74.935,23.256,100.775,2.584,25.84,69.767,0,0,2.182,3.065,1.241,309.904,573.521,413.063,425.008,427.7,4.026,7.483,1.729,2.066,59.507,8.965,15.128,study.two.TEXT.50.General,60.99838220424675,8.931347039658466,12.311830131445904,11.882522634951826,studytwo,candidate
7.739390141,1.044863705,18.99611237,18,27,371,1.5,0.786,13.741,8.968,1.563,0.952,4.887,2.736,-0.777,22.06,0.908,81.59,0.978,83.4,-0.539,29.81,-0.488,31.56,-0.571,28.43,-2.262,1.19,-0.975,16.6,0.269,0.462,0.346,0.158,0.326,0.195,0.088,0.108,0.064,0.116,0.226,0.2,0.199,0.166,0.261,0.196,0.343,0.167,0.756,0.488,74.596,78.81,75.472,16.173,21.563,13.477,16.173,5.391,45.822,0,0,37.736,43.127,29.65,0.133,0.417,0.067,0.404,0.769,2.037,1.033,0.672,0.875,0.852,0.117,0.097,326.146,261.456,8.086,99.73,32.345,0,26.954,18.868,245.283,137.467,78.167,10.782,70.081,2.695,0,67.385,0,0,1.962,2.856,0.991,326.773,568.596,401.011,429.691,442.97,4.515,7.086,1.63,2.007,60.658,8.212,10.305,study.two.TEXT.82.General,55.00948169362084,9.426890161725066,12.544519317160828,12.086156645461164,studytwo,candidate
10.05691508,0.65899089,25.698215480000002,13,22,395,1.692,1.032,17.955,12.36,1.828,1.14,5.278,3.063,-1.843,3.29,0.414,65.91,0.021,50.8,-0.98,16.35,-0.579,28.43,-1.319,9.51,-3.001,0.13,0.506,69.15,0.286,0.333,0.286,0.212,0.236,0.242,0.074,0.108,0.047,0.095,0.291,0.173,0.289,0.162,0.328,0.207,0.388,0.186,0.703,0.495,72.6,80.018,81.013,17.722,35.443,20.253,12.658,7.595,55.696,0,0,27.848,35.443,12.658,0.25,0.667,0.066,0.247,0.881,4.773,1.279,0.588,0.883,0.88,0.138,0.078,374.684,174.684,10.127,131.646,20.253,2.532,12.658,7.595,291.139,86.076,149.368,15.19,17.722,5.063,0,12.658,0,0,1.712,2.815,0.962,384.406,551.489,401.081,423.424,426.683,3.194,7.628,1.757,2.451,33.962,12.983,5.302,study.two.TEXT.83.General,31.862081339712944,13.992966507177034,17.932801701222754,15.903189008614271,studytwo,candidate
9.981050304,1.1811001,23.69861974,23,30,367,1.304,0.559,12.233,7.445,1.706,1.061,4.935,3.037,-0.636,26.43,1.071,85.77,-1.283,10.03,-0.389,35.2,-0.723,23.58,-1.216,11.31,-0.39,34.83,-0.135,44.83,0.345,0.483,0.414,0.131,0.314,0.151,0.128,0.188,0.063,0.107,0.226,0.216,0.197,0.17,0.23,0.21,0.339,0.183,0.742,0.473,55.002,70.786,54.496,19.074,24.523,10.899,8.174,8.174,27.248,0,0,38.147,43.597,29.973,0.133,0.5,0.069,0.231,0.845,1.567,0.782,0.613,0.891,0.849,0.165,0.095,378.747,261.58,21.798,136.24,29.973,0,21.798,24.523,267.031,141.689,68.12,27.248,57.221,2.725,0,35.422,0,0,1.925,2.986,1.269,413,556.846,358.917,389.626,416.446,3.863,6.279,1.451,1.989,50.091,9.312,14.524,study.two.TEXT.75.General,39.585835240274605,12.54955377574371,15.899542334096113,14.479175932971131,studytwo,candidate
9.187944399,0.846211819,22.58063432,28,35,328,1.25,0.752,9.371,6.87,1.793,1.12,5.43,3.266,-0.844,20.05,0.709,75.8,-1.002,15.87,-0.93,17.62,-0.903,18.41,-2.126,1.7,-0.951,17.11,0.82,79.39,0.324,0.353,0.382,0.166,0.18,0.197,0.106,0.185,0.056,0.139,0.184,0.21,0.321,0.281,0.159,0.202,0.361,0.185,0.717,0.54,64.983,108.085,54.878,18.293,30.488,15.244,0,15.244,27.439,0,0,24.39,30.488,15.244,0.222,0.667,0.004,0.099,0.926,1.886,0.861,0.649,0.867,0.852,0.118,0.071,432.927,143.293,24.39,128.049,9.146,12.195,12.195,9.146,329.268,85.366,100.611,33.537,27.439,3.049,0,18.293,0,3.049,1.912,2.824,1.228,365.27,560.585,382.31,408.83,418.052,3.071,6.497,1.9,2.218,45.636,9.222,10.186,study.two.TEXT.33.General,45.56313699307617,9.69485756676558,12.68324431256182,11.792908689023552,studytwo,candidate
8.070691874,1.071191468,20.683653,12,18,287,1.5,0.798,15.944,8.062,1.474,0.999,4.498,2.575,0.369,64.06,-0.243,40.52,0.531,70.19,1.444,92.51,-0.964,16.85,0.376,64.43,0.308,61.79,-0.95,17.11,0.471,0.588,0.647,0.48,0.624,0.584,0.158,0.17,0.155,0.141,0.237,0.215,0.236,0.271,0.283,0.14,0.363,0.189,0.576,0.408,48.911,56.882,55.749,6.969,17.422,3.484,20.906,10.453,17.422,0,0,27.875,27.875,17.422,0,0.333,0.09,0.492,0.794,2.444,0.772,0.601,0.801,0.759,0.033,0.051,355.401,282.23,6.969,80.139,13.937,0,17.422,34.843,247.387,146.341,52.265,17.422,111.498,24.39,0,76.655,0,3.484,2.383,3.073,0.99,340.618,570.591,407.889,429.091,431.206,5.173,7.218,1.341,2.098,65.951,8.021,18.147,study.two.TEXT.28.General,65.3049866775979,8.344640295142451,12.467226890756304,12.000913495891488,studytwo,implemented
8.19572998,0.975602374,23.02626236,9,16,231,1.778,1.093,14.438,9.395,1.736,1.081,5.251,3.018,-0.67,25.14,0.437,66.64,-0.309,37.83,1.22,88.69,-1.184,11.9,-2.204,1.39,-3.758,0,-0.498,31.21,0.667,0.667,0.667,0.648,0.667,0.686,0.192,0.125,0.179,0.175,0.445,0.196,0.406,0.17,0.522,0.207,0.402,0.203,0.648,0.491,53.263,53.446,82.251,12.987,25.974,17.316,0,4.329,69.264,0,0,25.974,30.303,4.329,0.143,1,0.053,0.229,0.8,2.313,1.016,0.669,0.872,0.862,0.069,0.093,363.636,225.108,25.974,103.896,8.658,4.329,12.987,12.987,303.03,138.528,129.87,30.303,30.303,0,0,21.645,0,0,1.91,2.759,0.963,409.533,560.386,360.145,395.015,431.946,3.876,7.811,1.771,2.506,45.315,10.526,11.643,study.two.TEXT.22.General,40.349366952789694,11.765950337216434,16.442550582464747,14.656154480655498,studytwo,implemented
6.253573597,1.110855919,13.31073362,16,18,354,1.125,0.342,19.667,14.233,1.545,0.764,4.805,2.559,-0.046,48.4,0.038,51.2,0.079,52.79,0.331,62.93,2.647,99.59,0.01,50,-2.225,1.32,0.85,80.23,0.353,0.588,0.529,0.392,0.48,0.464,0.125,0.182,0.115,0.164,0.228,0.169,0.338,0.071,0.231,0.175,0.35,0.16,0.603,0.44,51.37,75.29,115.819,48.023,76.271,16.949,19.774,42.373,45.198,0,0,19.774,28.249,11.299,0.375,2.8,0.112,0.485,0.912,4.333,0.695,0.731,0.863,0.821,0.081,0.042,364.407,231.638,14.124,132.768,5.65,14.124,11.299,2.825,234.463,110.169,98.87,28.249,28.249,0,2.825,16.949,0,8.475,2.21,2.985,1.136,337.722,576.119,398.021,422.079,418.803,4.415,6.422,1.616,1.721,56.166,10.311,15.533,study.two.TEXT.1.COVID,33.11293932360745,20.347901193633948,22.881830238726792,15.579741850924794,studytwo,candidate
6.850907404,0.892430896,16.06576061,8,11,228,1.375,0.518,20.727,9.078,1.632,1.013,4.864,2.647,0.233,59.1,-0.223,41.29,-0.466,32.28,0.173,56.75,1.798,96.33,0.184,57.14,-4.391,0,0.705,75.8,0.5,0.6,0.5,0.309,0.491,0.309,0.179,0.17,0.098,0.111,0.2,0.236,0.372,0.376,0.177,0.209,0.268,0.188,0.706,0.534,80.02,105.981,127.193,30.702,78.947,30.702,17.544,26.316,61.404,0,0,30.702,39.474,8.772,0.25,1.667,0.101,0.533,0.9,4.818,1,0.592,0.813,0.793,0.107,0.065,320.175,188.597,39.474,140.351,4.386,21.93,48.246,4.386,179.825,118.422,127.193,92.105,65.789,0,8.772,52.632,0,4.386,2.383,3.013,1.217,339.375,578.388,367.145,389.035,415.613,4.362,6.738,1.308,1.351,47.73,11.751,23.795,study.two.TEXT.2.COVID,46.42246153846153,12.597538461538466,16.026666666666667,14.410869940926824,studytwo,implemented
6.772422749,0.879274659,13.94360295,12,20,393,1.667,0.985,19.65,7.225,1.453,0.798,4.506,2.493,1.293,90.15,0.618,72.91,0.027,50.8,1.66,95.15,2.402,99.18,-1.069,14.46,-1.953,2.56,-0.674,25.14,0.316,0.684,0.316,0.462,0.724,0.51,0.148,0.112,0.184,0.182,0.217,0.151,0.201,0.106,0.296,0.195,0.412,0.197,0.457,0.285,57.87,53.594,122.137,33.079,96.692,25.445,17.812,30.534,38.168,0,0,35.623,45.802,38.168,0.267,0.563,0.062,0.451,0.789,5.65,0.491,0.618,0.843,0.814,0.065,0.08,358.779,290.076,20.356,122.137,0,12.723,12.723,35.623,193.384,127.227,58.525,38.168,99.237,10.178,0,71.247,0,17.812,2.451,3.114,1.26,317.103,586.336,382.705,401.043,429.054,3.93,5.828,1.349,1.367,63.966,9.219,21.11,study.two.TEXT.3.COVID,61.10903409090912,11.226022727272731,14.086363636363638,11.93303328291395,studytwo,candidate
6.498348548,1.189744028,13.90417955,12,23,423,1.917,0.669,18.391,8.373,1.532,0.902,4.636,2.714,1.05,85.08,0.768,77.64,-0.869,19.22,0.861,80.51,2.902,99.81,-0.547,29.46,-2.105,1.79,-1.447,7.49,0.136,0.636,0.273,0.2,0.589,0.337,0.155,0.105,0.148,0.133,0.213,0.182,0.203,0.171,0.242,0.108,0.333,0.127,0.542,0.328,53.492,60.173,132.388,49.645,92.199,21.277,16.548,42.553,42.553,0,0,28.369,44.917,28.369,0.538,1.077,0.107,0.42,0.682,5.043,0.582,0.684,0.859,0.841,0.074,0.08,330.969,297.872,30.733,104.019,4.728,18.913,14.184,28.369,182.033,130.023,63.83,56.738,92.199,21.277,2.364,61.466,0,4.728,2.381,3.094,1.797,364.429,576.467,371.619,394.175,412.888,4.28,6.044,1.27,1.345,58.561,9.66,20.473,study.two.TEXT.4.COVID,60.22779001468432,10.22953429830082,13.581539752464863,12.45797560212912,studytwo,candidate
6.890462308,1.071027436,16.2134345,4,10,264,2.5,1.732,26.4,12.723,1.443,0.788,4.576,2.308,1.019,84.38,-1.044,14.92,0.54,70.19,1.423,92.22,1.379,91.47,-0.567,28.77,-2.636,0.43,1.379,91.47,0.667,0.889,0.667,0.622,0.778,0.756,0.192,0.129,0.153,0.109,0.26,0.176,0.265,0.182,0.364,0.064,0.305,0.148,0.708,0.483,72.203,76.701,113.636,34.091,53.03,11.364,15.152,15.152,56.818,0,0,15.152,26.515,22.727,0.6,1,0.082,0.495,1,4,0.735,0.679,0.841,0.826,0.063,0.062,337.121,333.333,18.939,94.697,18.939,15.152,26.515,26.515,200.757,147.727,64.394,34.091,102.273,3.788,7.576,45.455,0,45.455,2.271,3.045,0.995,349.818,571.076,380.553,400.275,431.186,4.701,6.619,1.816,1.772,57.961,11.733,19.289,study.two.TEXT.5.COVID,59.14030811808121,11.742837638376384,14.234833948339483,11.792908689023552,studytwo,candidate
8.247511639,1.073996469,19.34938035,6,11,225,1.833,1.169,20.455,8.438,1.484,0.824,4.56,2.427,0.571,71.57,-0.117,45.62,0.128,54.78,0.805,78.81,0.638,73.57,-0.16,43.64,-3.261,0.06,-1.331,9.18,0.5,0.8,0.6,0.545,0.655,0.636,0.171,0.144,0.137,0.124,0.192,0.16,0.138,0.184,0.394,0.071,0.333,0.153,0.622,0.485,77.292,79.855,97.778,13.333,62.222,26.667,22.222,40,48.889,0,0,31.111,31.111,8.889,0,1,0.085,0.481,0.75,6.364,0.783,0.692,0.892,0.875,0.064,0.064,382.222,200,26.667,137.778,8.889,17.778,31.111,4.444,235.556,115.555,80,71.111,62.222,0,0,44.444,0,13.333,2.432,3.07,1.31,344.957,581.548,383.688,405.369,424.443,4.407,6.218,1.267,1.591,60.527,9.899,21.832,study.two.TEXT.6.COVID,59.60148701298704,10.684800865800868,13.222683982683984,11.792908689023552,studytwo,candidate
5.410096807,1.023336272,12.40622352,12,17,304,1.417,0.669,17.882,9.017,1.533,0.874,4.711,2.487,0.455,67.36,0.669,74.54,-0.149,44.43,-0.219,41.29,2.574,99.49,-0.075,47.21,-5.588,0,0.398,65.17,0.375,0.5,0.375,0.2,0.461,0.209,0.14,0.145,0.093,0.11,0.152,0.227,0.1,0.088,0.244,0.197,0.291,0.17,0.679,0.492,72.542,95.067,134.868,39.474,88.816,42.763,13.158,9.868,75.658,0,0,29.605,55.921,16.447,0.8,1.333,0.076,0.411,0.875,3.647,0.702,0.642,0.887,0.887,0.084,0.074,351.974,246.711,26.316,111.842,6.579,16.447,42.763,23.026,210.525,131.578,105.263,49.342,88.816,0,9.868,72.368,0,3.289,2.403,2.988,1.659,337.433,580.027,373.622,384.241,421.469,4.548,7.031,1.344,1.625,58.993,9.473,20.798,study.two.TEXT.7.COVID,53.07189927336509,11.72358306188925,15.04875970934603,13.518907172268552,studytwo,candidate
6.625576055,0.828713756,16.96331382,7,16,337,2.286,1.113,21.063,7.479,1.721,1.029,5.187,2.744,0.477,68.08,0.618,72.91,0.14,55.57,0.619,72.91,1.72,95.73,-0.882,18.94,-3.984,0,0.492,68.79,0.333,0.333,0.333,0.19,0.333,0.21,0.166,0.149,0.155,0.17,0.34,0.267,0.298,0.257,0.633,0.194,0.442,0.197,0.542,0.418,64.45,67.708,124.629,29.674,83.086,29.674,14.837,23.739,56.38,0,0,26.706,32.641,17.804,0.2,1.143,0.101,0.592,0.833,5.5,0.903,0.637,0.841,0.812,0.099,0.089,272.997,222.552,23.739,91.988,2.967,11.869,38.576,26.706,178.041,145.401,103.857,109.792,91.988,0,2.967,35.608,0,47.478,2.19,2.901,1.152,301.243,586.386,404.345,424.901,426.97,3.605,6.381,1.361,1.31,39.859,12.932,18.34,study.two.TEXT.8.COVID,36.92272799208706,13.690694362017805,18.126132542037585,16.072389612768465,studytwo,candidate
7.400831356,0.660392962,17.39323564,10,18,293,1.8,0.919,16.278,12.123,1.427,0.753,4.512,2.297,0.595,72.24,0.821,79.39,2.6,99.52,0.573,71.57,1.947,97.38,-1.671,4.75,-4.786,0,-0.422,33.72,0.529,0.706,0.647,0.248,0.496,0.376,0.15,0.121,0.095,0.118,0.3,0.149,0.238,0.132,0.338,0.18,0.356,0.158,0.667,0.476,71.767,82.727,136.519,30.717,61.433,27.304,30.717,23.891,68.259,0,0,37.543,44.369,20.478,0.167,1.143,0.036,0.313,0.824,2.667,0.678,0.649,0.892,0.888,0.09,0.086,389.078,208.191,23.891,156.997,0,10.239,40.956,13.652,262.799,143.345,51.195,40.956,88.737,0,0,64.846,0,23.891,2.15,2.939,1.176,256.479,586.188,450.887,461.28,442.278,4.266,6.381,1.646,1.878,69.589,7.597,16.069,study.two.TEXT.9.COVID,63.4814997418689,10.099664429530204,12.92762003097574,11.51311941424646,studytwo,candidate
6.435466602,0.887809021,17.43171645,16,24,345,1.5,0.816,14.375,8.24,1.565,0.857,4.855,2.475,-0.359,36.32,0.868,80.51,0.318,62.17,-0.797,21.48,0.973,83.4,-1.218,11.31,-2.779,0.28,0.293,61.41,0.478,0.565,0.565,0.173,0.27,0.232,0.131,0.127,0.054,0.091,0.25,0.196,0.228,0.16,0.308,0.144,0.323,0.13,0.731,0.529,73.222,125.862,104.348,14.493,52.174,20.29,34.783,11.594,43.478,0,0,40.58,46.377,11.594,0.133,0.6,0.055,0.424,0.891,3.333,0.975,0.701,0.929,0.915,0.097,0.078,344.928,231.884,17.391,113.043,14.493,17.391,26.087,11.594,263.768,133.333,104.348,49.275,57.971,0,0,52.174,0,2.899,2.054,2.821,1.257,326.729,573.274,406.728,424.716,412.964,4.039,7.026,1.652,2.01,59.845,8.483,13.366,study.two.TEXT.10.COVID,56.48421052631579,9.970292397660824,13.201439496176338,12.488612386084178,studytwo,candidate
7.271094798,0.983070317,17.08041299,7,12,203,1.714,0.756,16.917,10.386,1.547,0.88,4.665,2.617,0.503,69.15,0.666,74.54,0.057,51.99,-0.079,47.21,0.933,82.38,-1.289,9.85,-5.203,0,-0.091,46.41,0,0.545,0.091,0.062,0.538,0.138,0.136,0.114,0.112,0.108,0.299,0.185,0.293,0.235,0.325,0.17,0.302,0.158,0.832,0.582,88.649,82.73,118.227,9.852,88.67,39.409,14.778,9.852,73.892,0,0,34.483,39.409,29.557,0.125,0.286,0.106,0.456,0.818,4.333,0.828,0.635,0.9,0.856,0.1,0.066,369.458,266.01,9.852,68.966,9.852,14.778,19.704,29.557,211.823,152.709,78.818,29.557,113.301,0,0,98.522,0,4.926,2.164,3.01,1.62,307.591,570.63,381.058,413.245,403.359,3.617,6.769,1.734,1.694,58.788,9.262,16.255,study.two.TEXT.11.COVID,56.09039952153111,10.627985645933013,13.910239234449762,12.857556352371637,studytwo,candidate
5.615439112,0.831254478,12.30141143,12,21,393,1.75,0.866,18.714,7.38,1.435,0.736,4.527,2.272,0.616,72.91,-0.027,49.2,1.003,84.13,0.029,50.8,1.957,97.44,0.471,68.08,-3.873,0,-1.27,10.2,0.45,0.7,0.5,0.381,0.613,0.406,0.104,0.09,0.117,0.119,0.102,0.094,0.108,0.12,0.194,0.065,0.278,0.098,0.64,0.43,101.385,89.675,129.771,33.079,61.069,22.901,25.445,17.812,66.158,0,0,30.534,40.712,15.267,0.308,1.857,0.062,0.44,0.75,2.762,0.701,0.68,0.906,0.906,0.054,0.056,312.977,279.898,20.356,134.86,2.545,2.545,55.98,30.534,223.918,134.86,83.97,35.623,94.148,0,2.545,68.702,0,12.723,2.48,3.068,1.536,301.143,586.273,373.095,404.916,432.244,4.936,6.358,1.676,1.706,66.439,8.641,18.773,study.two.TEXT.12.COVID,55.52101385390429,12.559965815041384,15.47383951061533,12.905362322585251,studytwo,candidate
7.221719098,0.983761904,16.55244499,9,18,314,2,1.118,17.444,11.839,1.513,0.884,4.694,2.716,-0.011,49.6,0.507,69.15,0.181,57.14,-0.161,43.64,1.381,91.62,-1.006,15.87,-5.141,0,-0.216,41.68,0.235,0.588,0.294,0.12,0.496,0.2,0.128,0.171,0.086,0.11,0.208,0.165,0.252,0.133,0.267,0.26,0.301,0.127,0.77,0.514,79.237,91.939,130.573,15.924,85.987,47.771,22.293,19.108,63.694,0,0,28.662,31.847,25.478,0.1,0.444,0.079,0.425,0.824,5.389,0.839,0.586,0.868,0.841,0.176,0.09,359.873,222.93,25.478,121.019,9.554,19.108,15.924,12.739,261.147,98.726,66.879,50.955,66.879,0,0,66.879,0,0,2.203,3.013,0.913,376.933,571.466,378.691,403.553,416.239,3.714,6.766,1.587,1.967,61.13,9.067,21.368,study.two.TEXT.13.COVID,58.73346542827659,10.416668730650157,14.43376676986584,13.241360182570464,studytwo,candidate
8.940726169,0.94744603,20.59759304,8,19,385,2.375,1.685,20.263,10.847,1.413,0.683,4.468,2.185,0.507,69.15,0.441,67,-0.125,45.22,1.154,87.49,1.84,96.71,-0.949,17.36,-3.233,0.06,-0.765,22.36,0.5,0.722,0.667,0.489,0.689,0.563,0.137,0.096,0.137,0.125,0.267,0.146,0.265,0.132,0.341,0.215,0.407,0.171,0.546,0.365,60.991,66.589,116.883,28.571,90.909,31.169,15.584,57.143,51.948,0,0,36.364,44.156,28.571,0.2,0.667,0.071,0.474,0.778,8.947,0.926,0.662,0.856,0.852,0.117,0.112,335.065,236.364,31.169,129.87,2.597,20.779,7.792,28.571,249.35,109.092,88.311,57.142,51.948,0,0,2.597,0,49.351,2.413,3.097,1.132,375.658,579.194,365.016,395.151,429.821,3.952,6.438,1.306,1.701,66.728,8.986,22.869,study.two.TEXT.14.COVID,60.48233333333336,11.448000000000004,14.16666666666667,11.855464076750408,studytwo,candidate
5.609167579,0.804384888,11.84695563,9,14,286,1.556,0.726,20.429,9.376,1.524,0.873,4.647,2.599,0.375,64.43,0.461,67.72,1.641,94.95,1.992,97.67,4.153,100,-1.038,15.15,-4.822,0,-0.002,50,0.462,0.769,0.462,0.412,0.694,0.459,0.265,0.245,0.193,0.182,0.32,0.268,0.288,0.324,0.369,0.186,0.408,0.186,0.538,0.379,52.259,59.271,181.818,41.958,118.881,31.469,38.462,52.448,73.427,0,0,27.972,31.469,24.476,0.111,1.375,0.08,0.462,0.846,7.071,0.783,0.526,0.761,0.761,0.096,0.072,290.21,251.748,31.469,139.86,13.986,10.49,17.483,17.483,206.295,108.393,55.945,45.455,90.909,0,0,87.413,0,0,2.22,3.031,0.978,371.538,566.443,401.44,429.152,449.849,3.851,6.089,1.318,1.44,57.169,10.361,23.98,study.two.TEXT.15.COVID,54.67132575757577,11.78236531986532,14.613804713804717,12.885471636013053,studytwo,implemented
7.589745327,1.103173016,18.08775051,7,12,211,1.714,0.951,17.583,9.554,1.578,0.86,4.668,2.534,-0.91,18.14,0.208,57.93,-0.233,40.9,-0.698,24.51,2.495,99.36,0.793,78.52,-3.214,0.07,1.387,91.62,0.455,0.455,0.545,0.354,0.354,0.477,0.103,0.105,0.085,0.107,0.207,0.183,0.169,0.196,0.288,0.197,0.309,0.146,0.68,0.523,72.94,79.454,99.526,56.872,71.09,37.915,9.479,23.697,47.393,0,0,18.957,33.175,9.479,0.6,3,0.095,0.642,0.955,3.25,1.115,0.686,0.946,0.946,0.077,0.068,379.147,161.137,9.479,175.355,9.479,14.218,18.957,4.739,298.578,104.266,109.004,37.915,14.218,0,0,4.739,0,0,2.161,2.923,1.055,351.391,566.165,382.31,391.367,415.315,4.559,6.829,1.568,2.187,55.489,9.888,13.062,study.two.TEXT.16.COVID,38.39978593272173,16.929541284403673,19.120489296636087,14.790194502661404,studytwo,candidate
7.389448469,0.827609589,14.94899385,24,31,401,1.292,0.464,12.935,6.151,1.272,0.662,3.716,2.038,0.868,80.51,0.262,60.26,0.826,79.39,2.708,99.65,2.564,99.48,0.25,59.48,-3.202,0.07,0.558,70.88,0.633,0.833,0.767,0.573,0.788,0.655,0.259,0.176,0.219,0.169,0.32,0.238,0.415,0.267,0.349,0.245,0.398,0.161,0.548,0.371,37.377,41.15,127.182,34.913,99.751,32.419,14.963,54.863,49.875,0,0,24.938,29.925,17.456,0.182,1.625,0.075,0.559,0.9,2.29,0.81,0.552,0.75,0.741,0.064,0.065,361.596,224.439,22.444,99.751,2.494,4.988,12.469,34.913,264.339,97.257,49.875,37.406,99.751,0,0,84.788,0,9.975,2.44,3.189,1.556,302.923,581.795,394.209,406.341,423.504,4.565,6.638,1.674,1.854,86.095,4.464,26.606,study.two.TEXT.17.COVID,75.27770342535051,8.707255383725975,11.443792455557162,9.168548406835145,studytwo,implemented
5.495932382,1.022278922,13.95520438,28,31,354,1.107,0.315,11.419,6.531,1.573,1.078,4.475,2.578,0.972,83.4,1.27,89.8,-1.045,14.92,1.223,88.88,1.472,92.92,-0.964,16.85,-1.911,2.81,0.729,76.42,0.367,0.633,0.467,0.278,0.514,0.4,0.201,0.219,0.148,0.187,0.389,0.367,0.263,0.407,0.406,0.367,0.445,0.218,0.487,0.375,48.183,52.395,115.819,19.774,70.621,16.949,28.249,14.124,36.723,0,0,45.198,53.672,22.599,0.176,0.556,0.063,0.339,0.917,2.71,0.758,0.613,0.917,0.9,0.089,0.084,302.26,274.011,48.023,42.373,5.65,25.424,14.124,25.424,225.989,132.768,81.921,79.096,104.52,0,0,76.271,0,5.65,2.471,3.096,1.87,295.581,577.5,371.866,391.737,408.34,4.487,6.639,1.513,1.726,62.169,7.425,25.795,study.two.TEXT.18.COVID,55.00500947521866,9.84777113702624,12.807521865889212,12.251624239485473,studytwo,candidate
4.922508246,1.086365584,10.91806896,33,37,433,1.121,0.331,11.703,7.594,1.476,0.918,4.492,2.513,1.021,84.61,1.414,92.07,-0.759,22.36,1.658,95.05,3.337,99.96,-0.305,38.21,-2.163,1.54,0.161,56.36,0.556,0.722,0.667,0.292,0.578,0.387,0.257,0.226,0.156,0.171,0.332,0.304,0.288,0.124,0.336,0.32,0.407,0.199,0.433,0.347,41.616,56.638,131.64,53.118,76.212,32.333,36.952,27.714,36.952,0,0,46.189,87.76,25.404,0.857,0.417,0.076,0.394,0.875,3.865,0.612,0.703,0.842,0.808,0.105,0.089,332.564,256.351,23.095,83.141,6.928,13.857,13.857,11.547,235.566,150.116,80.831,36.951,122.402,0,0,113.164,0,6.928,2.586,3.114,1.876,350.375,587.237,364.565,379.173,413.391,4.944,6.121,1.19,1.56,70.087,6.391,32.246,study.two.TEXT.19.COVID,60.916559895213155,10.54190759704692,13.739652298166233,12.303257153313004,studytwo,candidate
5.507041046,0.743615384,14.28177253,29,36,345,1.241,0.435,9.583,5.653,1.464,0.862,4.499,2.584,0.632,73.57,1.915,97.19,-0.312,37.83,-0.746,22.96,1.03,84.85,-1.244,10.75,-3.242,0.06,0.465,67.72,0.143,0.2,0.2,0.069,0.236,0.085,0.089,0.144,0.073,0.119,0.187,0.188,0.193,0.091,0.208,0.202,0.306,0.142,0.683,0.483,76.284,87.008,98.551,17.391,75.362,31.884,5.797,8.696,43.478,0,0,69.565,78.261,26.087,0.12,0.6,0.057,0.378,0.886,2.139,0.561,0.701,0.918,0.905,0.088,0.103,333.333,292.754,31.884,89.855,0,20.29,52.174,26.087,214.493,165.217,72.464,57.971,104.348,2.899,0,84.058,0,0,2.27,2.964,1.463,292.773,578.246,384.15,412.484,424,4.311,6.002,1.695,1.57,73.254,5.423,15.426,study.two.TEXT.20.COVID,63.00218954248368,9.164313725490196,11.202614379084968,10.62613485830676,studytwo,candidate
6.098527662,0.946070306,14.12114583,33,40,419,1.212,0.415,10.475,6.251,1.344,0.771,4.053,2.248,0.513,69.5,1.347,90.99,0.08,53.19,-0.526,30.15,1.853,96.78,0.037,51.2,-6.491,0,1.527,93.57,0.256,0.308,0.385,0.104,0.235,0.174,0.127,0.225,0.061,0.138,0.204,0.258,0.302,0.325,0.208,0.253,0.334,0.162,0.628,0.431,50.994,86.471,133.652,26.253,85.919,54.893,26.253,28.64,76.372,0,0,40.573,47.733,21.48,0.167,0.9,0.073,0.354,0.987,0.8,0.704,0.752,0.897,0.868,0.064,0.054,341.289,226.73,19.093,83.532,4.773,23.866,9.547,21.48,217.184,97.852,95.465,59.666,76.372,0,0,42.959,0,21.48,2.493,3.118,1.659,304.714,582.072,379.785,406.054,425.685,4.484,6.297,1.503,1.553,82.5,4.354,20.887,study.two.TEXT.21.COVID,56.31792264752795,14.057679425837325,17.186921850079745,12.745084868956482,studytwo,candidate
4.781888637,0.958042033,12.19642047,18,21,266,1.167,0.514,12.667,6.522,1.564,1.034,4.797,2.726,-0.382,35.2,0.874,80.78,0.181,57.14,-0.613,27.09,1.39,91.62,0.405,65.54,-4.962,0,-0.116,45.62,0.4,0.6,0.4,0.155,0.271,0.155,0.153,0.165,0.069,0.117,0.206,0.178,0.14,0.156,0.228,0.182,0.318,0.141,0.689,0.519,53.524,88.463,120.301,26.316,67.669,56.391,22.556,11.278,56.391,0,0,18.797,33.835,30.075,0.667,0.444,0.124,0.447,0.825,1.476,0.871,0.758,0.906,0.847,0.135,0.09,360.902,278.195,22.556,93.985,7.519,7.519,18.797,22.556,274.436,105.263,109.023,45.112,60.15,0,0,48.872,0,11.278,2.21,2.962,1.424,353.552,563.416,381.643,407.891,419.987,4.84,6.637,1.496,2.196,61.664,7.805,20.297,study.two.TEXT.22.COVID,35.48698473282448,17.607906215921485,20.162268266085064,15.719379583869454,studytwo,candidate
5.472030427,0.792068962,14.11563273,27,32,311,1.185,0.396,9.719,6.953,1.521,0.849,4.489,2.29,-0.138,44.83,0.941,82.64,-0.435,33.36,-0.978,16.6,0.843,79.95,-0.415,34.09,-3.426,0.03,0.79,78.23,0.258,0.387,0.29,0.125,0.238,0.132,0.102,0.156,0.054,0.103,0.216,0.227,0.253,0.289,0.212,0.208,0.304,0.129,0.696,0.534,60.97,99.476,106.109,19.293,54.662,35.37,28.939,3.215,48.232,0,0,35.37,48.232,12.862,0.333,0.4,0.01,0.251,0.935,1.281,0.762,0.698,0.885,0.885,0.079,0.072,376.206,199.357,19.293,115.756,0,16.077,22.508,16.077,279.743,90.032,125.402,48.231,54.662,0,0,48.232,0,3.215,2.288,2.938,1.916,352.042,574.667,365.138,395.442,422.767,4.363,6.156,1.341,1.849,68.294,6.148,15.945,study.two.TEXT.23.COVID,31.704220779220805,19.76805194805195,22.664935064935065,16.613394197324528,studytwo,candidate
7.992554755,0.955459853,19.88623628,8,13,202,1.625,0.916,15.538,8.361,1.624,0.939,5.02,2.688,-0.092,46.41,-0.018,49.6,-0.255,40.13,-0.683,24.83,1.071,85.77,-0.592,27.76,-2.391,0.84,0.731,76.73,0.25,0.5,0.5,0.2,0.36,0.36,0.099,0.099,0.07,0.083,0.113,0.126,0.18,0.278,0.136,0.128,0.269,0.16,0.729,0.565,93.724,92.373,99.01,24.752,59.406,9.901,14.851,9.901,49.505,0,0,19.802,29.703,9.901,0.4,1.333,0.043,0.292,0.917,2.692,1.036,0.625,0.872,0.841,0.146,0.055,361.386,207.921,24.752,103.96,9.901,14.851,49.505,24.752,262.376,133.662,113.861,54.455,59.406,0,0,49.505,0,4.95,2.237,2.954,0.904,314.815,579.534,379.969,398.795,416.569,4.148,6.578,1.534,1.825,53.674,9.633,18.756,study.two.TEXT.24.COVID,44.06752717391305,13.540863526570051,16.7268115942029,14.731742533061166,studytwo,candidate
8.841958939,0.733477875,23.19325286,13,20,324,1.538,0.66,16.2,7.853,1.62,0.951,4.83,2.655,-0.012,49.6,0.976,83.4,-0.091,46.41,1.042,85.08,1.421,92.22,-2.589,0.49,-2.611,0.45,0.371,64.43,0.474,0.789,0.579,0.393,0.6,0.559,0.197,0.145,0.128,0.137,0.285,0.248,0.189,0.143,0.374,0.192,0.404,0.139,0.579,0.412,62.727,62.038,117.284,30.864,64.815,15.432,21.605,21.605,52.469,0,0,33.951,37.037,37.037,0.083,0.769,0.032,0.242,0.895,5.65,1.022,0.627,0.842,0.819,0.096,0.105,364.198,237.654,6.173,86.42,18.519,21.605,6.173,30.864,293.21,114.197,86.42,37.037,70.988,3.086,9.259,30.864,0,27.778,1.966,2.859,0.801,365.689,560.643,386.144,394.49,414.836,3.853,6.442,1.541,2.108,53.34,9.844,14.79,study.two.TEXT.25.COVID,48.946895927601815,11.181574660633489,16.016289592760184,14.554592549557764,studytwo,candidate
6.643901483,0.961203267,16.30448845,18,29,381,1.611,0.778,13.138,6.43,1.57,0.888,4.803,2.495,-0.112,45.62,0.389,64.8,0.07,52.79,1.03,84.61,1.995,97.67,-1.598,5.59,-2.093,1.83,-0.236,40.9,0.571,0.786,0.714,0.438,0.557,0.523,0.203,0.157,0.111,0.129,0.351,0.249,0.433,0.253,0.382,0.26,0.423,0.166,0.549,0.421,66.112,91.668,102.362,44.619,70.866,26.247,7.874,15.748,39.37,0,0,26.247,57.743,15.748,1.091,1,0.093,0.354,0.804,3.103,0.792,0.591,0.865,0.835,0.071,0.08,406.824,175.853,20.997,118.11,2.625,2.625,5.249,5.249,288.714,99.736,86.614,44.619,83.99,10.499,0,49.869,0,15.748,2.196,2.905,1.013,388.911,566.293,395.761,420.243,433.83,3.487,6.517,1.358,1.973,60.678,8.06,18.69,study.two.TEXT.26.COVID,59.555681818181824,9.051565656565655,11.044444444444444,10.864195022040777,studytwo,candidate
7.49953409,0.632593192,20.25974516,26,36,398,1.385,0.752,11.056,6.436,1.555,0.816,4.975,2.482,0.146,55.57,0.969,83.15,0.18,56.75,1.111,86.65,0.449,67,-1.767,3.92,-1.396,8.23,-0.23,40.9,0.486,0.686,0.571,0.315,0.525,0.387,0.193,0.184,0.121,0.154,0.333,0.228,0.331,0.185,0.338,0.256,0.387,0.135,0.599,0.425,48.867,61.276,75.377,30.151,47.739,17.588,5.025,7.538,37.688,0,0,50.251,72.864,22.613,0.429,0.8,0.029,0.338,0.829,1.972,0.759,0.586,0.829,0.792,0.1,0.095,349.246,248.744,27.638,110.553,0,2.513,30.151,27.638,291.458,128.141,47.739,35.176,115.578,2.513,0,100.503,0,10.05,2.174,2.882,1.51,383.386,557.853,383.64,420.042,440.452,3.604,6.986,1.671,2.193,64.06,7.071,19.452,study.two.TEXT.27.COVID,52.9880950510605,11.12476302697041,13.637287247970674,12.57992686440994,studytwo,candidate
7.641184173,1.041363903,17.95039248,15,30,376,2,1.648,12.533,6.39,1.654,1.219,4.904,2.882,0.229,58.71,0.374,64.43,-1.421,7.78,0.246,59.48,0.263,60.26,-0.529,30.15,-0.485,31.56,0.495,68.79,0.345,0.552,0.379,0.22,0.449,0.282,0.186,0.166,0.126,0.137,0.196,0.159,0.163,0.148,0.264,0.196,0.301,0.134,0.613,0.42,53.867,54.398,82.447,21.277,47.872,7.979,15.957,5.319,34.574,0,0,31.915,47.872,18.617,0.462,0.75,0.07,0.239,0.897,1.7,0.802,0.623,0.902,0.892,0.121,0.095,351.064,260.638,7.979,101.064,0,0,7.979,34.574,228.723,111.703,103.724,18.617,125,7.979,0,98.404,0,15.957,2.34,3.04,1.772,401.293,561.019,356.59,387.103,411.612,3.436,6.506,1.644,2.065,54.186,8.815,24.052,study.two.TEXT.28.COVID,54.218535169587994,9.822993398588665,11.66965627134077,11.38190600502167,studytwo,candidate
6.577320948,0.779567107,16.84306858,12,21,320,1.75,1.138,15.238,6.75,1.45,0.806,4.706,2.415,0.521,69.85,-0.221,41.29,0.779,77.94,2.069,98.03,0.453,67.36,-1.749,4.01,-0.39,34.83,0.526,69.85,0.6,0.95,0.65,0.394,0.916,0.503,0.237,0.132,0.202,0.142,0.357,0.205,0.301,0.182,0.49,0.113,0.417,0.134,0.64,0.449,54.96,63.661,96.875,21.875,34.375,3.125,28.125,21.875,28.125,0,0,37.5,46.875,25,0.231,0.556,0.063,0.36,0.925,2.19,0.918,0.555,0.826,0.813,0.105,0.077,340.625,228.125,15.625,112.5,0,0,21.875,25,278.125,106.25,59.375,37.5,128.125,0,0,112.5,0,15.625,2.127,2.849,0.981,366.321,563.415,399.126,425.858,425.542,3.95,7.287,1.536,2.19,68.698,7.463,21.024,study.two.TEXT.29.COVID,62.23841025641026,9.960923076923075,12.235897435897437,11.072351349416056,studytwo,candidate
6.843038225,0.946002712,17.01407195,21,31,314,1.476,0.928,10.129,6.58,1.557,0.837,4.882,2.441,-0.289,38.97,1.405,91.92,-0.286,38.97,-1.216,11.31,-0.15,44.04,-1.182,11.9,-1.786,3.75,-0.641,26.11,0.167,0.2,0.267,0.188,0.267,0.318,0.052,0.088,0.057,0.113,0.102,0.16,0.186,0.117,0.101,0.191,0.335,0.167,0.678,0.522,97.354,109.693,76.433,19.108,28.662,15.924,15.924,19.108,38.217,0,0,50.955,54.14,28.662,0.059,0.5,0.091,0.294,0.8,2.613,0.708,0.705,0.941,0.931,0.083,0.068,347.134,245.223,22.293,111.465,19.108,6.369,31.847,12.739,273.885,149.682,66.879,31.847,57.325,0,15.924,3.185,0,31.847,2.125,2.921,1.589,343.468,562.886,401.04,413.272,415.368,4.159,6.467,1.407,1.879,64.832,6.733,9.962,study.two.TEXT.30.COVID,63.37107246202078,7.468354231974924,10.424933687002651,10.560738912317856,studytwo,candidate
6.64180057,0.996202057,17.27843545,27,34,412,1.259,0.656,12.118,10.326,1.665,0.974,5.124,2.838,-0.554,29.12,1.212,88.69,-0.623,26.76,-1.521,6.43,0.412,65.91,-0.809,21.19,-5.625,0,0.226,58.71,0.061,0.152,0.182,0.07,0.133,0.137,0.046,0.099,0.028,0.072,0.201,0.152,0.195,0.157,0.236,0.171,0.324,0.117,0.762,0.508,95.345,105.788,111.65,26.699,58.252,33.981,2.427,16.99,87.379,0,0,41.262,50.971,24.272,0.222,0.636,0.08,0.206,0.864,2.235,0.708,0.642,0.854,0.846,0.122,0.058,344.66,269.417,16.99,97.087,7.282,7.282,48.544,16.99,233.009,135.923,114.078,21.844,70.388,9.709,0,48.544,0,9.709,2.117,2.939,1.383,395.208,575.496,335.088,389.458,433.095,4,6.913,1.297,1.739,53.676,8.783,11.863,study.two.TEXT.31.COVID,41.936075163398726,13.275745098039213,17.06797385620915,15.247664890283003,studytwo,candidate
7.233791327,1.033810347,16.70132985,19,25,386,1.316,0.478,15.44,9.174,1.544,0.812,4.746,2.772,0.21,58.32,0.686,75.17,-0.303,38.21,1.284,89.97,1.254,89.44,-1.604,5.48,-2,2.28,-1.273,10.2,0.5,0.708,0.583,0.477,0.672,0.554,0.159,0.156,0.131,0.137,0.317,0.176,0.369,0.205,0.341,0.137,0.395,0.159,0.687,0.43,52.35,68.611,108.808,31.088,59.585,12.953,20.725,18.135,51.813,0,0,41.451,49.223,28.497,0.176,0.917,0.063,0.365,0.729,2.08,0.86,0.587,0.794,0.761,0.09,0.067,300.518,279.793,20.725,93.264,18.135,0,5.181,36.269,212.436,134.715,72.539,25.907,116.58,10.363,20.725,75.13,0,5.181,2.115,2.92,1.147,394.489,564.198,352.453,384.383,420.791,4.441,6.506,1.748,1.698,60.541,8.651,15.748,study.two.TEXT.32.COVID,59.08590909090913,9.702669552669551,13.1994227994228,12.45797560212912,studytwo,candidate
6.736788792,0.894152258,16.08500725,19,27,319,1.421,1.017,11.815,8.653,1.618,0.941,4.915,2.667,-0.414,34.09,1.258,89.44,-0.064,47.61,-1.067,14.46,1.505,93.32,-1.575,5.82,-2.897,0.19,-0.019,49.2,0.269,0.346,0.269,0.121,0.181,0.153,0.083,0.116,0.043,0.088,0.215,0.233,0.233,0.207,0.204,0.23,0.314,0.163,0.765,0.536,81.02,98.989,100.313,28.213,78.37,31.348,9.404,15.674,43.887,0,0,34.483,43.887,25.078,0.25,0.667,0.032,0.208,0.846,2.926,0.77,0.634,0.894,0.854,0.121,0.077,332.288,260.188,25.078,115.987,15.674,6.27,25.078,21.944,247.65,128.527,106.583,40.753,47.022,6.27,0,40.752,0,0,2.149,2.87,1.28,341.476,569.082,382.058,410.218,433.123,3.991,6.916,1.74,1.969,57.96,8.11,14.445,study.two.TEXT.33.COVID,51.25933155080213,10.93210338680927,13.946524064171124,13.02386679866686,studytwo,candidate
8.905866192,1.189566155,21.7475918,19,27,379,1.421,0.692,14.037,8.513,1.578,0.912,4.62,2.517,0.491,68.79,0.424,66.28,-1.306,9.68,0.731,76.73,0.494,68.79,-0.357,36.32,-1.368,8.69,1.148,87.29,0.462,0.615,0.615,0.363,0.46,0.433,0.122,0.132,0.097,0.127,0.339,0.267,0.394,0.248,0.371,0.286,0.425,0.191,0.582,0.425,72.721,77.314,76.517,34.301,42.216,10.554,10.554,15.831,42.216,0,0,39.578,60.686,23.747,0.5,0.6,0.093,0.5,0.962,2.852,0.686,0.629,0.838,0.811,0.11,0.069,332.454,253.298,31.662,89.71,2.639,18.47,7.916,2.639,232.19,147.758,60.686,60.686,63.325,7.916,18.47,15.831,0,7.916,2.371,3.127,1.425,375.371,573.159,355.078,383.341,422.352,4.411,6.838,1.588,1.823,59.089,8.505,20.73,study.two.TEXT.34.COVID,57.747080509464865,9.597425800420664,12.111287684038327,11.654831186984918,studytwo,candidate
7.323642077,0.971572826,18.05064644,14,22,415,1.571,0.514,18.864,10.934,1.489,0.859,4.557,2.489,0.016,50.4,0.033,51.2,1.187,88.1,0.257,59.87,2.012,97.78,-0.441,33,-4.365,0,-0.273,39.36,0.476,0.571,0.571,0.321,0.4,0.382,0.131,0.166,0.071,0.115,0.27,0.2,0.355,0.156,0.224,0.172,0.33,0.132,0.716,0.482,79.7,94.493,134.94,33.735,62.651,26.506,24.096,21.687,67.47,0,0,16.867,28.916,14.458,0.625,1.429,0.076,0.42,0.81,4.818,0.709,0.595,0.807,0.791,0.081,0.065,337.349,262.651,26.506,115.663,9.639,12.048,43.373,19.277,272.29,132.53,62.651,43.373,60.241,0,12.048,36.145,0,9.639,2.252,3.001,0.975,319.829,574,410.572,421.897,426.387,4.644,6.783,1.745,2.086,61.719,9.337,16.791,study.two.TEXT.35.COVID,57.29068376068376,11.009871794871795,15.302136752136754,13.81666964889586,studytwo,candidate
7.169140446,0.994990086,16.38974658,16,24,398,1.5,0.894,16.583,11.525,1.515,0.916,4.759,2.589,-0.133,44.83,0.254,59.87,-0.141,44.43,-0.494,31.21,0.435,66.64,-0.895,18.67,-1.517,6.55,-0.24,40.52,0.348,0.435,0.348,0.27,0.378,0.297,0.072,0.085,0.071,0.111,0.311,0.204,0.257,0.222,0.324,0.279,0.387,0.168,0.66,0.479,88.511,106.079,80.402,20.101,45.226,25.126,15.075,15.075,30.151,0,0,20.101,25.126,10.05,0.222,1.2,0.056,0.33,0.826,2.375,0.73,0.679,0.924,0.908,0.053,0.052,399.498,256.281,12.563,115.578,12.563,7.538,27.638,35.176,273.87,135.679,70.352,27.639,57.789,0,2.513,35.176,0,15.075,2.204,2.971,1.301,354,565.471,384.368,410.643,420.01,4.52,6.404,1.577,1.976,61.834,8.754,10.915,study.two.TEXT.36.COVID,52.959990671641776,12.11422263681592,16.219154228855725,14.37465228746014,studytwo,implemented
6.208431398,1.417605989,16.29642962,15,32,420,2.133,1.642,13.125,8.939,1.529,0.833,4.733,2.315,-0.48,31.56,1.392,91.77,0.096,53.59,-0.591,27.76,1.746,95.91,-0.578,28.43,-1.855,3.22,0.396,65.17,0.226,0.323,0.226,0.215,0.321,0.253,0.1,0.146,0.076,0.133,0.209,0.212,0.177,0.196,0.275,0.16,0.349,0.188,0.638,0.44,71.167,83.154,107.143,33.333,61.905,4.762,16.667,26.19,45.238,0,0,33.333,40.476,21.429,0.2,1.2,0.133,0.267,0.887,4,1.038,0.709,0.923,0.913,0.121,0.092,311.905,261.905,16.667,95.238,38.095,7.143,7.143,11.905,321.429,123.81,52.381,33.333,78.571,4.762,2.381,21.429,0,47.619,2.303,2.932,1.644,351.522,568.634,404.736,430.226,427.738,4.169,6.584,1.542,2.24,64.16,7.571,18.736,study.two.TEXT.37.COVID,59.55654483381866,9.629310171703988,13.53505372025304,12.732780340731695,studytwo,candidate
4.89803013,0.738403121,11.31676491,14,22,315,1.571,0.756,14.318,9.081,1.616,0.975,5.016,3.119,-0.064,47.61,0.726,76.42,0.593,72.24,-1.084,14.01,1.474,92.92,-1.421,7.78,-3.01,0.13,0.371,64.43,0.286,0.333,0.333,0.158,0.321,0.182,0.08,0.117,0.064,0.115,0.155,0.149,0.18,0.165,0.166,0.185,0.303,0.151,0.8,0.53,105.372,109.086,120.635,25.397,60.317,25.397,25.397,25.397,50.794,0,0,41.27,47.619,22.222,0.143,0.875,0.041,0.367,0.905,3.455,0.727,0.656,0.896,0.886,0.067,0.075,336.508,244.444,22.222,123.81,3.175,6.349,22.222,25.397,250.794,114.286,82.54,28.571,114.286,15.873,22.222,73.016,0,0,2.121,2.791,1.428,369.838,567.97,395.947,414.92,440.699,4.023,6.165,1.649,1.732,55.589,9.063,10.341,study.two.TEXT.38.COVID,50.839095449500576,10.81535701072882,12.765371809101,12.108454555606665,studytwo,candidate
6.370882668,0.937730766,15.97193192,19,29,418,1.526,1.02,14.414,8.926,1.624,0.965,4.911,2.752,0.064,52.39,0.409,65.54,-0.478,31.92,-0.1,46.02,0.767,77.64,-1.264,10.38,-1.89,2.94,0.12,54.38,0.357,0.643,0.393,0.17,0.481,0.191,0.123,0.114,0.087,0.11,0.199,0.177,0.162,0.15,0.238,0.161,0.307,0.121,0.756,0.493,81.325,88.407,95.694,31.1,40.67,14.354,16.746,21.531,43.062,0,0,31.1,35.885,14.354,0.143,1.714,0.083,0.277,0.857,1.483,0.59,0.588,0.851,0.831,0.087,0.071,366.029,308.612,23.923,119.617,21.531,4.785,19.139,33.493,234.45,133.971,59.808,38.278,110.048,7.177,21.531,74.163,0,4.785,2.083,2.867,1.152,381.209,560.105,379.981,398.5,409.2,4.062,7.093,1.726,1.966,54.814,9.195,12.971,study.two.TEXT.39.COVID,51.04317966393799,10.905127100387766,15.255665661352868,14.02287970970757,studytwo,candidate
6.025311909,0.652413675,16.69435269,29,39,433,1.345,0.721,11.103,7.606,1.52,0.811,4.808,2.511,-0.363,35.94,0.999,83.89,0.659,74.22,-2.002,2.28,1.983,97.61,-1.223,11.12,-3.836,0,0.528,69.85,0.132,0.316,0.263,0.084,0.197,0.119,0.036,0.076,0.032,0.072,0.184,0.176,0.155,0.192,0.207,0.173,0.293,0.113,0.763,0.57,133.32,146.717,127.021,32.333,60.046,18.476,18.476,30.023,62.356,0,0,36.952,48.499,11.547,0.294,1.833,0.043,0.285,0.908,1.59,0.861,0.7,0.94,0.899,0.071,0.057,351.039,244.804,30.023,106.236,0,4.619,39.261,20.785,281.755,143.187,103.926,57.737,57.737,0,0,50.808,0,0,2.199,2.826,1.54,351.412,574.62,393.376,417.637,445.879,4.182,6.671,1.671,2.048,66.973,6.676,10.036,study.two.TEXT.40.COVID,57.32242424242423,10.469155844155845,13.562770562770565,12.54090057162284,studytwo,candidate
5.919560116,0.914662366,14.91875126,12,24,301,2,1.595,12.542,8.14,1.508,0.764,4.681,2.469,0.26,60.26,0.611,72.91,-0.369,35.94,-0.065,47.61,0.057,51.99,-0.862,19.49,-0.78,21.77,-0.024,49.2,0.304,0.565,0.391,0.168,0.378,0.243,0.14,0.143,0.072,0.102,0.247,0.211,0.184,0.111,0.325,0.24,0.335,0.132,0.665,0.47,59.465,84.747,79.734,23.256,19.934,3.322,16.611,9.967,29.9,0,0,33.223,43.189,9.967,0.273,1.5,0.064,0.298,0.848,1.292,0.679,0.705,0.865,0.852,0.079,0.08,322.259,285.714,23.256,83.056,16.611,9.967,26.578,23.256,242.525,176.08,86.378,43.19,106.312,9.967,0,79.734,0,0,2.196,2.903,1.313,335.839,570.877,382.635,403.711,433.432,4.309,6.309,1.693,1.825,66.528,7.096,15.891,study.two.TEXT.41.COVID,62.320323315118415,8.776366120218583,11.761384335154828,11.429527900616533,studytwo,candidate
5.347855461,0.976148266,13.12542756,16,19,261,1.188,0.403,13.737,10.135,1.464,0.896,4.636,2.649,0.582,71.9,0.752,77.34,-0.31,37.83,-0.155,44.04,0.5,68.79,-0.651,25.78,-1.737,4.18,0.255,59.87,0.111,0.611,0.111,0.156,0.481,0.163,0.129,0.137,0.097,0.118,0.138,0.186,0.185,0.144,0.156,0.187,0.307,0.148,0.733,0.554,79.387,87.551,88.123,19.157,49.808,15.326,11.494,0,38.314,0,0,49.808,68.966,15.326,0.357,0.2,0.034,0.363,0.889,1.421,0.711,0.69,0.871,0.871,0.209,0.103,344.828,268.199,11.494,88.123,7.663,7.663,11.494,26.82,260.537,145.594,84.292,38.314,122.605,7.663,3.831,95.785,0,0,2.38,2.99,1.531,346.818,575.01,367.103,403.534,422.919,4.691,6.415,1.439,1.876,69.038,7.043,27.361,study.two.TEXT.42.COVID,59.0787118959108,11.701743494423797,14.328773234200742,11.979248473330829,studytwo,candidate
6.101680568,1.092182146,13.6344819,13,20,380,1.538,0.66,19,9.897,1.571,1.018,4.682,2.834,0.875,80.78,-0.419,34.09,-0.836,20.33,1.143,87.29,0.859,80.23,-0.559,28.77,-3.46,0.03,0.307,61.79,0.368,0.895,0.474,0.372,0.738,0.428,0.191,0.138,0.158,0.148,0.232,0.247,0.148,0.199,0.336,0.236,0.359,0.155,0.649,0.451,57.866,70.842,107.895,21.053,76.316,31.579,5.263,10.526,57.895,0,0,21.053,31.579,15.789,0.444,0.571,0.064,0.6,0.868,4.95,0.664,0.649,0.872,0.844,0.043,0.059,376.316,223.684,34.211,100,10.526,10.526,18.421,13.158,231.579,128.947,84.211,57.895,128.947,21.053,7.895,89.474,0,0,2.369,3.061,0.77,380.458,568.475,337.474,379.356,413.049,4.194,6.185,1.586,1.587,54.643,10.358,20.187,study.two.TEXT.43.COVID,55.66629308041681,10.646606999732835,13.370878974084958,12.396398192541,studytwo,candidate
4.56588901,0.961801724,11.16935095,14,24,448,1.714,1.069,18.667,11.194,1.692,1.088,5.152,2.802,0.011,50.4,-0.599,27.43,-1.047,14.92,0.501,69.15,1.561,94.06,-0.873,19.22,-2.549,0.55,0.663,74.54,0.522,0.652,0.522,0.427,0.508,0.443,0.175,0.185,0.126,0.149,0.348,0.254,0.312,0.249,0.415,0.25,0.411,0.154,0.564,0.421,69.798,85.345,102.679,29.018,58.036,33.482,20.089,2.232,40.179,0,0,11.161,40.179,6.696,2.167,0.25,0.067,0.367,0.87,4.375,0.817,0.677,0.893,0.88,0.076,0.053,357.143,196.429,24.554,125,11.161,6.696,15.625,8.929,247.768,84.821,142.857,69.196,80.357,2.232,0,66.964,0,4.464,2.263,2.912,0.96,381.046,568.421,365.643,393.506,416.579,3.788,6.582,1.4,1.757,44.745,11.656,19.008,study.two.TEXT.44.COVID,30.80810572687227,17.018376337319072,20.63662680931404,17.370101895934148,studytwo,candidate
3.82631687,1.007717929,8.48442249,8,17,280,2.125,0.835,16.471,12.841,1.45,0.878,4.543,2.513,0.163,56.36,0.278,60.64,0.453,67.36,1.669,95.15,2.442,99.27,0.053,51.99,-3.621,0,1.631,94.84,0.5,0.813,0.5,0.643,0.739,0.678,0.183,0.141,0.2,0.188,0.268,0.17,0.292,0.188,0.585,0.116,0.432,0.235,0.506,0.414,46.504,48.11,125,25,100,39.286,21.429,17.857,53.571,0,0,17.857,28.571,10.714,0.5,1,0.094,0.703,1,2.765,0.793,0.596,0.865,0.825,0.055,0.101,378.571,175,21.429,121.429,10.714,3.571,7.143,10.714,303.572,92.857,85.714,42.857,114.286,21.429,0,89.286,0,0,2.256,2.878,1.22,352.078,574.396,366.913,409.321,435.351,4.162,6.591,1.281,1.994,67.447,7.944,17.989,study.two.TEXT.45.COVID,62.25200265251992,10.118275862068966,12.647214854111406,11.362043627235082,studytwo,implemented
5.443012829,1.014820239,12.56285189,7,16,293,2.286,1.113,18.313,8.326,1.594,1.045,4.573,2.708,0.741,77.04,-0.813,20.9,-1.194,11.7,0.638,73.57,0.135,55.17,-0.7,24.2,-1.561,5.94,0.287,61.03,0.4,0.867,0.4,0.267,0.581,0.352,0.195,0.133,0.142,0.167,0.208,0.215,0.198,0.146,0.402,0.253,0.386,0.236,0.633,0.497,85.75,100.725,85.324,23.891,47.782,17.065,6.826,10.239,37.543,0,0,17.065,30.717,20.478,0.667,0.429,0.078,0.56,0.867,3.5,0.72,0.658,0.899,0.875,0.045,0.053,348.123,211.604,30.717,88.737,0,13.652,17.065,20.478,245.734,112.629,105.802,61.433,109.215,20.478,13.652,64.846,0,6.826,2.449,3.055,0,366.595,576.356,348.804,377.634,413.219,3.859,5.779,1.442,1.572,53.395,10.361,22.281,study.two.TEXT.46.COVID,51.5075166112957,11.41626245847176,14.71295681063123,13.484332010920856,studytwo,candidate
10.91350024,0.709392248,26.09368558,9,25,427,2.778,1.093,17.08,8.225,1.602,0.979,4.885,2.669,-0.8,21.19,0.374,64.43,0.589,71.9,-0.287,38.97,0.506,69.15,-1.243,10.75,-1.659,4.85,-0.291,38.59,0.417,0.5,0.583,0.277,0.374,0.4,0.088,0.106,0.069,0.093,0.334,0.228,0.307,0.221,0.45,0.219,0.359,0.167,0.707,0.478,87.078,75.885,84.309,30.445,37.471,9.368,16.393,2.342,42.155,0,0,32.787,53.864,14.052,0.6,0.571,0.08,0.409,0.813,3.96,0.931,0.698,0.887,0.88,0.071,0.073,386.417,192.037,14.052,149.883,18.735,4.684,16.393,18.735,306.792,128.805,88.993,28.103,30.445,0,14.052,0,0,0,2.004,2.941,0.859,352.449,555.639,418.586,437.987,435.509,3.646,6.664,1.532,2.083,53.97,9.975,8.416,study.two.TEXT.47.COVID,49.62379971421768,12.11702071921886,14.55413193617528,13.110285616738595,studytwo,implemented
6.312097204,0.582472223,17.28023645,7,12,222,1.714,1.113,18.5,11.963,1.604,1.031,5.108,2.81,-0.482,31.56,0.356,63.68,0.929,82.12,-0.232,40.9,-0.072,47.21,-1.581,5.71,-0.934,17.62,-2.986,0.14,0.636,0.636,0.636,0.446,0.523,0.554,0.094,0.096,0.073,0.079,0.344,0.21,0.247,0.138,0.516,0.13,0.377,0.162,0.774,0.619,111.164,121.937,67.568,22.523,31.532,9.009,13.514,13.514,31.532,0,0,31.532,36.036,22.523,0.125,0.667,0.085,0.397,0.591,4.25,0.7,0.683,0.9,0.9,0.061,0.056,382.883,261.261,18.018,117.117,4.505,0,22.523,40.541,297.297,135.137,94.595,36.036,22.523,0,4.505,0,4.505,18.018,2.069,2.804,2.1,350.758,559.878,417.038,442.341,443.141,3.756,5.545,1.748,1.952,52.359,10.552,9.565,study.two.TEXT.48.COVID,40.58192307692309,15.903553113553116,18.32869352869353,14.756829357015494,studytwo,candidate
8.241513198,0.571267828,21.58387279,9,23,355,2.556,1.13,15.435,10.18,1.662,1.046,5.217,2.882,-0.781,21.77,0.703,75.8,-0.035,48.8,-1.535,6.3,-0.027,49.2,-0.31,37.83,-0.765,22.36,-0.453,32.64,0.273,0.273,0.409,0.217,0.229,0.349,0.029,0.055,0.041,0.079,0.121,0.115,0.162,0.113,0.379,0.166,0.297,0.153,0.702,0.521,94.794,111.092,59.155,19.718,36.62,11.268,11.268,8.451,28.169,0,0,42.254,50.704,16.901,0.188,0.571,0.065,0.602,0.818,3.391,0.842,0.747,0.957,0.952,0.071,0.062,377.465,270.423,30.986,121.127,5.634,2.817,45.07,33.803,276.056,163.38,101.409,30.986,5.634,0,2.817,0,0,2.817,2.093,2.897,1.2,342.227,558.689,393.559,421.344,430.022,4.457,5.718,1.899,1.908,50.563,10.041,7.313,study.two.TEXT.49.COVID,44.34474662162165,12.819020270270272,15.41216216216216,13.911672136322576,studytwo,candidate
7.120181578,0.866540728,18.40297416,6,20,433,3.333,1.506,21.65,10.55,1.63,0.973,5.021,2.68,-0.63,26.43,0.289,61.03,0.607,72.57,-0.152,44.04,0.783,78.23,-0.806,21.19,-3.071,0.11,-1.827,3.44,0.684,0.684,0.684,0.352,0.421,0.441,0.114,0.11,0.07,0.103,0.297,0.209,0.287,0.196,0.423,0.187,0.347,0.132,0.65,0.488,97.755,115.066,103.926,25.404,41.57,18.476,23.095,4.619,55.427,0,0,30.023,43.88,13.857,0.429,0.857,0.1,0.453,0.684,5.6,0.836,0.676,0.885,0.868,0.078,0.075,371.824,247.113,32.333,113.164,16.166,9.238,18.476,25.404,314.088,140.879,80.831,50.808,27.714,0,6.928,0,0,2.309,2.153,2.922,1.36,358.183,561.455,399.884,421.622,429.038,3.933,5.66,1.835,2.085,46.962,12.088,13.511,study.two.TEXT.50.COVID,44.4205612244898,13.150034013605442,15.514285714285714,13.81666964889586,studytwo,implemented
7.657346004,0.849251147,16.8526949,9,17,379,1.889,1.054,22.294,14.287,1.602,0.977,4.818,2.646,-0.717,23.89,-0.383,35.2,0.409,65.54,-0.12,45.22,1.343,90.99,1.224,88.88,-1.67,4.75,-1.823,3.44,0.563,0.625,0.625,0.47,0.539,0.548,0.103,0.116,0.089,0.12,0.17,0.191,0.311,0.242,0.246,0.168,0.311,0.164,0.67,0.501,84.88,98.225,94.987,36.939,39.578,7.916,23.747,21.108,44.855,0,0,23.747,34.301,7.916,0.4,2.75,0.149,0.572,0.688,5.353,0.871,0.652,0.889,0.868,0.07,0.065,372.032,195.251,10.554,158.311,5.277,2.639,23.747,21.108,306.069,110.818,100.264,42.217,10.554,0,5.277,0,0,5.277,2.421,3.026,1.523,360.786,578.8,384.162,413.148,444.658,4.12,6.321,1.548,2.072,48.677,12.008,18.4,study.two.TEXT.51.COVID,44.78476265270507,13.33938219895288,16.364677137870853,14.458980052321824,studytwo,candidate
6.743349919,0.692005057,17.75570724,8,18,354,2.25,2.188,19.667,15.569,1.61,0.931,5.014,2.487,-0.683,24.83,-0.089,46.81,0.408,65.54,0.565,71.23,0.538,70.19,0.379,64.43,-1.546,6.18,-1.484,6.94,0.588,0.588,0.588,0.44,0.488,0.496,0.182,0.178,0.113,0.144,0.338,0.261,0.266,0.249,0.455,0.273,0.394,0.163,0.57,0.448,60.233,86.01,96.045,33.898,31.073,5.65,16.949,5.65,45.198,0,0,28.249,59.322,5.65,1,0.333,0.047,0.483,0.706,4.611,1.051,0.644,0.808,0.794,0.069,0.071,403.955,141.243,22.599,132.768,2.825,5.65,25.424,2.825,338.983,87.571,127.119,39.549,39.548,0,2.825,28.249,0,5.65,2.222,2.898,2.258,365.145,573.095,384.109,418.219,445.176,3.708,5.957,1.588,2.082,50.667,11.078,18.04,study.two.TEXT.52.COVID,46.70783783783787,13.31011583011583,15.86872586872587,13.81666964889586,studytwo,candidate
7.430149523,1.024214212,17.8573289,7,18,389,2.571,1.718,21.611,10.519,1.578,0.869,4.781,2.478,-0.912,18.14,-0.181,42.86,-0.71,23.89,-0.9,18.41,0.52,69.5,-0.238,40.9,-2.352,0.94,1.13,87.08,0.294,0.294,0.529,0.264,0.272,0.416,0.066,0.054,0.075,0.086,0.281,0.183,0.281,0.205,0.527,0.096,0.375,0.169,0.627,0.494,104.165,113.796,77.121,30.848,41.131,28.278,10.283,7.712,41.131,0,0,28.278,51.414,7.712,0.75,1.25,0.089,0.511,0.941,5.222,0.802,0.658,0.906,0.882,0.067,0.075,375.321,197.943,25.707,146.53,12.853,5.141,17.995,15.424,275.064,100.257,118.252,43.702,28.278,0,2.571,10.283,0,5.141,2.215,2.94,0.4,382.339,561.803,358.951,395.993,429.25,3.888,5.828,1.351,1.703,51.401,11.459,11.697,study.two.TEXT.53.COVID,50.55500000000001,11.673333333333336,13.64848484848485,12.45797560212912,studytwo,candidate
7.120272883,0.865734335,18.23945252,5,13,242,2.6,1.14,18.615,9.185,1.632,1.078,4.988,2.857,-0.693,24.51,0.516,69.5,-0.878,19.22,-1.558,6.06,1.021,84.61,0.074,52.79,-4.415,0,-0.597,27.76,0.25,0.333,0.25,0.253,0.32,0.28,0.047,0.065,0.055,0.078,0.134,0.109,0.165,0.132,0.362,0.179,0.275,0.143,0.75,0.572,125.104,126.941,99.174,24.793,66.116,37.19,8.264,12.397,61.983,0,0,28.926,37.19,4.132,0.25,2,0.079,0.393,0.792,5.923,0.924,0.662,0.905,0.893,0.078,0.071,396.694,185.95,41.322,152.893,16.529,12.397,28.926,12.397,272.727,90.909,123.967,66.116,33.058,0,4.132,20.661,0,4.132,2.28,2.981,2.52,390.844,565.506,357.964,387.371,424.048,3.853,6.618,1.295,1.866,49.874,10.927,12.83,study.two.TEXT.54.COVID,46.39118577075101,12.502529644268773,15.840316205533597,14.291902434058311,studytwo,candidate
7.464507233,0.973684767,18.53412694,7,16,370,2.286,1.799,23.125,8.771,1.619,1.003,4.986,2.647,-0.42,33.72,-0.548,29.46,-0.144,44.43,0.607,72.57,0.524,69.85,-0.151,44.04,-2.375,0.89,-1.3,9.68,0.6,0.667,0.667,0.59,0.648,0.629,0.143,0.149,0.117,0.12,0.361,0.222,0.309,0.197,0.553,0.108,0.395,0.138,0.609,0.477,86.078,100.936,81.081,24.324,37.838,24.324,13.514,5.405,45.946,0,0,24.324,40.541,2.703,0.6,2.5,0.084,0.448,0.733,8.5,0.802,0.652,0.864,0.85,0.081,0.068,378.378,205.405,21.622,118.919,10.811,8.108,5.405,13.514,313.513,124.324,97.297,43.243,24.324,0,5.405,5.405,0,2.703,2.329,2.986,1.45,369.031,571.597,366.17,400.477,428.747,4.045,6.537,1.279,2.146,46.396,12.533,19.128,study.two.TEXT.55.COVID,45.368095238095265,13.6389417989418,16.1968253968254,14.03260196037952,studytwo,candidate
8.1539484,0.951772185,19.55266824,9,18,357,2,1.225,19.833,10.422,1.493,0.816,4.804,2.445,-0.153,44.04,-0.701,24.2,-1.334,9.18,-0.562,28.77,1.762,96.08,0.233,59.1,-2.391,0.84,1.079,85.77,0.353,0.353,0.471,0.216,0.32,0.392,0.109,0.112,0.061,0.101,0.282,0.184,0.308,0.172,0.307,0.239,0.346,0.139,0.682,0.493,76.615,102.416,98.039,36.415,50.42,19.608,16.807,14.006,53.221,0,0,11.204,36.415,5.602,1.8,2,0.074,0.339,0.912,4.5,0.792,0.643,0.87,0.845,0.064,0.052,366.947,218.487,28.011,109.244,8.403,2.801,28.011,14.006,243.698,128.851,117.646,70.028,47.619,0,0,28.011,0,5.602,2.322,3,1.279,394.158,576.276,326.513,373.407,421.076,3.964,5.627,1.456,1.536,60.397,9.762,16.138,study.two.TEXT.56.COVID,54.59357238605901,12.263448870164687,15.161164304864036,13.02386679866686,studytwo,candidate
5.500824525,1.021276571,14.53920447,17,25,369,1.471,0.8,14.76,8.89,1.588,0.994,4.916,2.717,0.226,58.71,0.392,65.17,-0.787,21.77,-1.082,14.01,2.349,99.04,-0.245,40.52,-2.484,0.66,-0.188,42.86,0.167,0.25,0.25,0.133,0.292,0.246,0.068,0.126,0.068,0.113,0.145,0.174,0.173,0.221,0.141,0.108,0.319,0.145,0.671,0.473,106.8,121.225,111.111,48.78,65.041,40.65,10.84,10.84,35.23,0,0,27.1,62.331,18.97,1.182,1.125,0.057,0.525,0.792,2.04,0.753,0.703,0.882,0.877,0.063,0.055,325.203,257.453,27.1,67.751,5.42,16.26,37.94,18.97,254.743,140.92,81.301,48.78,102.981,16.26,5.42,56.911,0,16.26,2.295,2.965,1.018,378.314,572.752,352.152,386.991,415.2,4.854,5.7,1.558,1.667,57.509,8.905,13.337,study.two.TEXT.57.COVID,54.799681094767294,9.873022666988184,13.008391608391609,12.40481918309499,studytwo,candidate
6.498022098,0.943520757,15.62928567,14,20,361,1.429,0.852,18.05,9.185,1.623,1.001,4.986,2.834,0.404,65.54,1.074,85.77,-0.531,29.81,-0.131,44.83,3.559,100,-1.687,4.65,-2.876,0.21,-1.602,5.48,0.316,0.474,0.316,0.345,0.428,0.352,0.11,0.125,0.079,0.097,0.301,0.182,0.299,0.154,0.332,0.185,0.361,0.119,0.701,0.503,84.827,111.421,144.044,60.942,72.022,24.931,24.931,24.931,49.861,0,0,24.931,55.402,30.471,1.1,1.167,0.08,0.43,0.658,3.9,0.636,0.717,0.883,0.851,0.058,0.062,357.341,268.698,30.471,94.183,13.85,16.62,36.011,27.701,246.537,160.665,74.792,52.631,83.102,11.08,0,44.321,0,13.85,2.271,2.976,1.077,361.511,567.375,361.303,387.633,417.634,4.98,6.53,1.685,1.856,51.208,10.601,14.701,study.two.TEXT.58.COVID,51.69361585365854,10.632600271002708,13.884065040650407,13.02386679866686,studytwo,implemented
8.847706907,0.947484898,21.73754282,5,15,333,3,1.414,22.2,11.853,1.682,1.033,5.027,2.846,-0.228,41.29,-0.674,25.14,-0.635,26.43,-0.783,21.77,0.782,78.23,-0.571,28.43,-1.609,5.37,-1.32,9.34,0.429,0.643,0.571,0.368,0.526,0.453,0.096,0.107,0.069,0.077,0.195,0.134,0.245,0.163,0.201,0.222,0.275,0.142,0.793,0.575,116.117,112.325,87.087,30.03,45.045,15.015,21.021,30.03,39.039,0,0,30.03,45.045,9.009,0.455,1.5,0.052,0.475,0.714,4.333,0.927,0.689,0.91,0.893,0.076,0.062,357.357,213.213,45.045,126.126,15.015,18.018,9.009,18.018,240.24,120.12,105.105,84.084,30.03,0,0,0,0,3.003,2.221,3.038,0.95,390.75,561.603,364.311,389.474,418.908,3.596,5.357,1.574,1.499,42.005,12.916,13.956,study.two.TEXT.59.COVID,39.7123413321373,14.274927113702628,16.96784032294236,14.879552855430394,studytwo,candidate
8.621073778,0.936466962,20.55481613,5,13,241,2.6,1.14,18.538,8.311,1.805,1.255,5.282,3.09,-0.75,22.66,0.104,53.98,-0.119,45.62,-1.052,14.69,1.469,92.79,-0.493,31.21,-1.12,13.14,-0.984,16.35,0.417,0.417,0.5,0.36,0.4,0.427,0.04,0.054,0.061,0.092,0.135,0.084,0.141,0.104,0.29,0.057,0.235,0.127,0.788,0.593,94.365,102.084,82.988,45.643,53.942,12.448,16.598,33.195,37.344,0,0,29.046,45.643,29.046,0.5,0.875,0.067,0.656,0.75,2.846,0.967,0.642,0.895,0.889,0.052,0.05,365.145,248.963,29.046,128.631,12.448,12.448,16.598,29.046,302.904,124.482,66.39,41.494,29.046,0,4.149,0,0,12.448,2.078,2.975,0.3,390,560.736,374.186,399.792,430.321,3.767,5.483,1.907,1.877,35.316,12.939,6.397,study.two.TEXT.60.COVID,32.199857142857184,15.028476190476194,18.175238095238097,16.03029750255766,studytwo,candidate
10.82059892,1.084219194,21.82694123,4,10,225,2.5,0.577,22.5,17.255,1.68,1.096,4.951,3.068,0.028,50.8,-1.519,6.43,0.164,56.36,-0.137,44.83,0.011,50.4,0.777,77.94,-0.285,38.97,0.358,63.68,0.556,0.556,0.778,0.467,0.489,0.689,0.103,0.095,0.108,0.084,0.177,0.185,0.13,0.138,0.256,0.173,0.231,0.137,0.781,0.565,81.019,73.351,62.222,22.222,35.556,4.444,8.889,8.889,31.111,0,0,17.778,26.667,4.444,0.4,2,0.08,0.691,0.889,3.6,0.667,0.713,0.903,0.886,0.046,0.049,391.111,235.556,17.778,160,0,4.444,22.222,35.556,280,155.555,88.889,31.111,44.444,0,13.333,0,0,17.778,2.367,3.196,0,344.409,572.095,388.1,409.527,435.857,3.788,5.766,1.697,1.873,41.87,13.009,15.718,study.two.TEXT.61.COVID,34.694738924050654,15.779783755274266,17.588396624472576,14.90622815163357,studytwo,implemented
8.260615895,1.120463041,19.91914673,6,17,357,2.833,2.137,21,11.646,1.672,1.11,5.053,2.989,-0.295,38.59,-0.094,46.41,-0.635,26.43,-0.98,16.35,2.242,98.75,-0.068,47.61,-3.139,0.09,0.129,54.78,0.313,0.438,0.375,0.296,0.391,0.357,0.061,0.066,0.068,0.078,0.205,0.157,0.263,0.152,0.274,0.194,0.312,0.13,0.7,0.519,113.806,109.341,103.641,39.216,61.625,36.415,25.21,5.602,50.42,0,0,16.807,44.818,14.006,1.429,1.167,0.081,0.431,0.844,3.176,0.768,0.654,0.926,0.926,0.081,0.072,375.35,252.101,19.608,112.045,14.006,11.204,25.21,28.011,240.896,145.657,120.448,44.818,30.812,0,0,14.006,0,5.602,2.271,3.005,1.16,378.512,571.934,347.568,384.344,428.523,4.43,6.347,1.569,1.722,44.069,12.33,13.555,study.two.TEXT.62.COVID,39.546566604127605,14.794905149051496,17.424306858453203,14.985893962826673,studytwo,candidate
7.083521317,0.94067388,17.33572187,9,31,436,3.444,1.236,14.065,10.122,1.837,1.212,5.413,3.169,-1.083,14.01,0.476,68.08,-0.151,44.04,-1.766,3.92,0.525,69.85,-0.787,21.77,-0.486,31.56,0.343,63.31,0.3,0.3,0.3,0.204,0.227,0.255,0.059,0.087,0.036,0.07,0.153,0.235,0.109,0.142,0.358,0.198,0.278,0.164,0.649,0.489,117.457,127.422,66.514,27.523,34.404,9.174,18.349,20.642,25.229,0,0,25.229,34.404,16.055,0.333,1,0.052,0.399,0.9,3.419,0.964,0.706,0.931,0.923,0.085,0.069,385.321,222.477,29.817,146.789,16.055,2.294,38.991,16.055,300.459,144.495,116.972,36.698,20.642,0,4.587,0,0,2.294,2.051,2.849,0.962,355.889,559.452,403.818,416.233,431.267,3.884,5.31,1.697,1.793,37.149,11.572,8.804,study.two.TEXT.63.COVID,28.7716883565588,15.22159852585512,18.373787861338247,16.235038790447152,studytwo,candidate
7.255303053,1.005599241,18.90729321,10,14,353,1.4,0.516,25.214,10.757,1.734,1.094,5.116,2.907,-1.019,15.62,-1.236,10.93,-0.155,44.04,0.433,66.64,2.108,98.21,1.239,89.07,-2.412,0.8,-0.533,29.81,0.692,0.692,0.846,0.647,0.694,0.741,0.16,0.116,0.114,0.099,0.274,0.179,0.289,0.178,0.298,0.171,0.346,0.158,0.584,0.457,81.142,91.337,101.983,45.326,48.159,14.164,5.666,16.997,53.824,0,0,11.331,36.827,2.833,1.8,4.5,0.177,0.443,0.769,3.643,1.187,0.647,0.885,0.851,0.077,0.056,379.603,164.306,22.663,144.476,2.833,0,19.83,14.164,345.609,59.49,116.147,45.326,22.663,0,2.833,8.499,0,2.833,2.364,3,1.04,374.574,570.896,366.6,398.125,440.552,3.965,5.764,1.315,2.129,34.546,14.705,20.549,study.two.TEXT.64.COVID,26.667631843294856,17.715263686589655,20.677448518332497,17.332850977054683,studytwo,candidate
7.245231004,0.792455264,18.46076979,4,9,234,2.25,0.957,26,14.465,1.825,1.225,5.38,2.948,-1.176,12.1,-0.935,17.62,-0.233,40.9,-0.999,15.87,0.425,66.28,-0.55,29.12,-3.116,0.09,0.275,60.64,0.5,0.625,0.5,0.444,0.5,0.444,0.052,0.046,0.071,0.077,0.266,0.115,0.263,0.118,0.443,0.048,0.317,0.143,0.752,0.599,130.03,120.353,102.564,25.641,29.915,17.094,21.368,21.368,59.829,0,0,12.821,21.368,4.274,0.5,2,0.109,0.458,0.875,5.111,1,0.665,0.905,0.874,0.048,0.071,388.889,162.393,34.188,149.573,12.821,0,12.821,21.368,316.24,98.292,119.658,55.556,17.094,0,0,0,0,4.274,2.128,2.863,0.47,383.394,564.378,349.803,398.486,428.659,3.261,6.668,1.445,2.209,26.05,16.085,7.88,study.two.TEXT.65.COVID,22.55803006329114,17.472610759493673,19.951265822784812,17.122413403193683,studytwo,candidate
6.065478476,0.758900455,16.51943718,9,18,313,2,1.118,17.389,9.409,1.719,1.018,5.304,2.681,-1.251,10.56,-0.371,35.57,0.619,72.91,-0.375,35.57,-0.771,22.06,0.444,67,-2.082,1.88,0.043,51.6,0.529,0.529,0.588,0.424,0.44,0.496,0.105,0.104,0.09,0.116,0.235,0.163,0.256,0.144,0.303,0.181,0.35,0.159,0.598,0.508,94.473,98.233,79.872,15.974,19.169,6.39,9.585,9.585,51.118,0,0,22.364,28.754,15.974,0.25,0.5,0.079,0.627,0.882,5.778,1.173,0.627,0.906,0.891,0.081,0.083,373.802,146.965,15.974,150.16,6.39,0,31.949,3.195,364.217,95.847,105.431,41.534,19.169,0,9.585,0,0,3.195,2.241,2.856,0.755,363.655,572.059,381.87,413.385,452.682,3.879,6.422,1.35,2.348,43.758,11.476,15.185,study.two.TEXT.66.COVID,42.45502564102566,12.720307692307692,14.574358974358976,13.348371206891418,studytwo,candidate
7.89468514,0.82911312,20.80762711,9,20,359,2.222,1.302,17.95,9.336,1.671,1.04,5.053,2.835,-0.761,22.36,-0.106,46.02,0.662,74.54,-0.662,25.46,0.436,66.64,-0.128,45.22,-0.907,18.41,-0.748,22.96,0.474,0.579,0.684,0.421,0.469,0.476,0.094,0.118,0.066,0.084,0.249,0.169,0.258,0.149,0.284,0.195,0.325,0.125,0.735,0.568,105.985,118.489,83.565,27.855,25.07,8.357,22.284,22.284,33.426,0,0,25.07,33.426,19.499,0.3,1,0.055,0.517,0.816,4.35,1.215,0.655,0.919,0.897,0.08,0.07,364.903,203.343,16.713,105.85,8.357,2.786,25.07,22.284,345.404,125.349,80.781,36.212,22.284,0,11.142,0,0,2.786,2.257,2.933,1.647,351.77,572.043,387.448,420,445.919,3.992,6.696,1.718,2.431,47.249,11.128,14.906,study.two.TEXT.67.COVID,46.06297492767601,12.182973320475735,14.731983285117328,13.497565539657195,studytwo,candidate
7.276187458,0.79469486600000006,18.21370621,11,17,408,1.545,0.934,24,9.696,1.645,0.966,5.113,2.478,-0.715,23.89,-0.68,24.83,1.184,88.1,0.338,62.93,1.027,84.61,-0.185,42.86,-3.304,0.05,-3.298,0.05,0.688,0.75,0.75,0.539,0.583,0.626,0.147,0.123,0.096,0.1,0.37,0.161,0.376,0.162,0.441,0.175,0.365,0.133,0.701,0.514,109.014,120.046,110.294,34.314,41.667,19.608,19.608,29.412,61.275,0,0,24.51,36.765,9.804,0.455,2,0.088,0.506,0.531,6.882,0.898,0.593,0.841,0.829,0.063,0.067,375,200.98,36.765,134.804,7.353,4.902,19.608,9.804,276.961,110.295,115.196,49.02,22.059,0,7.353,0,0,9.804,2.211,2.956,1.19,351.435,567.854,380.279,421.523,443.535,4.059,6.663,1.524,1.987,43.308,13.181,15.594,study.two.TEXT.68.COVID,40.19383974358976,14.542826923076928,18.016410256410257,15.6451,studytwo,candidate
8.85606441,0.914791889,22.63843821,18,24,366,1.333,0.84,15.25,10.56,1.82,1.063,5.475,2.985,-1.446,7.49,0.767,77.64,-1.211,11.31,-1.142,12.71,0.367,64.06,-0.945,17.36,-3.066,0.11,0.108,53.98,0.522,0.522,0.522,0.173,0.178,0.281,0.107,0.116,0.044,0.087,0.197,0.204,0.254,0.168,0.19,0.213,0.296,0.129,0.73,0.512,75.131,96.638,101.093,32.787,35.519,16.393,13.661,19.126,57.377,0,0,32.787,43.716,16.393,0.308,1.286,0.072,0.268,0.848,2.792,1.157,0.642,0.894,0.873,0.059,0.07,338.798,172.131,43.716,128.415,27.322,10.929,5.464,21.858,295.082,103.824,139.344,57.377,5.464,0,0,0,0,2.732,1.985,2.85,1.23,422.6,554.104,363.126,373.667,415.621,3.476,5.493,1.363,1.742,37.384,11.834,8.242,study.two.TEXT.69.COVID,17.30352813852815,19.382717652717655,23.26926406926407,19.469769564561357,studytwo,candidate
10.03646785,0.841500935,25.09594121,14,21,347,1.5,0.941,16.524,10.709,1.72,1.011,5.256,2.905,-0.596,27.76,0.686,75.17,0.232,59.1,-0.054,48.01,-0.021,49.2,-1.646,5.05,-4.1,0,-0.362,35.94,0.55,0.6,0.65,0.297,0.374,0.426,0.116,0.154,0.061,0.095,0.338,0.177,0.435,0.134,0.33,0.215,0.361,0.154,0.743,0.541,66.487,86.793,100.865,8.646,40.346,28.818,25.937,17.291,63.401,0,0,37.464,43.228,8.646,0.143,0.5,0.051,0.27,0.825,4.81,0.916,0.626,0.891,0.868,0.142,0.108,377.522,198.847,31.7,126.801,14.409,8.646,40.346,11.527,279.539,149.856,95.101,43.228,20.173,0,2.882,0,0,11.527,2.065,2.905,1.092,358.431,574.327,386.093,409.195,421.242,3.902,7.063,1.47,2.094,44.551,11.15,15.589,study.two.TEXT.70.COVID,36.92003521126759,14.409144869215291,18.03018108651912,15.903189008614271,studytwo,candidate
4.886106115,0.83736962,15.07775316,10,21,217,2.1,1.287,10.333,8.652,1.682,0.95,5.309,2.701,-0.769,22.36,1.841,96.71,1.016,84.38,-2.401,0.82,1.967,97.5,-2.523,0.59,-4.7,0,0.088,53.19,0.25,0.25,0.25,0.103,0.11,0.123,0.034,0.064,0.03,0.106,0.133,0.122,0.191,0.149,0.183,0.097,0.297,0.175,0.813,0.664,142.776,169.45,110.599,32.258,59.908,32.258,18.433,18.433,59.908,0,0,36.866,50.691,18.433,0.333,1,0.042,0.27,0.875,2.714,0.831,0.763,0.98,0.975,0.068,0.088,336.406,239.631,41.475,110.599,23.041,18.433,41.475,13.825,331.797,147.466,82.949,59.908,27.65,0,0,4.608,0,18.433,1.991,2.61,1.121,339.023,569.01,419.872,429.032,446.917,4.461,6.66,1.636,2.336,54.05,8.287,5.132,study.two.TEXT.71.COVID,48.84934065934067,10.72642857142857,14.213736263736264,13.274406872562384,studytwo,implemented
5.989698217,0.742482619,17.03383772,16,23,338,1.438,0.727,14.696,11.749,1.657,0.962,5.163,2.804,-1.358,8.85,1.199,88.3,1.589,94.29,-2.162,1.54,1.364,91.31,-1.803,3.59,-5.093,0,0.479,68.08,0.227,0.227,0.318,0.097,0.126,0.251,0.053,0.102,0.02,0.055,0.18,0.176,0.203,0.191,0.206,0.167,0.32,0.154,0.808,0.591,117.7,149.066,127.219,20.71,50.296,20.71,29.586,20.71,76.923,0,0,38.462,38.462,8.876,0,1.75,0.081,0.259,0.909,4.783,1.276,0.788,0.938,0.908,0.064,0.067,304.734,242.604,23.669,103.55,17.751,5.917,17.751,8.876,316.567,156.805,82.841,29.586,5.917,0,0,0,0,0,1.877,2.706,1.176,340.889,564.821,446.053,452.33,427.294,3.779,6.545,1.539,2.228,51.736,9.694,3.335,study.two.TEXT.72.COVID,34.70079178885632,16.120527859237537,19.7900293255132,16.800685031470465,studytwo,implemented
7.047257419,0.918134364,18.07967892,16,23,279,1.438,1.031,12.13,7.839,1.487,0.804,4.742,2.455,-0.805,21.19,1.259,89.44,0.666,74.54,-0.699,24.51,1.808,96.41,-0.724,23.58,-2.557,0.54,0.653,74.22,0.455,0.5,0.5,0.291,0.309,0.354,0.114,0.141,0.071,0.112,0.265,0.201,0.189,0.149,0.36,0.187,0.331,0.148,0.705,0.512,63.752,86.435,114.695,32.258,46.595,17.921,35.842,32.258,43.011,0,0,50.179,57.348,10.753,0.133,1.75,0.081,0.325,0.932,2.913,0.887,0.741,0.947,0.907,0.131,0.088,329.749,247.312,25.09,146.953,32.258,7.168,14.337,7.168,261.648,129.032,111.111,28.674,28.674,0,0,14.337,0,3.584,1.946,2.865,1.28,348.868,575.314,415.474,418.733,436.275,4.199,6.835,1.426,1.973,68.723,6.687,12.162,study.two.TEXT.73.COVID,55.01967136150236,11.464647887323943,14.255399061032865,12.745084868956482,studytwo,candidate
9.718867784,0.75041975,23.97397992,9,13,261,1.444,0.726,20.077,9.82,1.805,1.162,5.303,3.016,-1.29,9.85,-0.358,36.32,-0.406,34.46,-1.014,15.62,1.593,94.41,-1.213,11.31,-1.971,2.44,-0.461,32.28,0.333,0.333,0.417,0.24,0.24,0.32,0.085,0.089,0.062,0.072,0.286,0.153,0.356,0.126,0.279,0.107,0.326,0.134,0.764,0.567,80.744,94.083,99.617,34.483,57.471,26.82,26.82,22.989,38.314,0,0,19.157,42.146,3.831,1,2,0.069,0.309,0.75,5.077,1.158,0.607,0.886,0.866,0.045,0.044,344.828,191.571,11.494,130.268,15.326,11.494,26.82,7.663,256.705,107.279,141.762,26.82,11.494,0,0,0,0,11.494,1.88,2.865,0.47,386.931,557.225,388.875,402.507,415.707,3.055,6.144,1.263,1.791,33.754,13.539,3.917,study.two.TEXT.74.COVID,20.240671641791096,19.947398720682305,22.92622601279318,18.548980349730343,studytwo,candidate
6.945239478,0.616350284,17.44943752,18,22,399,1.222,0.428,18.136,15.349,1.654,0.863,5.221,2.693,-1.008,15.87,0.57,71.23,1.31,90.32,-1.15,12.51,1.031,84.85,-1.468,7.21,-4.65,0,0.678,74.86,0.381,0.429,0.476,0.17,0.212,0.218,0.106,0.145,0.037,0.086,0.278,0.196,0.313,0.117,0.279,0.221,0.319,0.133,0.76,0.538,86.802,116.284,137.845,25.063,40.1,25.063,20.05,12.531,72.682,0,0,20.05,25.063,15.038,0.222,1.143,0.036,0.336,0.929,5.955,0.948,0.729,0.916,0.881,0.104,0.058,353.383,225.564,7.519,142.857,17.544,2.506,52.632,30.075,333.334,142.858,80.201,12.531,27.569,0,0,12.531,0,5.013,1.94,2.758,1.424,382.246,564.226,417.149,420.038,442.036,4.135,6.692,1.522,2.408,48.499,11,9.948,study.two.TEXT.75.COVID,30.09496554789956,18.29868415203379,22.109891086908203,17.946242345024807,studytwo,candidate
9.015729921,0.704450182,23.34552258,9,19,407,2.111,1.269,21.421,10.744,1.722,0.939,5.319,2.886,-0.406,34.46,-0.295,38.59,-0.738,23.27,0.43,66.64,1.147,87.29,-1.072,14.23,-2.067,1.97,0.235,59.1,0.611,0.722,0.667,0.459,0.541,0.563,0.108,0.116,0.081,0.093,0.302,0.151,0.338,0.099,0.379,0.204,0.366,0.116,0.685,0.471,63.096,77.949,100.737,39.312,39.312,9.828,7.371,12.285,56.511,0,0,22.113,39.312,7.371,0.7,2.75,0.04,0.512,0.833,4.316,1.011,0.609,0.854,0.839,0.068,0.061,351.351,267.813,19.656,103.194,12.285,7.371,46.683,54.054,280.098,179.361,73.71,31.941,36.855,0,0,7.371,0,24.57,2.017,2.865,0.838,381.889,561.107,341.86,375.719,397.639,4.273,6.695,1.779,2.189,39.412,13.084,9.567,study.two.TEXT.76.COVID,33.56044604316551,15.484613908872904,19.849016786570743,17.19993927845102,studytwo,candidate
6.862410508,0.839487541,21.1185034,22,29,379,1.318,0.568,13.069,8.311,1.879,1.125,5.828,3.131,-0.862,19.49,1.014,84.38,-0.72,23.58,-0.547,29.46,0.689,75.17,-1.562,5.94,-2.503,0.62,0.496,68.79,0.5,0.643,0.679,0.323,0.357,0.409,0.111,0.142,0.073,0.112,0.268,0.184,0.245,0.169,0.331,0.159,0.356,0.132,0.68,0.516,67.405,100.341,102.902,21.108,47.493,10.554,15.831,18.47,52.77,0,0,29.024,34.301,18.47,0.167,1,0.063,0.309,0.911,1.828,0.888,0.696,0.925,0.894,0.06,0.068,372.032,234.829,23.747,126.649,18.47,7.916,23.747,21.108,298.153,139.841,129.288,39.578,18.47,0,0,2.639,0,13.193,2.064,2.734,1.14,414.5,569.297,377.89,388.49,420.014,4.261,6.731,1.518,2.193,34.607,11.679,10.278,study.two.TEXT.77.COVID,15.286869602763405,19.11821243523316,22.814853195164076,19.287186520377343,studytwo,candidate
7.017623989,0.665501745,20.07198545,18,28,406,1.556,0.856,14.5,7.576,1.783,0.992,5.527,2.942,-0.993,16.11,2.149,98.38,0.575,71.57,-0.722,23.58,0.966,83.15,-2.472,0.68,-4.702,0,0.066,52.39,0.481,0.519,0.593,0.191,0.204,0.28,0.116,0.126,0.045,0.092,0.208,0.12,0.224,0.116,0.216,0.121,0.301,0.101,0.636,0.468,68.107,97.847,128.079,14.778,46.798,22.167,32.02,2.463,73.892,0,0,54.187,56.65,41.872,0.043,0.278,0.046,0.235,0.889,3.036,0.917,0.699,0.874,0.857,0.119,0.087,347.291,251.232,17.241,125.616,29.557,12.315,66.502,19.704,302.955,177.339,83.744,27.094,4.926,0,0,2.463,0,0,1.848,2.687,0.908,370.241,559.677,393.322,407.985,430.773,4.13,6.661,1.686,2.256,41.276,11.104,9.347,study.two.TEXT.78.COVID,34.49655750605331,13.577785714285715,17.55782082324455,15.6451,studytwo,candidate
6.952965305,0.877688601,21.21665844,12,13,240,1.083,0.289,18.462,9.287,1.588,0.868,5.133,2.736,-1.046,14.92,0.72,76.42,1.886,96.99,-0.926,17.88,0.426,66.28,-1.586,5.71,-5.406,0,-0.129,45.22,0.333,0.333,0.333,0.213,0.267,0.293,0.079,0.123,0.047,0.094,0.237,0.122,0.231,0,0.241,0.128,0.295,0.138,0.828,0.624,87.624,87.898,112.5,20.833,41.667,25,12.5,12.5,75,0,0,33.333,37.5,12.5,0.111,1.25,0.058,0.257,0.833,4.692,0.845,0.714,0.857,0.857,0.087,0.09,358.333,295.833,20.833,100,29.167,12.5,4.167,29.167,312.5,137.501,100,33.333,8.333,0,0,0,0,8.333,1.995,2.774,0,336.892,572.467,452.593,451.989,436.476,4.298,6.805,1.315,2.251,53.751,10.349,8.733,study.two.TEXT.79.COVID,52.12451101928377,10.998966942148764,14.017079889807164,13.02386679866686,studytwo,candidate
6.272525058,0.710875657,19.80587193,14,19,211,1.357,0.633,11.105,6.056,1.787,1.013,5.692,2.783,-1.383,8.38,1.332,90.82,0.2,57.93,-1.475,7.08,-0.811,20.9,-1.106,13.57,-4.581,0,1.435,92.36,0.222,0.278,0.278,0.096,0.126,0.156,0.062,0.094,0.027,0.067,0.209,0.179,0.252,0.136,0.243,0.232,0.283,0.126,0.803,0.614,84.084,100.914,90.047,14.218,18.957,14.218,0,9.479,75.829,0,0,56.872,56.872,4.739,0,1.5,0.055,0.152,1,2.105,0.891,0.645,0.837,0.837,0.116,0.105,355.45,284.36,14.218,99.526,14.218,9.479,37.915,33.175,327.014,137.441,99.526,23.697,4.739,0,0,0,0,4.739,2.023,2.68,1.331,373.375,568.566,397.648,413.039,431.13,4.04,6.87,1.246,2.403,44.383,9.828,10.245,study.two.TEXT.80.COVID,35.89682875264273,13.10807610993658,17.120507399577168,15.308715981407026,studytwo,candidate
7.89824585,0.992496646,18.23129281,10,16,357,1.6,0.843,22.313,11.538,1.541,0.812,4.924,2.595,0.49,68.44,-0.272,39.36,0.686,75.17,1.164,87.7,1.488,93.06,-1.675,4.75,-2.227,1.32,-0.329,37.45,0.6,0.933,0.8,0.448,0.6,0.619,0.175,0.132,0.118,0.118,0.309,0.202,0.31,0.153,0.332,0.202,0.345,0.13,0.614,0.411,73.874,78.794,109.244,30.812,58.824,19.608,16.807,14.006,44.818,0,0,22.409,36.415,19.608,0.556,0.875,0.049,0.35,0.833,7.688,0.805,0.658,0.871,0.841,0.06,0.069,330.532,308.123,19.608,100.84,8.403,11.204,19.608,39.216,266.106,159.664,53.221,28.011,47.619,0,0,8.403,0,36.415,2.181,3.004,0.935,336.389,570.035,399.081,411.115,422.064,4.447,6.062,1.68,1.953,53.819,11.296,16.217,study.two.TEXT.81.COVID,50.89038461538463,13.270000000000003,15.63970223325062,13.02386679866686,studytwo,candidate
5.854476368,0.880772507,12.38246269,12,20,347,1.667,0.778,17.35,9.287,1.409,0.663,4.375,2.212,1.076,85.77,0.358,63.68,0.212,58.32,1.456,92.65,0.837,79.67,0.105,53.98,-2.705,0.35,-1.271,10.2,0.579,0.684,0.579,0.441,0.669,0.441,0.204,0.181,0.183,0.165,0.179,0.173,0.211,0.183,0.262,0.247,0.318,0.183,0.594,0.395,47.87,57.964,100.865,34.582,48.991,20.173,8.646,5.764,43.228,0,0,40.346,57.637,23.055,0.4,0.778,0.072,0.504,0.737,4.65,0.629,0.683,0.852,0.835,0.104,0.092,365.994,247.839,46.11,138.329,14.409,17.291,17.291,17.291,207.493,106.628,66.283,74.928,109.51,0,2.882,100.865,0,5.764,2.46,3.105,1.584,298.755,588.692,385.476,404.541,440.385,4.429,6.618,1.546,1.551,70.023,7.803,26.62,study.two.TEXT.82.COVID,66.90384180790961,8.813333333333336,10.8045197740113,9.994966539143718,studytwo,candidate
8.527312605,1.003323172,20.16441626,14,22,416,1.571,1.222,18.909,5.535,1.625,0.852,5.101,2.763,-0.629,26.43,-0.139,44.43,-0.216,41.68,0.343,63.31,-0.093,46.41,-0.638,26.43,-1.655,4.95,-0.206,42.07,0.571,0.714,0.667,0.358,0.491,0.461,0.152,0.132,0.091,0.119,0.272,0.173,0.198,0.192,0.346,0.136,0.369,0.156,0.626,0.44,63.769,87.087,79.327,24.038,31.25,9.615,14.423,14.423,45.673,0,0,28.846,36.058,12.019,0.231,1.333,0.061,0.533,0.833,6.818,1.048,0.61,0.868,0.861,0.073,0.068,355.769,225.962,14.423,141.827,9.615,9.615,21.635,24.038,288.461,125,84.135,19.231,28.846,0,0,0,0,24.038,2.029,2.901,1.088,382.854,568.609,388.802,392.218,413.691,3.378,6.576,1.559,2.069,50.167,10.96,12.446,study.two.TEXT.83.COVID,37.66758773484585,16.29912442396314,19.252463665366893,15.80454591841917,studytwo,candidate
7.515657708,0.867649368,17.57591812,7,17,303,2.429,0.976,17.824,8.153,1.587,0.845,5.01,2.682,-0.301,38.21,0.926,82.12,-0.177,43.25,-0.53,29.81,2.373,99.11,-0.783,21.77,-2.933,0.17,0.911,81.86,0.313,0.375,0.438,0.33,0.426,0.443,0.071,0.094,0.077,0.106,0.266,0.154,0.268,0.15,0.462,0.166,0.357,0.138,0.68,0.476,77.75,94.031,128.713,46.205,72.607,23.102,16.502,23.102,49.505,0,0,36.304,52.805,26.403,0.417,1.111,0.152,0.534,0.906,1.765,0.76,0.711,0.918,0.91,0.07,0.052,356.436,264.026,19.802,128.713,13.201,9.901,23.102,29.703,257.425,148.515,105.61,33.003,42.904,0,0,0,0,42.904,2.086,2.876,1.138,335.677,576.541,395.392,403.327,415.467,3.841,6.543,1.436,1.846,54.483,10.088,9.29,study.two.TEXT.84.COVID,43.71104545454549,15.087363636363635,18.026457680250783,14.836745963215662,studytwo,implemented
7.204228577,0.807546734,20.86200873,7,14,241,2,0.816,17.214,8.304,1.672,0.873,5.22,2.518,-1.483,6.94,1.028,84.61,0.188,57.14,-0.257,40.13,1.299,90.15,-1.294,9.85,-2.556,0.54,-0.743,22.96,0.615,0.692,0.769,0.247,0.294,0.329,0.162,0.156,0.071,0.105,0.327,0.206,0.316,0.164,0.408,0.199,0.335,0.151,0.722,0.56,74.374,103.245,91.286,41.494,53.942,20.747,4.149,29.046,45.643,0,0,41.494,49.793,12.448,0.182,2.25,0.08,0.402,0.769,4.214,1.197,0.583,0.892,0.84,0.111,0.107,323.651,199.17,4.149,132.78,20.747,8.299,33.195,12.448,319.503,120.332,136.929,12.448,16.598,0,0,0,0,16.598,1.951,2.755,0.88,373.313,558.811,386.159,400.203,436.711,3.973,6.716,1.576,2.265,47.912,10.853,13.567,study.two.TEXT.85.COVID,45.49729971273541,11.51883817427386,14.220363868496651,13.274406872562384,studytwo,candidate
8.010577066,1.029056277,21.17573055,13,16,219,1.231,0.439,13.688,7.042,1.699,0.991,5.219,2.851,-0.853,19.77,0.995,83.89,0.154,55.96,-1.106,13.57,2.199,98.57,-1.097,13.79,-5.609,0,1.383,91.62,0.267,0.267,0.333,0.2,0.295,0.314,0.056,0.094,0.048,0.089,0.142,0.11,0.239,0.101,0.13,0.111,0.31,0.137,0.765,0.558,77.969,97.062,136.986,36.53,86.758,31.963,18.265,27.397,86.758,0,0,27.397,31.963,18.265,0.143,1.4,0.059,0.34,0.967,2.75,0.873,0.613,0.845,0.819,0.072,0.051,360.731,255.708,4.566,100.457,4.566,13.699,31.963,22.831,301.37,127.853,105.023,27.397,9.132,0,0,0,0,9.132,2.092,2.849,0.907,369.346,569.379,380.328,401.197,415.182,3.682,6.475,1.502,2.129,49.206,9.797,8.759,study.two.TEXT.86.COVID,28.37815789473686,18.741403508771928,22.919298245614037,18.599290044081553,studytwo,candidate
6.26584727,0.843386895,17.00122337,13,16,310,1.231,0.439,19.375,11.122,1.558,0.886,4.781,2.568,0.022,50.8,0.24,59.48,-0.18,42.86,0.712,76.11,0.992,83.89,-1.424,7.78,-1.961,2.5,-0.003,50,0.667,0.867,0.667,0.419,0.533,0.505,0.214,0.176,0.102,0.124,0.273,0.179,0.215,0.16,0.322,0.177,0.327,0.145,0.663,0.479,67.263,92.446,93.548,22.581,67.742,25.806,9.677,16.129,32.258,0,0,35.484,41.935,29.032,0.167,0.7,0.074,0.445,0.867,6.375,0.821,0.578,0.886,0.864,0.097,0.07,332.258,277.419,16.129,112.903,16.129,19.355,19.355,32.258,277.42,132.259,103.226,45.161,45.161,0,0,0,0,41.935,2.153,2.852,0.9,351.902,570.946,373.071,393.261,424.155,3.88,6.108,1.463,1.899,55.363,10.351,19.905,study.two.TEXT.87.COVID,48.935384615384635,12.89294871794872,16.2974358974359,14.314028922438442,studytwo,candidate
7.858270441,0.856719157,21.40225489,8,17,377,2.125,1.126,22.176,10.831,1.796,1.071,5.324,2.846,-0.887,18.94,-0.02,49.2,0.353,63.68,0.189,57.14,0.433,66.64,-1.057,14.69,-2.466,0.69,0.096,53.59,0.5,0.625,0.625,0.4,0.504,0.47,0.153,0.172,0.104,0.127,0.371,0.188,0.321,0.184,0.503,0.138,0.37,0.131,0.638,0.452,73.503,80.664,84.881,23.873,50.398,21.22,13.263,31.83,47.745,0,0,21.22,29.178,21.22,0.333,0.667,0.097,0.317,0.875,4.176,1.11,0.612,0.899,0.868,0.077,0.07,336.87,220.159,15.915,124.668,21.22,7.958,23.873,23.873,297.083,116.712,119.364,29.178,29.178,0,0,0,0,29.178,2.058,2.816,0.884,377.68,567.866,373.93,409.283,459.838,3.752,7.121,1.421,2.248,32.385,14.251,13.383,study.two.TEXT.88.COVID,25.091111825192822,16.66236687477048,21.294234300403968,18.320525048361983,studytwo,candidate
7.501844436,0.672069578,21.89974819,5,11,247,2.2,1.095,22.455,14.452,1.745,1.046,5.247,2.871,-1.102,13.57,-0.315,37.83,0.626,73.24,-0.462,32.28,1.157,87.49,-1.875,3.07,-4.211,0,0.795,78.52,0.7,0.7,0.8,0.418,0.491,0.564,0.1,0.08,0.064,0.076,0.246,0.152,0.273,0.172,0.231,0.086,0.309,0.173,0.769,0.59,86.148,105.629,117.409,28.34,56.68,24.291,28.34,24.291,68.826,0,0,16.194,20.243,20.243,0.2,1,0.054,0.263,0.95,6.818,1.2,0.655,0.849,0.807,0.062,0.07,356.275,214.575,12.146,97.166,8.097,12.146,28.34,24.291,352.226,97.166,109.312,68.826,4.049,0,0,0,0,0,1.955,2.692,0.3,373.484,563.879,382.488,407.593,423.456,3.446,6.349,1.61,2.293,36.416,13.758,7.405,study.two.TEXT.89.COVID,33.54271428571428,14.841174603174604,18.81015873015873,16.52667757954773,studytwo,candidate
7.88140862,0.637465513,22.71018628,18,24,284,1.333,0.686,11.833,9.777,1.866,1.117,5.556,3.221,-1.141,12.71,1.939,97.32,-0.205,42.07,-0.339,36.69,1.492,93.19,-2.375,0.89,-4.369,0,1.11,86.43,0.522,0.522,0.609,0.303,0.335,0.389,0.184,0.282,0.074,0.157,0.342,0.225,0.293,0.178,0.399,0.24,0.413,0.198,0.655,0.471,48.216,81.529,140.845,24.648,73.944,24.648,14.085,31.69,73.944,0,0,45.775,45.775,31.69,0,0.7,0.054,0.404,0.957,2.292,1.189,0.768,0.956,0.956,0.064,0.066,334.507,218.31,10.563,73.944,21.127,7.042,14.085,17.606,355.634,137.325,91.549,21.127,24.648,0,0,3.521,0,10.563,1.895,2.763,1.24,406.441,551.769,372.609,387.718,431.2,3.454,7.409,2.117,2.876,36.961,11.044,10.574,study.two.TEXT.90.COVID,10.148783783783813,22.348725868725868,26.779150579150578,21.57744220194324,studytwo,candidate
7.699707461,0.850557971,19.95100303,17,18,418,1.059,0.243,23.222,14.97,1.61,0.944,5.065,2.712,-0.625,26.76,-0.07,47.21,1.124,86.86,1.44,92.51,2.345,99.04,-0.819,20.9,-4.158,0,-0.758,22.66,0.824,0.824,0.824,0.576,0.592,0.6,0.173,0.158,0.096,0.111,0.287,0.164,0.476,0,0.282,0.172,0.336,0.132,0.645,0.433,71.97,82.826,122.01,26.316,102.871,43.062,21.531,40.67,59.809,0,0,21.531,21.531,19.139,0,1.222,0.074,0.456,0.794,10.389,0.872,0.533,0.633,0.633,0.119,0.069,375.598,186.603,9.569,119.617,16.746,9.569,21.531,7.177,315.79,112.44,86.125,23.923,35.885,0,0,0,0,35.885,2.098,2.915,1.106,370.817,565.543,383.566,406.81,431.989,4.158,6.729,1.549,2.218,47.059,12.465,17.875,study.two.TEXT.91.COVID,34.04781931464177,17.370934579439254,21.369470404984423,17.5058628484301,studytwo,candidate
8.802629328,0.81280971,19.74520837,9,17,358,1.889,0.782,21.059,15.991,1.492,0.777,4.601,2.401,-0.509,30.5,-0.122,45.22,0.71,76.11,0.096,53.59,4.088,100,0.429,66.28,-1.815,3.51,0.854,80.23,0.5,0.563,0.563,0.435,0.539,0.548,0.099,0.108,0.122,0.183,0.222,0.173,0.199,0.144,0.408,0.258,0.391,0.245,0.568,0.371,54.952,52.219,108.939,50.279,92.179,25.14,13.966,61.453,39.106,0,0,13.966,16.76,2.793,0.167,8.5,0.069,0.426,0.906,5.647,0.978,0.772,0.952,0.943,0.042,0.045,368.715,203.911,22.346,159.218,8.38,2.793,16.76,13.966,273.743,100.559,89.386,25.139,8.38,0,0,0,0,5.587,2.127,3.034,1.738,379.232,575.165,414.122,424.983,444.632,4.206,6.297,1.61,1.893,59.237,10.229,9.934,study.two.TEXT.92.COVID,34.254999999999995,20.15755319148936,23.374468085106383,16.373557378465907,studytwo,candidate
6.438493684,0.826382217,15.97486355,13,19,388,1.462,0.776,20.421,14.471,1.523,0.849,4.771,2.53,0.246,59.48,0.24,59.48,0.596,72.24,1.024,84.61,2.454,99.29,-1.524,6.43,-2.923,0.18,-0.297,38.59,0.611,0.778,0.778,0.444,0.585,0.593,0.183,0.174,0.125,0.133,0.298,0.201,0.272,0.114,0.38,0.227,0.372,0.161,0.613,0.423,69.454,88.414,131.443,36.082,79.897,23.196,20.619,54.124,48.969,0,0,28.351,38.66,25.773,0.333,1.091,0.06,0.401,0.833,8.579,0.875,0.598,0.854,0.833,0.099,0.078,337.629,219.072,36.082,128.866,5.155,15.464,5.155,18.041,260.309,121.134,79.897,59.278,51.546,0,0,7.732,0,43.814,2.176,2.904,1.043,386.898,573.664,395.761,404.09,429.818,4.737,6.779,1.668,2.012,57.262,10.346,18.92,study.two.TEXT.93.COVID,42.34378520723611,16.319207694069153,19.776414014197393,15.668782140382111,studytwo,candidate
7.833426182,1.179235233,18.61568003,12,17,311,1.417,0.9,18.294,11.474,1.666,0.992,5.068,2.849,-1.119,13.35,-0.335,37.07,-0.206,42.07,-0.669,25.46,1.05,85.31,1.016,84.38,-3.176,0.08,0.543,70.54,0.375,0.375,0.438,0.217,0.235,0.287,0.088,0.122,0.06,0.086,0.293,0.232,0.254,0.189,0.337,0.23,0.337,0.184,0.714,0.512,66.221,95.505,93.248,19.293,51.447,32.154,28.939,3.215,48.232,0,0,6.431,19.293,3.215,1.333,1,0.164,0.399,0.875,3.647,1.023,0.557,0.843,0.81,0.067,0.07,389.068,189.711,28.939,125.402,16.077,0,22.508,6.431,273.313,115.756,131.833,41.8,12.862,0,3.215,0,0,3.215,2.24,2.959,1.055,348.868,582.248,388.347,405.385,430.855,3.491,6.251,1.272,1.765,47.323,11.203,13.405,study.two.TEXT.94.COVID,47.738125000000025,11.569375,13.625,12.709666756460706,studytwo,candidate
7.637105286,1.04677573,18.52750803,12,20,399,1.667,0.985,19.95,11.199,1.742,1.152,5.1,3.195,-1.093,13.79,0,50,-0.789,21.77,-0.663,25.46,1.344,90.99,-0.379,35.57,-3.078,0.11,-0.025,49.2,0.632,0.632,0.684,0.193,0.255,0.241,0.138,0.11,0.053,0.082,0.32,0.219,0.253,0.16,0.377,0.204,0.341,0.145,0.708,0.494,84.464,108.467,112.782,27.569,52.632,25.063,22.556,7.519,50.125,0,0,15.038,32.581,10.025,1,1.4,0.142,0.428,0.816,4.7,1.126,0.696,0.898,0.892,0.046,0.045,323.308,215.539,20.05,110.276,25.063,10.025,15.038,30.075,273.183,122.807,135.338,32.581,35.088,0,0,30.075,0,0,2.027,2.833,0.858,348.302,562.608,372.505,388.916,397.729,4.104,6.367,1.33,1.905,39.213,12.746,10.009,study.two.TEXT.95.COVID,37.90963275547449,14.35318582725061,17.768917274939174,15.661386278847925,studytwo,candidate
8.320229993,1.055437636,19.67146805,8,15,267,1.875,1.246,17.8,12.75,1.607,0.949,4.831,2.736,-0.247,40.52,0.528,69.85,-0.801,21.19,-0.566,28.77,0.965,83.15,-0.428,33.72,-3.766,0,1.029,84.61,0.357,0.429,0.5,0.242,0.305,0.379,0.134,0.217,0.057,0.109,0.273,0.244,0.205,0.181,0.35,0.138,0.336,0.136,0.738,0.55,97.408,108.793,104.869,14.981,74.906,33.708,11.236,3.745,56.18,0,0,33.708,41.199,11.236,0.2,0.5,0.072,0.4,0.964,5.467,0.85,0.654,0.878,0.858,0.071,0.058,352.06,254.682,14.981,104.869,18.727,14.981,18.727,14.981,250.936,134.832,78.651,29.963,26.217,0,0,11.236,0,11.236,2.251,3.025,1.665,375.583,579.036,365.395,383.361,406.039,4.156,5.833,1.519,1.678,52.816,10.315,16.308,study.two.TEXT.96.COVID,44.77198075646984,13.20264764432648,17.11692103516921,15.186304673781336,studytwo,candidate
10.29559006,0.971381018,25.62522188,10,16,343,1.6,0.699,21.438,10.728,1.88,1.221,5.656,3.323,-1.677,4.75,-0.207,42.07,-0.48,31.56,0.02,50.4,-1.045,14.92,-0.651,25.78,-2.593,0.48,-0.773,22.06,0.667,0.667,0.8,0.352,0.371,0.514,0.136,0.118,0.068,0.091,0.405,0.174,0.424,0.207,0.437,0.206,0.385,0.147,0.703,0.496,70.776,76.502,84.548,8.746,23.324,14.577,23.324,14.577,55.394,0,0,20.408,20.408,11.662,0,0.6,0.13,0.44,0.767,5.438,0.967,0.586,0.869,0.809,0.088,0.089,405.248,157.434,14.577,174.927,23.324,2.915,14.577,11.662,297.376,96.209,125.364,29.155,8.746,0,0,0,0,8.746,1.852,2.814,0.502,386.5,560.434,377.014,391.855,403.02,3.46,6.308,1.532,2.038,26.027,14.955,8.582,study.two.TEXT.97.COVID,27.506800176056373,14.934674295774652,18.452464788732396,16.29632956338956,studytwo,implemented
9.176337005,1.024140301,21.33781077,6,15,342,2.5,1.643,22.8,17.459,1.743,1.163,4.892,3.19,-1.622,5.26,0.114,54.38,0.191,57.53,-0.518,30.5,-0.271,39.36,-0.491,31.21,-1.04,14.92,-1.947,2.62,0.571,0.571,0.714,0.263,0.316,0.379,0.107,0.111,0.059,0.09,0.217,0.193,0.162,0.182,0.395,0.187,0.317,0.157,0.692,0.499,80.097,94.365,70.175,23.392,26.316,5.848,5.848,40.936,32.164,0,0,26.316,29.24,8.772,0.1,1.75,0.11,0.355,0.679,7.867,0.977,0.61,0.885,0.859,0.114,0.105,406.433,166.667,8.772,172.515,29.24,0,14.62,8.772,301.169,96.492,111.111,14.62,2.924,0,0,0,0,0,1.946,2.859,0.7,374.75,566.756,399.747,410.523,446,3.477,6.072,1.427,1.933,36.235,13.869,10.749,study.two.TEXT.98.COVID,40.01349242424243,13.508022727272728,17.227575757575757,15.381575749822971,studytwo,candidate
8.192202442,0.713470072,22.08127684,9,20,415,2.222,2.279,20.75,10.836,1.949,1.142,5.716,3.237,-1.406,8.08,0.846,79.95,-0.466,32.28,0.525,69.85,0.44,67,-2.318,1.04,-3.802,0,-0.13,44.83,0.842,0.842,0.947,0.393,0.462,0.552,0.19,0.132,0.09,0.142,0.414,0.205,0.211,0.198,0.543,0.152,0.421,0.149,0.555,0.413,62.679,89.388,98.795,19.277,53.012,33.735,21.687,14.458,57.831,0,0,33.735,36.145,12.048,0.067,1.167,0.071,0.293,0.842,2.35,1.165,0.617,0.836,0.808,0.057,0.064,349.398,192.771,26.506,142.169,19.277,4.819,19.277,19.277,306.024,120.483,110.844,45.783,2.41,0,0,0,0,0,1.742,2.637,0.83,424.371,550.487,374.706,392.564,405.549,3.468,6.774,1.383,2.26,20.888,15.501,7.058,study.two.TEXT.99.COVID,16.5178259047087,17.10766522285874,22.06740254296493,18.80474645444346,studytwo,candidate
6.43197737,0.762948617,19.06718552,18,23,412,1.278,0.575,17.913,12.304,1.689,1.014,5.279,2.669,-1.307,9.68,1.12,86.65,2.273,98.84,-0.676,25.14,0.842,79.95,-2.446,0.73,-6.317,0,-0.119,45.62,0.5,0.636,0.636,0.36,0.463,0.549,0.066,0.083,0.065,0.1,0.277,0.183,0.306,0.172,0.321,0.173,0.374,0.15,0.685,0.528,104.433,120.168,126.214,14.563,53.398,29.126,24.272,12.136,87.379,0,0,36.408,38.835,19.417,0.063,0.556,0.082,0.353,0.864,3.565,1.21,0.714,0.948,0.901,0.09,0.061,327.67,228.155,24.272,104.369,26.699,4.854,46.117,12.136,325.243,145.632,106.796,36.408,12.136,0,0,0,0,2.427,1.831,2.61,0.76,347.494,562.89,453.073,463.215,437.68,4.184,7.235,1.442,2.483,45.764,11.326,4.583,study.two.TEXT.100.COVID,21.923789473684252,20.585684210526313,23.897033492822967,18.7741,studytwo,candidate
6.980491304,0.849467343,20.8888327,17,23,386,1.353,0.786,16.783,11.09,1.826,1.036,5.632,2.875,-1.044,14.92,1.017,84.38,0.058,51.99,0.692,75.49,1.1,86.43,-2.129,1.66,-3.891,0,-0.439,33.36,0.682,0.727,0.773,0.577,0.663,0.691,0.182,0.164,0.129,0.137,0.349,0.177,0.315,0.186,0.356,0.206,0.399,0.158,0.603,0.436,63.503,78.55,113.99,28.497,56.995,23.316,15.544,25.907,62.176,0,0,38.86,38.86,12.953,0,1.833,0.045,0.24,0.818,6,1.135,0.662,0.896,0.883,0.077,0.08,336.788,202.073,15.544,129.534,31.088,12.953,28.497,12.953,313.472,132.123,155.44,25.907,2.591,0,0,0,0,0,2.017,2.726,1.283,348.434,568.868,402.153,406.417,405.931,3.786,6.801,1.668,2.303,35.321,12.502,13.98,study.two.TEXT.101.COVID,27.065333333333346,16.108999999999998,20.16666666666667,17.5058628484301,studytwo,candidate
7.402717854,0.942406827,22.18817196,10,20,341,2,1.333,17.05,7.518,1.795,1.079,5.457,2.992,-1.275,10.2,1.012,84.38,-0.381,35.2,-1.062,14.46,-0.35,36.32,-1.71,4.36,-3.273,0.05,-0.123,45.22,0.316,0.421,0.579,0.172,0.29,0.379,0.086,0.096,0.039,0.071,0.278,0.177,0.27,0.125,0.39,0.165,0.344,0.122,0.79,0.557,93.521,108.63,82.111,11.73,35.191,29.326,14.663,8.798,46.921,0,0,32.258,32.258,20.528,0,0.5,0.067,0.357,0.842,4.2,1.049,0.669,0.911,0.889,0.083,0.098,302.053,260.997,20.528,114.37,38.123,5.865,17.595,11.73,263.929,134.898,102.64,43.989,5.865,0,0,0,0,0,1.941,2.746,0.858,381.216,562.489,398.512,401.774,407.827,4.011,6.824,1.47,2.203,37.672,12.24,7.642,study.two.TEXT.102.COVID,21.846208617971655,18.02640567524961,22.639621650026275,19.1951169018618,studytwo,candidate
8.285499842,1.164199026,21.38869334,6,15,231,2.5,1.871,15.4,12.298,1.823,1.215,5.519,3.297,-2.011,2.22,1.362,91.31,-0.668,25.46,-1.43,7.64,-0.335,37.07,-0.646,26.11,-1.993,2.33,0.165,56.36,0.214,0.214,0.286,0.147,0.158,0.295,0.057,0.109,0.042,0.078,0.268,0.196,0.235,0.228,0.411,0.026,0.317,0.164,0.744,0.54,86.402,88.427,77.922,12.987,30.303,17.316,17.316,12.987,34.632,0,0,38.961,38.961,17.316,0,0.6,0.142,0.378,0.857,6.6,1.074,0.637,0.907,0.896,0.208,0.12,311.688,238.095,30.303,134.199,56.277,4.329,17.316,12.987,272.727,129.87,129.87,38.961,4.329,0,0,0,0,0,1.808,2.817,1.506,398.567,551.746,430.14,413.354,410.559,3.614,6.44,1.456,1.961,36.978,11.927,10.854,study.two.TEXT.103.COVID,33.42389060092452,13.92727272727273,17.22588597842835,15.429909175157396,studytwo,implemented
7.80806342,0.872382731,21.07632213,12,15,284,1.25,0.452,18.933,10.166,1.817,1.156,5.486,3.176,-1.498,6.81,0.775,77.94,0.555,70.88,-0.896,18.67,0.592,72.24,-2.326,1.02,-2.663,0.39,-0.921,17.88,0.429,0.429,0.429,0.316,0.326,0.432,0.069,0.099,0.061,0.09,0.329,0.12,0.334,0.087,0.389,0.152,0.379,0.134,0.726,0.554,106.295,113.792,109.155,14.085,42.254,14.085,35.211,10.563,49.296,0,0,35.211,35.211,14.085,0,0.8,0.057,0.444,0.75,4.333,1.164,0.586,0.935,0.935,0.049,0.056,313.38,221.831,7.042,126.761,24.648,10.563,17.606,10.563,288.732,140.846,130.282,28.169,10.563,0,0,0,0,3.521,1.824,2.718,0.698,380.977,551.667,438.961,422.724,411.38,3.465,6.689,1.541,2.129,33.9,13.234,2.084,study.two.TEXT.104.COVID,-41.59249999999997,42.90972222222223,47.42777777777778,29.720486763386372,studytwo,candidate
7.492009928,0.783626726,20.4296061,16,20,235,1.25,0.775,11.75,8.036,1.694,0.978,5.068,2.773,-0.906,18.41,1.716,95.64,1.186,88.1,0.551,70.88,-0.441,33,-3.289,0.05,-2.987,0.14,-0.041,48.4,0.737,0.737,0.737,0.593,0.614,0.628,0.212,0.18,0.149,0.16,0.322,0.204,0.186,0.207,0.388,0.191,0.401,0.19,0.662,0.527,63.936,69.566,93.617,4.255,17.021,12.766,42.553,4.255,46.809,0,0,68.085,68.085,29.787,0,0.125,0.046,0.366,0.868,1,1.218,0.798,0.922,0.886,0.101,0.086,314.894,212.766,8.511,123.404,29.787,25.532,17.021,0,293.618,148.936,136.17,34.043,4.255,0,0,0,0,4.255,1.632,2.525,0.926,356.83,542.413,480.481,451.467,405.196,3.713,7.021,1.641,2.246,51.596,8.982,8.476,study.two.TEXT.105.COVID,23.468350340136084,20.13010204081633,23.51700680272109,18.599290044081553,studytwo,candidate
6.580329287,1.024563432,17.76593788,9,16,233,1.778,1.394,14.563,7.924,1.622,0.93,5.004,2.72,-1.017,15.62,0.993,83.89,0.125,54.78,-0.159,43.64,0.45,67.36,-2.281,1.13,-2.021,2.17,1.44,92.51,0.467,0.6,0.6,0.295,0.457,0.495,0.097,0.114,0.056,0.085,0.287,0.205,0.303,0.172,0.287,0.211,0.347,0.133,0.752,0.577,87.755,113.046,72.961,17.167,51.502,17.167,12.876,12.876,34.335,0,0,42.918,47.21,12.876,0.091,1,0.063,0.168,1,2.375,0.828,0.51,0.823,0.799,0.214,0.113,334.764,253.219,25.751,137.339,38.627,21.459,17.167,21.459,317.596,120.172,81.546,38.627,12.876,0,0,0,0,4.292,2.009,2.803,0.916,358.958,543.446,426.756,441.837,406.289,3.657,6.823,1.418,2.365,54.832,9.229,17.774,study.two.TEXT.106.COVID,48.573269230769256,11.328675213675217,15.49230769230769,14.191785591663535,studytwo,candidate
7.136829322,1.057976217,20.64539178,11,19,260,1.727,1.104,13.684,6.276,1.754,1.15,5.292,3.034,-2.07,1.92,1.093,86.21,0.9,81.33,-1.117,13.35,-0.528,30.15,-0.052,48.01,-4.453,0,0.561,71.23,0.389,0.389,0.389,0.148,0.222,0.259,0.095,0.136,0.03,0.08,0.252,0.217,0.305,0.232,0.18,0.175,0.29,0.134,0.788,0.589,84.02,105.734,103.846,11.538,15.385,11.538,11.538,19.231,69.231,0,0,57.692,61.538,7.692,0.063,1,0.093,0.458,0.917,4.947,1.22,0.623,0.828,0.795,0.147,0.13,311.538,211.538,30.769,119.231,53.846,7.692,30.769,11.538,311.538,119.23,123.077,38.462,0,0,0,0,0,0,1.957,2.771,0.853,360.075,568.976,411.211,418.72,451.448,3.958,6.203,1.301,2.05,44.557,10.444,12.405,study.two.TEXT.107.COVID,39.61103047895506,12.79849056603774,17.059506531204644,15.299343439825492,studytwo,candidate
8.188152924,0.810894859,22.82917278,10,17,221,1.7,1.252,13,8.743,2.09,1.418,6.005,3.424,-1.939,2.68,0.554,70.88,-1.131,12.92,-1.399,8.23,0.375,64.43,-1.01,15.62,-3.454,0.03,0.444,67,0.313,0.313,0.5,0.174,0.174,0.243,0.101,0.144,0.046,0.091,0.197,0.184,0.225,0.175,0.194,0.181,0.327,0.167,0.772,0.565,69.461,94.297,99.548,27.149,49.774,22.624,9.05,4.525,63.348,0,0,27.149,45.249,4.525,0.571,1,0.097,0.342,0.844,4,1.107,0.628,0.833,0.796,0.067,0.081,339.367,167.421,27.149,126.697,13.575,4.525,22.624,9.05,343.892,126.697,135.747,49.774,4.525,0,0,0,0,0,1.796,2.634,0.6,399.429,553.678,360.547,384.085,397.95,3.082,5.878,1.513,2.07,16.826,14.142,4.232,study.two.TEXT.108.COVID,27.928652661064433,13.305563025210088,16.094565826330534,14.362553787682575,studytwo,candidate
6.896240787,0.565826773,21.43274704,9,14,293,1.556,0.527,20.929,11.296,2.061,1.27,6.089,3.281,-2.096,1.83,-0.032,48.8,0.353,63.68,-0.536,29.81,-0.721,23.58,-1.508,6.68,-3.657,0,-0.428,33.72,0.615,0.615,0.615,0.388,0.4,0.424,0.114,0.128,0.058,0.078,0.467,0.146,0.512,0.182,0.474,0.119,0.391,0.157,0.721,0.576,98.418,111.013,98.976,13.652,27.304,10.239,17.065,0,75.085,0,0,34.13,47.782,17.065,0.364,0,0.047,0.523,0.808,5.5,0.904,0.583,0.852,0.841,0.093,0.086,457.338,122.867,23.891,133.106,6.826,3.413,17.065,3.413,368.601,61.434,174.062,37.543,0,0,0,0,0,0,1.853,2.601,0.805,400.73,552.972,371.911,410.211,440,3.015,7.039,1.512,2.409,11.231,16.892,7.776,study.two.TEXT.109.COVID,14.76013157894738,16.59501879699248,18.817293233082705,16.52667757954773,studytwo,implemented
8.075685535,0.86535694,20.36870478,12,23,348,1.917,1.443,15.13,9.801,1.606,0.887,5.049,2.744,-1.508,6.68,0.679,74.86,0.528,69.85,-1.236,10.93,1.625,94.74,0.322,62.55,-2.514,0.6,0.486,68.44,0.455,0.455,0.545,0.229,0.246,0.28,0.073,0.086,0.046,0.097,0.19,0.147,0.174,0.153,0.235,0.167,0.298,0.129,0.707,0.51,89.322,107.17,106.322,37.356,43.103,17.241,22.989,28.736,43.103,0,0,37.356,45.977,11.494,0.214,2.6,0.076,0.395,0.909,3.13,1.247,0.611,0.91,0.876,0.096,0.068,364.943,192.529,14.368,129.31,28.736,8.621,17.241,14.368,304.598,106.321,143.678,22.989,0,0,0,0,0,0,2.112,2.881,1.206,347.128,576.25,397.729,417.552,437.605,4.254,6.365,1.436,2.126,55.61,9.261,11.555,study.two.TEXT.110.COVID,43.45339634941334,13.963333333333336,17.784963059539333,15.503899672038209,studytwo,candidate
6.79094198,1.048009226,14.90450395,10,15,440,1.5,0.707,29.333,20.791,1.534,0.887,4.695,2.611,-0.098,46.41,-0.124,45.22,0.87,80.51,-0.363,35.94,2.618,99.55,-0.626,26.76,-4.959,0,-0.186,42.86,0.429,0.5,0.5,0.221,0.442,0.316,0.09,0.102,0.072,0.08,0.272,0.158,0.274,0.125,0.322,0.163,0.308,0.107,0.704,0.467,85.04,101.496,138.636,29.545,100,52.273,15.909,29.545,59.091,0,0,25,29.545,13.636,0.167,1.714,0.085,0.526,0.821,10.333,0.784,0.671,0.92,0.886,0.071,0.067,334.091,240.909,15.909,115.909,25,13.636,20.455,15.909,236.364,127.273,93.182,36.364,52.273,0,0,0,0,50,2.228,3.023,1.023,349.65,577.913,387.727,410.326,440.423,4.015,6.443,1.254,1.672,47.286,13.951,13.498,study.two.TEXT.111.COVID,47.13296644295306,14.08837583892618,17.110156599552575,14.362553787682575,studytwo,candidate
7.40734692,0.592980567,19.26939205,28,29,321,1.036,0.189,11.069,8.274,1.738,1,5.346,2.831,-0.801,21.19,1.394,91.77,0.342,63.31,-1.057,14.69,0.778,77.94,-1.415,7.93,-2.44,0.73,-0.595,27.76,0.179,0.357,0.286,0.102,0.238,0.191,0.107,0.141,0.075,0.123,0.197,0.219,0.005,0,0.207,0.216,0.307,0.13,0.734,0.533,84.359,101.586,99.688,24.922,43.614,21.807,24.922,15.576,43.614,0,0,56.075,65.421,24.922,0.158,0.667,0.017,0.217,0.804,1.276,1.09,0.533,0.867,0.867,0.127,0.09,333.333,239.875,24.922,99.688,6.231,9.346,37.383,15.576,274.144,146.417,118.381,31.153,56.075,0,0,52.96,0,3.115,1.932,2.775,1.399,370.921,566.028,389.457,411.132,432.186,3.791,6.324,1.689,1.938,48.565,9.235,11.237,study.two.TEXT.112.COVID,33.82068181818184,15.37378787878788,18.03030303030303,15.688483145680364,studytwo,candidate
7.507303857,0.418422431,18.83410353,17,22,248,1.294,0.686,11.273,6.201,1.629,0.853,5.069,2.657,-0.578,28.43,1.009,84.13,0.964,83.15,-0.047,48.4,-0.074,47.21,-1.393,8.23,-3.763,0,0.942,82.64,0.381,0.429,0.381,0.188,0.297,0.303,0.113,0.199,0.05,0.111,0.231,0.25,0.472,0.294,0.167,0.15,0.313,0.147,0.763,0.549,87.659,83.571,88.71,20.161,40.323,32.258,12.097,12.097,56.452,0,0,52.419,56.452,24.194,0.071,0.571,0.047,0.271,0.952,1.091,0.828,0.6,0.69,0.661,0.125,0.072,346.774,217.742,12.097,141.129,0,4.032,56.452,24.194,302.419,145.161,68.548,20.161,52.419,0,0,48.387,0,0,2.005,2.858,1.49,342.086,567.311,417.478,434.167,428.313,3.65,6.512,1.529,2.074,57.58,8.029,13.048,study.two.TEXT.113.COVID,50.651498935846774,11.029249011857711,14.42493159014898,13.397384779245863,studytwo,candidate
8.453181851,0.680441354,21.4315192,26,32,298,1.231,0.43,9.313,5.089,1.594,0.868,4.862,2.676,-0.55,29.12,1.194,88.3,0.495,68.79,-0.158,44.04,-0.254,40.13,-0.45,32.64,-1.74,4.09,-0.584,28.1,0.323,0.419,0.323,0.162,0.257,0.174,0.137,0.172,0.07,0.123,0.209,0.23,0.297,0.334,0.217,0.211,0.303,0.142,0.739,0.54,56.43,87.525,80.537,16.779,26.846,10.067,16.779,6.711,40.268,0,0,53.691,63.758,23.49,0.176,0.5,0.086,0.349,0.806,2.063,0.886,0.644,0.76,0.76,0.148,0.107,365.772,228.188,13.423,100.671,0,0,20.134,30.201,305.369,140.939,83.893,23.49,80.537,0,0,60.403,0,3.356,2.173,2.906,1.303,341.302,570.6,410.907,418.475,435.233,4.196,6.208,1.605,2.087,62.53,6.851,19.452,study.two.TEXT.114.COVID,48.97794850498343,11.769086378737544,14.44717607973422,13.25671669890799,studytwo,candidate
5.302545045,0.728103806,13.59639178,18,26,311,1.444,1.042,11.962,6.856,1.505,0.868,4.688,2.578,0.339,62.93,1.346,90.99,1.189,88.1,1.021,84.61,1.04,85.08,-1.684,4.65,-3.652,0,-0.593,27.76,0.56,0.6,0.64,0.561,0.605,0.585,0.186,0.206,0.149,0.155,0.296,0.255,0.296,0.293,0.361,0.209,0.379,0.164,0.588,0.45,50.503,64.236,106.109,28.939,51.447,25.723,16.077,16.077,54.662,0,0,35.37,45.016,28.939,0.25,0.8,0.061,0.39,0.8,2,0.874,0.699,0.944,0.904,0.127,0.097,334.405,263.666,19.293,93.248,6.431,19.293,28.939,32.154,321.544,154.342,54.663,35.37,73.955,0,0,48.232,0,12.862,2.171,2.841,1.137,270.469,576.288,428.537,426.982,423.83,4.735,6.741,1.635,2.313,67.371,6.834,20.668,study.two.TEXT.115.COVID,63.59078059071731,8.127938517179025,12.22157926461724,11.855464076750408,studytwo,candidate
7.699835246,1.17780871197,19.2258304139,4,13,337,3.25,3.862,25.923,13.054,1.593,0.885,4.739,2.551,-0.759,22.36,-0.23,40.9,0.287,61.03,0.284,61.03,3.714,100,-0.738,23.27,-5.238,0,0.102,53.98,0.75,0.75,0.75,0.533,0.573,0.587,0.14,0.11,0.091,0.098,0.294,0.176,0.326,0.191,0.304,0.145,0.38,0.144,0.707,0.54,73.512,96.715,157.27,44.51,80.119,29.674,32.641,38.576,83.086,127.596,29.674,23.739,44.51,2.967,0.778,4.5,0.08,0.302,0.833,8.154,1,0.612,0.89,0.871,0.041,0.045,314.54,249.258,41.543,74.184,41.543,5.935,2.967,17.804,287.834,115.727,100.89,62.314,29.674,0,2.967,5.935,2.967,2.967,2.164,2.983,1.04,372.595,560.555,367.283,399.973,401.329,4.354,7.144,1.538,2.2,45.755,13.317,12.843,student.TEXT.IW.1,40.17826004855681,15.26619368761802,19.138818451578096,16.24694786949722,student,implemented
11.074621813,0.818671582864,27.3340551046,7,16,334,2.286,2.215,20.875,12.22,1.74,1.023,5.225,2.844,-0.772,22.06,0.011,50.4,-0.171,43.25,1.464,92.79,0.384,64.8,-2.407,0.82,-2.597,0.48,-0.685,24.83,0.8,0.933,0.933,0.562,0.61,0.752,0.197,0.211,0.098,0.124,0.608,0.228,0.594,0.176,0.58,0.35,0.536,0.182,0.673,0.479,53.727,68.989,110.778,20.958,32.934,11.976,32.934,14.97,53.892,101.796,8.982,29.94,44.91,5.988,0.455,1,0.067,0.321,0.767,2.688,0.988,0.626,0.855,0.837,0.083,0.064,347.305,200.599,35.928,116.766,17.964,8.982,26.946,20.958,284.431,113.772,128.742,53.892,2.994,0,0,0,0,2.994,1.911,2.89,0.3,369.853,569.871,366.517,398.054,423.761,3.49,6.688,1.425,2.206,38.443,13.083,12.771,student.TEXT.IW.2,33.92412050898207,13.713525449101798,17.930838323353296,15.903189008614271,student,implemented
5.7498194831,0.494181500507,16.3401275984,45,47,448,1.044,0.208,9.638,6.908,1.592,0.925,4.895,2.691,-0.823,20.61,2.109,98.21,0.941,82.64,-1.709,4.36,0.093,53.59,-1.248,10.75,-4.558,0,0.452,67.36,0.065,0.13,0.152,0.024,0.08,0.048,0.065,0.111,0.029,0.082,0.151,0.173,0.277,0.187,0.15,0.175,0.289,0.114,0.655,0.461,104.67,116.942,98.214,6.696,44.643,22.321,17.857,11.161,69.196,73.661,22.321,62.5,62.5,20.089,0,0.3,0.051,0.399,0.902,0.745,0.959,0.667,0.917,0.875,0.103,0.105,337.054,252.232,22.321,98.214,0,8.929,40.179,22.321,305.804,167.411,98.214,29.018,51.339,0,0,44.643,0,0,1.995,2.71,1.368,304.633,569.898,404.12,434.365,436.111,4.434,6.762,1.898,2.37,62.477,6.913,8.974,student.TEXT.IW.3,34.86577380952383,17.670892857142857,21.27261904761905,17.02489783603662,student,candidate
5.51500943954,0.56421362368,16.002179071,22,33,312,1.5,1.012,9.485,7.311,1.702,0.961,5.288,2.637,-1.005,15.87,1.667,95.15,0.211,58.32,-1.724,4.27,0.852,80.23,-2.696,0.36,-5.215,0,0.212,58.32,0.313,0.344,0.313,0.127,0.178,0.178,0.053,0.076,0.032,0.077,0.216,0.177,0.309,0.125,0.207,0.216,0.333,0.135,0.724,0.581,105.897,134.1,134.615,16.026,51.282,25.641,22.436,32.051,80.128,102.564,22.436,44.872,51.282,16.026,0.133,0.667,0.028,0.183,0.875,2.364,0.967,0.69,0.945,0.899,0.204,0.106,375,189.103,25.641,96.154,0,3.205,25.641,6.41,323.718,131.411,121.795,38.461,60.897,0,0,51.282,0,6.41,1.955,2.614,0.866,393.412,574.991,369.722,406.908,425.329,3.62,6.556,1.559,2.19,53.249,8.181,13.661,student.TEXT.IW.4,39.73294117647061,11.94065359477124,15.819607843137256,14.314028922438442,student,candidate
8.17987063212,0.899440184621,21.6528511154,5,13,272,2.6,1.14,21.077,12.399,1.757,1.063,5.066,2.89,-0.437,33.36,-0.165,43.64,-1.676,4.75,-0.105,46.02,0.064,52.39,-1.337,9.18,-3.93,0,1.398,91.77,0.417,0.5,0.583,0.387,0.4,0.6,0.137,0.169,0.095,0.129,0.333,0.29,0.358,0.256,0.569,0.258,0.415,0.207,0.669,0.526,69.198,89.353,102.941,18.382,40.441,36.765,29.412,29.412,55.147,73.529,25.735,25.735,40.441,11.029,0.5,0.25,0.087,0.412,0.958,4.615,0.971,0.645,0.89,0.857,0.072,0.068,327.206,205.882,62.5,84.559,14.706,18.382,11.029,18.382,227.941,117.647,136.029,102.941,29.412,0,0,7.353,0,7.353,2.076,2.835,0.3,377.861,571.733,327.222,360.279,407.862,3.276,6.242,1.323,1.622,36.956,13.303,12.624,student.TEXT.IW.5,32.97083333333336,14.250185185185185,18.77777777777778,16.52667757954773,student,candidate
7.60602424778,1.00851227171,20.6511047459,2,15,275,7.5,9.192,18.533,6.696,1.625,0.979,4.909,2.79,-0.336,37.07,0.25,59.48,0.862,80.51,1.911,97.19,1.437,92.36,-1.616,5.37,-3.028,0.13,-0.846,20.05,0.857,1,1,0.737,0.863,0.863,0.185,0.122,0.151,0.114,0.491,0.138,0.428,0.18,0.833,0,0.442,0.162,0.624,0.511,69.5,72.601,101.818,32.727,54.545,21.818,10.909,10.909,50.909,76.364,21.818,32.727,54.545,10.909,0.6,2,0.059,0.29,0.786,5.067,0.853,0.597,0.84,0.828,0.086,0.081,378.182,218.182,25.455,112.727,25.455,7.273,21.818,14.545,305.454,127.273,127.272,43.636,36.364,0,0,18.182,0,0,2.22,2.923,1.465,361.192,568.351,412.709,428.829,434.813,4.58,6.65,1.521,2.273,50.752,10.735,19.198,student.TEXT.KM.1,50.30695454545457,11.12235064935065,13.23896103896104,12.416235457179464,student,implemented
12.8997281736,1.06213366444,31.5557771199,2,21,338,10.5,13.435,16.143,8.008,1.308,0.576,4.263,2.044,-0.284,38.97,1.066,85.54,1.168,87.7,2.303,98.93,-0.535,29.81,-0.408,34.46,-3.096,0.1,-0.835,20.33,0.7,0.7,0.7,0.69,0.697,0.69,0.222,0.172,0.186,0.155,0.367,0.246,0.289,0.228,0.612,0,0.448,0.16,0.506,0.375,40.183,38.598,65.089,14.793,41.42,26.627,8.876,11.834,50.296,41.42,26.627,44.379,47.337,29.586,0.063,0.364,0.076,0.366,0.8,2.143,0.989,0.547,0.775,0.754,0.17,0.124,355.03,213.018,11.834,133.136,23.669,14.793,2.959,2.959,307.692,118.344,50.296,23.669,26.627,0,0,11.834,0,0,2.265,3.201,1.539,431.107,554.822,454.093,441.523,439.864,4.386,6.213,1.505,2.031,79.842,6.121,27.272,student.TEXT.KM.2,78.29984319526628,6.536502958579881,8.535147928994084,8.07648339933343,student,implemented
9.5966967660800009,0.866574649259,26.5278426896,2,15,323,7.5,9.192,21.8,9.503,1.83,1.122,5.356,2.917,-1.099,13.79,0.529,69.85,0.953,82.89,0.626,73.24,0.96,82.89,-1.929,2.74,-4.939,0,-1.206,11.51,0.643,0.786,0.786,0.621,0.758,0.758,0.125,0.114,0.091,0.087,0.413,0.171,0.375,0.176,0.76,0,0.431,0.15,0.672,0.502,78.206,80.519,111.455,24.768,55.728,40.248,18.576,24.768,68.111,71.207,37.152,24.768,30.96,9.288,0.222,1.5,0.07,0.248,0.75,5.4,1.037,0.636,0.917,0.879,0.082,0.081,365.325,210.526,21.672,111.455,30.96,3.096,15.48,18.576,340.557,111.456,102.167,46.44,6.192,0,0,0,0,0,2.02,2.972,1.505,418.313,554.957,425.843,431.787,432.515,4.041,6.847,1.535,2.588,30.161,14.402,11.389,student.TEXT.KM.3,29.45043577981653,14.95414809960682,18.88414154652687,16.613394197324528,student,implemented
7.01701917214,0.462335011116,24.8934305204,13,37,380,2.846,1.819,10.432,5.064,1.684,1.048,5.218,2.665,-1.11,13.35,1.973,97.56,1.79,96.33,1.887,96.99,0.287,61.03,-2.26,1.19,-0.793,21.48,0.477,68.08,0.75,0.806,0.778,0.581,0.673,0.66,0.258,0.195,0.153,0.164,0.446,0.248,0.418,0.241,0.57,0.187,0.486,0.158,0.481,0.394,39.721,65.712,63.158,21.053,34.211,5.263,13.158,5.263,26.316,57.895,5.263,76.316,86.842,28.947,0.133,0.5,0.062,0.505,0.931,2.919,1.128,0.625,0.824,0.802,0.148,0.14,342.105,236.842,21.053,81.579,23.684,2.632,31.579,15.789,389.474,147.369,84.211,28.947,31.579,0,0,18.421,0,10.526,1.853,2.61,1.041,329.537,553.947,448.122,477.285,449.268,4.259,7.678,1.72,2.997,53.945,8.286,18.657,student.TEXT.EH.4,55.946386727041215,8.020779680203766,11.040724494127636,10.758950730005283,student,implemented
5.52330168141,0.625166765965,18.003481055,11,27,267,2.455,1.753,9.889,5.048,1.61,0.913,4.884,2.399,-0.432,33.36,2.488,99.34,-0.513,30.5,-0.196,42.47,0.465,67.72,-2.047,2.07,-3.983,0,-0.067,47.61,0.308,0.423,0.423,0.116,0.228,0.219,0.127,0.155,0.056,0.105,0.326,0.207,0.313,0.215,0.413,0.175,0.384,0.147,0.557,0.416,59.501,63.637,112.36,22.472,52.434,7.491,7.491,7.491,78.652,108.614,7.491,63.67,74.906,29.963,0.167,0.333,0.086,0.474,0.808,2.296,0.697,0.682,0.895,0.87,0.154,0.147,325.843,322.097,37.453,41.199,7.491,3.745,0,29.963,284.644,179.776,86.142,56.18,86.142,0,0,63.67,0,14.981,1.972,2.717,1.156,334.122,566.952,351.7,400.289,424.734,3.262,6.422,1.838,2.093,60.592,7.265,14.828,student.TEXT.AO.1,57.71166432584269,7.973469101123598,9.99307116104869,10.222266870305534,student,implemented
5.8459707272,0.518533272697,19.3482691033,11,23,223,2.091,1.514,9.696,5.935,1.753,0.933,5.413,2.68,-1.621,5.26,2.015,97.78,0.194,57.53,-0.833,20.33,0.751,77.34,-3.194,0.07,-2.105,1.79,0,50,0.318,0.364,0.455,0.143,0.246,0.274,0.102,0.151,0.061,0.121,0.288,0.216,0.359,0.148,0.205,0.139,0.362,0.136,0.716,0.57,83.84,95.251,94.17,31.39,49.327,8.969,8.969,22.422,49.327,85.202,8.969,40.359,49.327,31.39,0.2,0.625,0.03,0.231,0.841,2.174,1.203,0.616,0.877,0.852,0.193,0.13,376.682,174.888,13.453,103.139,8.969,4.484,17.937,8.969,408.072,98.655,98.654,13.453,62.78,0,0,62.78,0,0,1.598,2.508,0.929,384.76,559.984,397.948,418.129,422.422,3.281,7.293,1.981,3.001,48.69,8.877,7.619,student.TEXT.AO.2,43.19746606334846,10.463710407239825,14.611764705882354,13.120403394923596,student,candidate
9.64591123072,0.723962577983,25.259321373,19,22,349,1.158,0.375,15.909,9.165,1.622,0.874,4.868,2.554,-0.484,31.56,0.217,58.32,-0.547,29.46,0.373,64.43,0.843,79.95,-1.612,5.37,-1.438,7.64,1.461,92.79,0.619,0.619,0.714,0.358,0.43,0.467,0.113,0.116,0.068,0.099,0.458,0.239,0.387,0.252,0.487,0.237,0.443,0.164,0.662,0.491,67.177,77.271,80.229,34.384,48.711,25.788,8.596,0,31.519,60.172,20.057,28.653,57.307,20.057,0.909,0.375,0.056,0.45,0.976,3.318,0.847,0.681,0.852,0.824,0.065,0.062,404.011,237.822,22.923,117.479,8.596,5.731,8.596,31.519,303.725,137.536,80.23,40.115,31.519,0,0,5.731,0,2.865,2.008,2.857,0.391,375.536,569.966,373.748,391.733,419.943,3.96,6.236,1.48,2.082,53.512,9.737,9.441,student.TEXT.AO.3,42.16200311249446,13.99057803468208,17.582570031124945,15.402047736947557,student,implemented
5.50033154748,0.775865799781,14.6629317854,7,19,217,2.714,2.215,11.474,3.977,1.627,0.889,4.774,2.559,-0.557,29.12,1.096,86.21,-0.924,17.88,0.351,63.68,-0.702,24.2,-1.769,3.92,-3.613,0,0.63,73.57,0.278,0.611,0.611,0.281,0.467,0.511,0.143,0.237,0.099,0.179,0.507,0.216,0.46,0.167,0.628,0.19,0.472,0.198,0.7,0.55,69.507,89.177,78.341,18.433,36.866,27.65,0,18.433,55.3,64.516,13.825,50.691,64.516,13.825,0.25,0.5,0.124,0.414,0.889,2.684,0.817,0.692,0.892,0.859,0.146,0.117,350.23,244.24,27.65,87.558,9.217,9.217,9.217,23.041,285.714,105.991,101.383,50.691,69.124,0,0,46.083,0,4.608,2.03,2.759,0.918,343.333,578.565,370.782,390.742,411.326,3.425,6.778,1.46,2.095,57.598,8.063,16.47,student.TEXT.AO.4,53.91637482900137,8.880957592339264,13.058823529411766,12.214722805548655,student,implemented
5.4620862486,0.694005196884,16.231372762,15,17,225,1.133,0.352,14.471,11.023,1.76,1.14,5.444,3.179,-0.834,20.33,0.751,77.34,-0.329,37.07,-0.451,32.64,1.528,93.57,-2.489,0.66,-4.411,0,0.35,63.31,0.563,0.563,0.563,0.217,0.226,0.226,0.179,0.175,0.063,0.118,0.365,0.185,0.451,0.241,0.343,0.185,0.395,0.13,0.692,0.614,94.949,143.399,106.667,35.556,62.222,44.444,17.778,8.889,53.333,66.667,44.444,26.667,57.778,22.222,1,0.167,0.022,0.18,0.875,5.882,0.917,0.585,0.856,0.856,0.066,0.07,440,168.889,13.333,88.889,4.444,31.111,13.333,13.333,351.111,97.778,182.222,44.444,17.778,0,0,0,0,17.778,2.115,2.72,0.457,361.179,575.33,370.459,403.398,418.03,4.214,5.797,1.644,2.113,44.505,10.34,15.322,student.TEXT.AO.5,17.524702479338856,22.83889256198347,26.30214876033058,19.686211704642208,student,implemented
7.69861355108,0.975364271244,19.1226712705,20,29,355,1.45,0.945,12.379,7.979,1.544,0.883,4.639,2.477,-0.397,34.83,1.184,88.1,0.612,72.91,-0.361,35.94,0.153,55.96,-1.371,8.53,-3.199,0.07,-0.414,34.09,0.393,0.393,0.393,0.277,0.34,0.289,0.099,0.145,0.073,0.116,0.252,0.204,0.303,0.163,0.297,0.258,0.355,0.154,0.68,0.479,68.763,86.659,90.141,11.268,59.155,19.718,5.634,22.535,56.338,70.423,19.718,42.254,45.07,16.901,0.063,0.429,0.04,0.405,0.821,2.828,0.798,0.717,0.922,0.917,0.075,0.09,360.563,253.521,11.268,121.127,16.901,5.634,25.352,16.901,278.873,115.493,59.155,19.718,67.606,2.817,0,56.338,0,0,2.064,2.938,1.131,361.591,571.65,396.305,428.96,446.311,3.813,6.395,1.701,2.064,63.788,7.403,10.56,student.TEXT.AO.6,58.375,9.588888888888892,12.311111111111112,11.792908689023552,student,implemented
5.43888309816,0.508427378962,17.9606754009,21,24,244,1.143,0.359,10.167,8.835,1.689,0.903,5.115,2.581,-1.385,8.38,1.555,93.94,0.633,73.57,-1.599,5.59,0.339,62.93,-2.105,1.79,-3.06,0.11,0.322,62.55,0.348,0.391,0.435,0.141,0.173,0.189,0.056,0.085,0.031,0.072,0.219,0.192,0.28,0.157,0.225,0.205,0.334,0.158,0.723,0.607,105.762,125.998,90.164,20.492,32.787,12.295,8.197,8.197,57.377,77.869,12.295,40.984,53.279,8.197,0.273,1.333,0.032,0.243,0.891,1.458,0.971,0.648,0.957,0.906,0.127,0.112,372.951,221.311,20.492,77.869,0,4.098,24.59,20.492,409.836,159.835,114.754,16.393,20.492,0,0,8.197,0,0,1.911,2.58,1.006,353.868,568.806,400.08,421.634,432.5,4.244,6.517,1.979,2.831,53.626,8.305,8.108,student.TEXT.AO.7,39.71680670816048,12.708890041493778,15.834163208852004,14.434950587195996,student,implemented
6.93622106256,0.902613266585,16.1150073905,11,23,266,2.091,1.221,11.652,4.509,1.515,0.811,4.511,2.172,-0.599,27.76,1.191,88.3,-0.663,25.46,-0.211,41.68,-0.327,37.45,-0.85,19.77,-3.875,0,-0.568,28.77,0.318,0.545,0.409,0.309,0.349,0.326,0.125,0.152,0.097,0.142,0.201,0.144,0.251,0.186,0.276,0.14,0.349,0.129,0.615,0.481,69.309,76.612,71.429,18.797,52.632,26.316,7.519,30.075,60.15,48.872,26.316,48.872,56.391,11.278,0.143,0.75,0.097,0.177,0.795,2.826,0.863,0.638,0.886,0.843,0.139,0.134,360.902,199.248,18.797,139.098,0,22.556,7.519,18.797,308.271,86.466,131.579,45.112,26.316,0,0,11.278,0,0,2.271,2.939,0.873,349.947,578.691,376.839,400.186,422.391,3.241,5.696,1.17,1.742,66.928,6.797,20.435,student.TEXT.AO.8,65.67642469470829,7.125088195386706,9.35033921302578,9.80015041476705,student,candidate
6.0379414841,0.573288182634,15.5048760768,10,24,249,2.4,1.578,10.667,6.384,1.751,0.977,4.908,2.81,-0.792,21.48,1.034,84.85,-0.323,37.45,0.369,64.06,-1.282,10.03,-1.361,8.69,-2.591,0.48,0.339,62.93,0.609,0.609,0.609,0.492,0.503,0.508,0.131,0.123,0.133,0.18,0.387,0.276,0.277,0.293,0.589,0.2,0.505,0.21,0.591,0.535,66.327,77.754,80.321,4.016,16.064,12.048,16.064,40.161,56.225,64.257,8.032,48.193,48.193,24.096,0,0.143,0.026,0.515,0.913,2.125,0.897,0.753,0.903,0.898,0.11,0.111,373.494,156.627,24.096,76.305,4.016,0,16.064,4.016,357.43,88.353,88.353,40.161,20.08,0,0,4.016,0,4.016,2.047,2.722,0.78,346.92,587.875,346.103,381.306,434.377,3.393,5.642,1.453,1.98,48.17,9.118,14.012,student.TEXT.AW.1,48.72560236220474,9.61811811023622,14.213858267716535,12.857556352371637,student,implemented
4.57952055822,0.609144976847,15.9447206599,30,34,316,1.133,0.434,9.294,5.75,1.472,0.818,4.737,2.369,-0.044,48.4,1.809,96.41,1.524,93.57,-0.141,44.43,0.652,74.22,-1.819,3.44,-3.847,0,0.345,63.31,0.273,0.485,0.424,0.154,0.425,0.249,0.113,0.132,0.09,0.124,0.192,0.156,0.262,0.127,0.211,0.188,0.336,0.131,0.67,0.503,77.133,80.659,101.266,22.152,47.468,18.987,6.329,18.987,56.962,79.114,18.987,69.62,82.278,18.987,0.174,0.714,0.055,0.321,0.894,0.853,0.921,0.678,0.915,0.858,0.106,0.101,332.278,246.835,22.152,72.785,9.494,12.658,50.633,25.316,329.113,155.064,50.633,50.633,110.76,0,0,94.937,0,0,2.103,2.765,1.161,317.68,573,438.21,456.492,437.639,4.675,7.727,1.613,2.685,72.87,5.404,14.063,student.TEXT.AW.2,55.63206684689116,11.481150159744413,14.231408208405014,12.635684438814376,student,implemented
5.05144482695,0.719399284017,16.4722921674,7,16,265,2.286,1.38,16.688,10.454,1.679,1.015,5.181,2.675,-0.937,17.62,0.72,76.11,0.473,68.08,-0.03,48.8,0.073,52.79,-2.873,0.21,-2.173,1.5,-0.465,32.28,0.533,0.733,0.533,0.39,0.552,0.41,0.15,0.182,0.104,0.13,0.3,0.307,0.261,0.269,0.642,0.244,0.395,0.223,0.679,0.577,80.623,109.366,83.019,18.868,33.962,11.321,11.321,3.774,45.283,75.472,11.321,33.962,45.283,7.547,0.3,0.667,0.042,0.224,0.833,5.5,0.917,0.65,0.964,0.939,0.092,0.087,358.491,192.453,7.547,79.245,18.868,7.547,26.415,0,407.547,109.434,75.472,26.415,49.057,0,0,45.283,0,0,1.885,2.554,0.878,361.895,560.724,392.025,416.989,432.323,3.646,7.291,1.391,2.915,47.98,10.682,10.289,student.TEXT.AW.3,42.48423802612484,12.397735849056604,15.248185776487665,13.991409890343128,student,implemented
7.15574400178,0.758287288215,17.5029348602,12,20,318,1.667,0.985,15.9,8.789,1.513,0.851,4.393,2.261,0.266,60.26,0.538,70.19,-0.229,41.29,-0.293,38.59,0.85,80.23,-1.24,10.75,-4.064,0,-0.166,43.64,0.211,0.316,0.316,0.303,0.366,0.372,0.1,0.157,0.091,0.131,0.255,0.243,0.36,0.267,0.285,0.261,0.332,0.215,0.667,0.5,83.562,95.499,110.063,25.157,53.459,25.157,18.868,22.013,62.893,84.906,25.157,31.447,44.025,15.723,0.364,1,0.068,0.277,0.816,3,0.625,0.638,0.875,0.857,0.1,0.082,377.358,283.019,40.881,97.484,6.289,18.868,31.447,31.447,229.56,128.931,75.472,78.617,47.17,0,6.289,18.868,0,9.434,2.235,2.946,0.758,330.152,584.626,366.542,397.435,429.206,3.808,7.105,1.455,1.83,62.697,8.464,15.943,student.TEXT.AW.4,60.91217521652234,8.895049966688877,11.336175882744838,11.10113133989139,student,implemented
5.44511784516,0.709074589706,15.0716405492,13,17,304,1.308,0.48,17.941,9.523,1.408,0.725,4.332,2.257,0.815,79.1,0.21,58.32,1.023,84.61,2.099,98.17,1.719,95.64,-2.572,0.51,-2.102,1.79,-0.949,17.11,0.688,0.813,0.75,0.565,0.783,0.609,0.22,0.149,0.189,0.148,0.409,0.164,0.391,0.122,0.437,0.142,0.401,0.162,0.598,0.413,61.941,67.636,115.132,36.184,59.211,9.868,19.737,9.868,46.053,108.553,6.579,36.184,59.211,26.316,0.583,0.889,0.035,0.457,0.75,4.647,0.716,0.63,0.809,0.788,0.059,0.056,332.237,243.421,42.763,72.368,3.289,9.868,16.447,36.184,269.736,141.446,52.631,69.079,121.711,0,0,92.105,0,0,2.135,2.799,0.526,327.415,569.863,403.563,422.242,431.481,4.015,7.124,1.66,2.123,69.568,7.998,17.485,student.TEXT.AW.5,67.29656921373201,8.857926910299007,11.216035437430786,10.355215969177356,student,implemented
8.37417452502,0.955214306907,19.9662998658,4,13,266,3.25,2.872,20.846,11.56,1.695,1.006,4.989,2.777,-0.409,34.09,0.038,51.2,-0.845,20.05,-0.026,49.2,0.336,62.93,-2.258,1.22,-1.72,4.27,-1.271,10.2,0.583,0.583,0.667,0.253,0.387,0.347,0.174,0.168,0.076,0.108,0.351,0.239,0.28,0.227,0.356,0.065,0.354,0.155,0.732,0.557,79.783,109.331,78.947,30.075,37.594,15.038,11.278,26.316,41.353,71.429,11.278,15.038,30.075,18.797,0.8,1,0.041,0.206,0.708,2.077,1,0.639,0.839,0.803,0.061,0.073,349.624,187.97,30.075,120.301,3.759,7.519,41.353,18.797,270.677,131.579,116.541,52.632,37.594,7.519,3.759,3.759,0,3.759,1.992,2.783,0.357,389.6,565.402,356.945,377.366,418.945,3.823,6.695,1.488,1.984,42.669,12.391,12.023,student.TEXT.AW.6,41.24797201722018,13.116392988929892,16.70861008610086,15.021129683784007,student,candidate
7.44547856285,0.889332257838,19.7382528848,6,16,312,2.667,2.875,19.75,9.835,1.728,1.058,4.949,2.798,-0.567,28.77,-0.042,48.4,0.37,64.06,0.902,81.59,1.546,93.82,-2.352,0.94,-1.632,5.16,0.85,79.95,0.8,0.8,0.867,0.6,0.6,0.619,0.187,0.135,0.123,0.125,0.473,0.166,0.451,0.167,0.499,0.18,0.433,0.154,0.697,0.576,93.28,107.633,96.154,35.256,48.077,12.821,22.436,6.41,38.462,86.538,12.821,22.436,48.077,16.026,1,0.667,0.088,0.423,0.933,3.625,0.881,0.602,0.852,0.834,0.071,0.066,378.205,195.513,22.436,92.949,12.821,16.026,22.436,12.821,342.949,144.231,86.538,35.256,22.436,0,0,3.205,0,3.205,1.956,2.68,0.385,352.61,570.796,396.667,418.633,426.625,3.539,7.055,1.297,2.41,40.854,12.405,12.51,student.TEXT.AW.7,42.388252612540214,12.175834003215437,14.97757234726688,13.81666964889586,student,implemented
6.39378491958,0.69647898603,17.961042421,7,13,212,1.857,0.9,16.462,8.913,1.533,0.787,4.566,2.524,-0.406,34.46,0.534,70.19,1.188,88.1,-0.527,30.15,1.853,96.78,-0.952,17.11,-4.456,0,-0.591,27.76,0.417,0.5,0.5,0.28,0.4,0.4,0.121,0.158,0.078,0.129,0.177,0.181,0.243,0.162,0.192,0.145,0.26,0.164,0.762,0.593,96.126,90.52,132.075,18.868,84.906,28.302,18.868,9.434,66.038,94.34,28.302,28.302,33.019,14.151,0.143,1,0.042,0.532,0.792,6.308,1.102,0.664,0.911,0.894,0.108,0.073,301.887,268.868,23.585,89.623,9.434,4.717,23.585,42.453,287.736,136.793,94.34,51.887,56.604,0,0,42.453,0,0,2.149,2.863,1.068,322.923,566.705,406.296,419.432,425.903,4.424,7.111,1.548,2.192,60.591,8.86,15.634,student.TEXT.AW.8,56.022660377358505,10.711962264150944,12.442264150943396,11.407655852321104,student,candidate
7.87857186992,0.515815820942,23.2092419993,15,15,244,1,0,16.467,11.507,2.074,1.386,5.82,3.354,-1.856,3.22,-0.539,29.46,0.632,73.57,3.037,99.88,0.022,50.8,0.235,59.1,-0.309,37.83,-0.348,36.69,0.714,0.714,0.857,0.537,0.579,0.726,0.224,0.169,0.138,0.162,0.31,0.21,0,0,0.31,0.21,0.366,0.159,0.654,0.51,55.946,72.071,73.77,28.689,28.689,8.197,24.59,12.295,24.59,69.672,8.197,32.787,40.984,24.59,0.222,0.714,0.042,0.33,0.821,3.533,0.926,0,0,0,0.056,0.072,430.328,168.033,12.295,143.443,12.295,8.197,28.689,8.197,364.753,102.459,110.656,28.688,20.492,0,0,0,0,20.492,1.856,2.734,0,401.444,556.221,382.355,399.324,422.457,3.146,7.287,1.571,2.831,14.864,15.227,11.315,student.TEXT.AW.9,10.258682926829296,17.93977235772358,21.547317073170735,18.458006810337128,student,candidate
9.68162848031,0.710797847561,25.3348125436,11,17,286,1.545,0.82,16.882,8.298,1.605,0.937,4.937,2.58,-0.947,17.36,-0.507,30.85,1.128,86.86,1.989,97.61,-0.95,17.11,-0.663,25.46,-2.819,0.24,0.676,74.86,0.813,0.938,0.938,0.817,0.913,0.913,0.225,0.178,0.165,0.122,0.51,0.232,0.466,0.248,0.607,0.187,0.453,0.185,0.676,0.523,52.663,60.245,80.42,13.986,17.483,10.49,13.986,0,55.944,76.923,6.993,31.469,45.455,10.49,0.4,0.25,0.155,0.481,0.938,3.412,1.189,0.632,0.835,0.816,0.137,0.077,377.622,185.315,24.476,108.392,17.483,0,27.972,13.986,353.148,101.4,76.924,41.958,13.986,0,0,0,0,6.993,2.021,2.857,0.71,381.97,559.018,425.075,441.699,424,4.208,7.045,1.814,2.598,53.976,9.91,19.984,student.TEXT.EH.1,52.495095818815344,11.03008710801394,14.889895470383278,13.707050652182112,student,implemented
8.15594967016,1.13196766709,20.4893983842,11,19,365,1.727,0.905,19.211,10.086,1.704,1.006,4.874,2.58,-0.532,29.81,0.158,55.96,-0.156,44.04,1.691,95.45,0.658,74.22,-0.792,21.48,-2.798,0.26,0.467,67.72,0.833,0.889,0.889,0.481,0.563,0.57,0.214,0.141,0.122,0.133,0.541,0.231,0.511,0.23,0.614,0.151,0.472,0.166,0.534,0.422,57.942,71.383,95.89,27.397,38.356,19.178,16.438,8.219,54.795,79.452,13.699,27.397,43.836,8.219,0.545,1.5,0.085,0.416,0.889,2.316,1.126,0.594,0.806,0.771,0.069,0.058,367.123,208.219,13.699,109.589,27.397,5.479,16.438,21.918,271.233,172.603,93.15,32.877,27.397,0,5.479,0,0,5.479,2.247,2.957,0.894,383.769,569.346,375.067,400.438,417.43,4.611,7.094,1.307,2.162,43.177,12.009,20.28,student.TEXT.EH.2,38.04833056325026,13.93118005540166,17.715309325946446,15.731716950459138,student,implemented
6.14181847313,0.393402465347,22.9643888488,10,26,270,2.6,1.578,10.462,5.907,1.604,0.973,4.856,2.455,-1.595,5.59,2.901,99.81,1.716,95.64,1.609,94.52,0.806,78.81,-2.534,0.57,-0.864,19.49,-0.779,21.77,0.76,0.76,0.88,0.346,0.38,0.566,0.256,0.167,0.116,0.156,0.488,0.253,0.524,0.24,0.474,0.181,0.48,0.173,0.527,0.441,42.982,65.188,66.667,40.741,37.037,3.704,0,25.926,29.63,62.963,3.704,81.481,92.593,44.444,0.13,0.769,0.053,0.468,0.8,3.923,1.19,0.605,0.81,0.753,0.232,0.179,359.259,207.407,14.815,96.296,18.519,0,0,18.519,455.556,125.926,70.371,14.815,22.222,0,0,22.222,0,0,1.842,2.589,0.946,319.242,562.186,447.179,459.928,445.221,4.459,7.581,1.924,3.363,60.596,7.387,23.457,student.TEXT.EH.3,61.39990409207164,7.633203324808186,11.0539641943734,10.940254816364696,student,implemented
5.36930542992,0.700306282605,13.9939844104,24,41,419,1.708,0.806,10.244,5.286,1.499,0.84,4.675,2.298,0.085,53.19,1.771,96.16,0.42,66.28,-0.933,17.62,0.74,77.04,-1.242,10.75,-3.336,0.04,-0.572,28.43,0.075,0.325,0.175,0.076,0.287,0.113,0.089,0.134,0.072,0.116,0.181,0.192,0.143,0.116,0.251,0.204,0.323,0.131,0.683,0.488,88.761,99.597,102.625,23.866,50.119,14.32,11.933,26.253,59.666,88.305,14.32,62.053,66.826,21.48,0.074,0.9,0.058,0.267,0.8,1.659,0.699,0.719,0.91,0.894,0.116,0.117,334.129,298.329,28.64,88.305,2.387,2.387,23.866,31.026,250.597,155.132,93.078,45.346,100.239,0,2.387,85.919,0,4.773,2.268,2.89,1.498,303.689,575.348,384.299,422.545,441.066,4.126,7.209,1.882,2.071,69.646,6.084,17.09,student.TEXT.EH.5,66.46551591089899,7.458431980906919,10.550867143993637,10.65027996061788,student,implemented
6.10226635409,0.865638694342,14.9248455635,11,16,249,1.455,0.688,15.563,7.004,1.506,0.789,4.747,2.53,-0.077,47.21,0.323,62.55,-0.274,39.36,0.524,69.85,0.924,82.12,-1.317,9.51,-4.587,0,-0.553,29.12,0.667,0.667,0.733,0.629,0.714,0.705,0.126,0.072,0.124,0.096,0.414,0.138,0.397,0.116,0.463,0.121,0.395,0.138,0.702,0.57,85.098,96.131,116.466,28.112,56.225,32.129,12.048,20.08,68.273,80.321,32.129,36.145,52.209,12.048,0.4,1.25,0.053,0.412,0.8,1.938,0.806,0.691,0.888,0.864,0.069,0.082,353.414,212.851,32.129,128.514,0,16.064,24.096,8.032,265.06,96.385,136.546,72.289,48.193,0,0,32.129,0,8.032,2.241,2.862,1.143,424.079,576.59,328.545,391.778,442.238,4.408,6.493,1.369,1.76,63.631,8.25,15.548,student.TEXT.EP.1,59.11616396761136,9.39678716020821,12.8871023713129,12.28987398476788,student,implemented
5.99511645913,0.73509905933,15.4718420224,20,29,358,1.45,0.826,12.379,6.956,1.561,0.834,4.908,2.738,0.043,51.6,1.431,92.36,-0.156,44.04,0.455,67.36,0.712,76.11,-1.299,9.85,-3.478,0.03,-0.192,42.47,0.571,0.679,0.643,0.353,0.417,0.383,0.171,0.167,0.086,0.118,0.277,0.205,0.311,0.178,0.241,0.236,0.361,0.133,0.632,0.476,58.789,76.407,97.765,16.76,53.073,36.313,27.933,5.587,53.073,61.453,36.313,53.073,58.659,44.693,0.1,0.294,0.057,0.491,0.857,1.759,0.863,0.633,0.86,0.852,0.117,0.075,284.916,279.33,39.106,81.006,2.793,8.38,30.726,39.106,256.984,164.804,75.419,55.865,55.866,0,0,19.553,0,22.346,2.188,2.842,1.213,411.083,573.813,346.331,391.407,432.222,4.487,6.882,1.65,1.98,62.244,7.644,19.648,student.TEXT.EP.10,58.511207627118665,8.762500000000003,12.905649717514128,12.311054993355176,student,candidate
5.57377993489,0.936156143772,12.0582450588,14,24,287,1.714,0.611,12.125,4.893,1.352,0.678,4.16,2.243,1.851,96.78,1.095,86.21,-2.093,1.83,0.251,59.87,0.881,81.06,-0.478,31.92,-1.967,2.5,-0.196,42.47,0.087,0.391,0.13,0.086,0.438,0.141,0.121,0.111,0.099,0.126,0.161,0.139,0.186,0.13,0.264,0.217,0.335,0.114,0.681,0.45,63.608,71.872,87.108,38.328,52.265,13.937,0,20.906,45.296,76.655,13.937,55.749,69.686,20.906,0.235,1.571,0.032,0.479,0.783,1.333,0.263,0.613,0.867,0.839,0.109,0.103,292.683,351.916,41.812,90.592,0,27.875,31.359,55.749,142.858,170.732,62.717,87.108,139.373,3.484,3.484,31.359,0,69.686,2.619,3.156,1.706,357.45,582.328,315.755,358.121,401.915,4.887,6.457,1.695,1.293,80.318,5.027,26.125,student.TEXT.EP.2,74.98351459854018,6.204094890510952,9.421605839416058,9.766711354998122,student,implemented
5.90155173751,0.795804510409,15.4322798948,23,32,400,1.391,0.499,12.656,9.05,1.67,1.007,5.08,2.918,-0.459,32.28,1.098,86.21,-0.667,25.46,-0.097,46.41,2.985,99.86,-1.856,3.22,-3.251,0.06,0.311,62.17,0.581,0.645,0.613,0.4,0.438,0.419,0.125,0.111,0.085,0.106,0.374,0.203,0.445,0.187,0.374,0.212,0.398,0.143,0.665,0.479,83.16,101.99,142.5,42.5,77.5,22.5,35,5,60,120,22.5,35,67.5,17.5,0.867,0.625,0.065,0.324,0.871,3.094,0.75,0.644,0.928,0.897,0.088,0.098,380,210,30,112.5,10,5,17.5,7.5,285,92.5,115,57.5,67.5,0,0,52.5,0,2.5,2.172,2.877,1.165,415.225,567.65,342.941,394.098,419.908,4.005,6.573,1.302,1.926,52.866,8.991,15.112,student.TEXT.EP.3,49.172655075188,10.530842731829576,14.56979949874687,13.493707505834458,student,implemented
6.69972844026,0.717920704812,17.9070233929,16,27,259,1.688,1.014,9.667,6.239,1.792,1.243,5.556,3.433,-0.278,39.36,1.984,97.61,-0.827,20.61,0.413,65.91,1.595,94.41,-2.203,1.39,-2.947,0.16,0.075,52.79,0.423,0.5,0.538,0.265,0.326,0.419,0.185,0.216,0.077,0.133,0.484,0.283,0.531,0.189,0.499,0.322,0.475,0.195,0.649,0.487,67.506,91.29,108.108,54.054,57.915,23.166,0,11.583,54.054,84.942,23.166,46.332,73.359,46.332,0.538,0.615,0.067,0.279,0.846,1.556,0.833,0.631,0.9,0.893,0.151,0.1,351.351,220.077,34.749,111.969,15.444,15.444,19.305,11.583,277.992,108.108,77.22,38.61,57.915,0,3.861,38.61,0,15.444,2.271,2.997,1.488,372.95,574.928,362,394.59,441.912,3.695,5.109,1.461,1.724,45.495,9.297,24.311,student.TEXT.EP.4,39.90764705882356,10.709635854341736,13.955182072829132,12.623101263956098,student,implemented
7.03898684617,0.474014822604,21.0199457852,15,22,356,1.467,0.516,16.727,6.356,1.986,1.164,6.205,3.397,-0.897,18.67,0.081,53.19,-0.653,25.78,0.085,53.19,0.822,79.39,-2.23,1.29,-2.969,0.15,1.05,85.31,0.619,0.762,0.667,0.333,0.503,0.467,0.173,0.169,0.08,0.102,0.413,0.203,0.41,0.089,0.456,0.252,0.399,0.128,0.74,0.557,82.8,101.428,123.596,47.753,25.281,2.809,5.618,25.281,73.034,123.596,2.809,14.045,16.854,14.045,0.167,2.667,0.04,0.361,0.929,2.136,0.766,0.627,0.848,0.831,0.049,0.047,410.112,219.101,14.045,120.787,2.809,2.809,56.18,5.618,308.989,168.54,140.449,28.09,39.326,0,0,36.517,0,2.809,1.858,2.666,0.974,414.741,557.306,328.26,390.91,419.25,3.678,6.818,1.766,2.254,22.395,14.156,8.261,student.TEXT.EP.5,22.990008196721337,14.598912568306012,19.560437158469945,16.647925096878797,student,implemented
5.27869570851,0.735050914499,14.6301506915,18,28,285,1.556,1.042,10.286,6.446,1.789,1.177,5.484,3.222,-0.595,27.76,1.542,93.82,-0.652,25.78,-0.634,26.43,1.812,96.49,-2.274,1.16,-0.919,18.14,0.442,67,0.185,0.407,0.37,0.187,0.32,0.231,0.117,0.157,0.075,0.13,0.298,0.253,0.233,0.22,0.39,0.253,0.422,0.134,0.697,0.521,84,96.307,98.246,42.105,63.158,10.526,10.526,31.579,31.579,98.246,7.018,35.088,49.123,31.579,0.364,0.8,0.038,0.203,0.889,2.071,0.902,0.629,0.931,0.888,0.165,0.099,336.842,287.719,17.544,73.684,17.544,7.018,14.035,35.088,252.632,136.843,136.842,17.544,87.719,0,0,80.702,0,0,2.047,2.804,0.824,387.03,568.402,368,408.761,432.453,4.465,6.895,1.605,2.046,45.154,9.49,16.642,student.TEXT.EP.6,39.02303405572755,11.981217750258,15.828689370485035,14.299716787436791,student,candidate
4.4799237728,0.5833265532,12.4782022762,18,29,301,1.611,0.85,10.586,5.925,1.399,0.707,4.449,2.242,0.762,77.64,2.101,98.21,0.217,58.32,-0.943,17.36,1.158,87.49,-1.739,4.09,-3.275,0.05,-0.652,25.78,0.179,0.214,0.25,0.085,0.204,0.111,0.073,0.118,0.055,0.094,0.245,0.228,0.26,0.158,0.278,0.214,0.322,0.15,0.729,0.531,98.726,110.444,109.635,16.611,53.156,19.934,26.578,19.934,53.156,89.701,19.934,73.09,76.412,29.9,0.043,0.5,0.032,0.31,0.804,2.552,0.58,0.695,0.922,0.921,0.136,0.123,265.781,342.193,29.9,99.668,0,23.256,63.123,23.256,199.335,202.659,63.123,59.801,83.056,0,0,66.445,0,16.611,2.396,2.953,1.655,310.667,578.803,372.179,404.879,451.072,4.526,6.2,1.779,1.609,77.945,4.966,20.318,student.TEXT.EP.7,72.75983364573571,6.396815057794441,9.139706341768198,9.573946990214177,student,candidate
7.57447168216,0.815543524012,20.4635904954,6,12,254,2,1.265,21.333,11.284,1.697,0.965,5.256,2.794,-0.302,38.21,-0.37,35.57,-0.351,36.32,0.829,79.39,0.352,63.68,-0.759,22.36,-5.092,0,-0.353,36.32,0.727,0.909,0.818,0.662,0.723,0.785,0.148,0.099,0.114,0.082,0.32,0.183,0.316,0.121,0.412,0.177,0.36,0.129,0.709,0.57,74.39,91.924,110.236,31.496,47.244,27.559,0,3.937,82.677,86.614,27.559,23.622,47.244,19.685,0.857,0.667,0.09,0.452,0.818,2.333,0.648,0.612,0.84,0.831,0.044,0.052,389.764,181.102,27.559,129.921,3.937,11.811,19.685,7.874,291.338,90.551,102.362,66.929,27.559,0,0,11.811,0,3.937,2.17,2.844,1.128,439.132,569.33,340.064,390.922,422.113,4.18,6.461,1.511,1.918,41.784,12.69,13.584,student.TEXT.EP.8,38.59321818181823,13.522436363636366,17.25090909090909,15.429909175157396,student,candidate
6.12180227087,1.03553758214,13.2667931431,10,14,237,1.4,0.699,16.929,6.627,1.392,0.793,4.295,2.556,1.351,91.15,-0.487,31.56,0.063,52.39,0.606,72.57,0.992,83.89,-0.83,20.33,-3.768,0,1.435,92.36,0.308,0.615,0.462,0.188,0.6,0.318,0.136,0.133,0.12,0.113,0.178,0.186,0.231,0.125,0.186,0.179,0.295,0.104,0.732,0.511,69.94,75.175,101.266,25.316,67.511,29.536,0,21.097,63.291,75.949,29.536,25.316,25.316,4.219,0,3,0.041,0.317,0.962,1.571,0.673,0.576,0.803,0.791,0.042,0.049,253.165,350.211,25.316,84.388,0,12.658,59.072,54.852,185.654,198.313,71.73,46.413,139.241,0,0,42.194,0,80.169,2.366,3.029,1.327,354.263,584.316,349.479,389.114,438.345,3.7,6.845,1.506,1.584,71.889,7.438,17.191,student.TEXT.EP.9,47.310818649045544,16.059273127753304,19.53861967694567,14.790194502661404,student,candidate
4.9113209518,0.96087899994,11.4432398227,7,18,288,2.571,1.718,16.056,8.721,1.576,0.896,4.75,2.482,0.644,73.89,0.704,75.8,-0.292,38.59,-0.096,46.41,1.649,94.95,-1.873,3.07,-4.227,0,-0.678,25.14,0.353,0.471,0.353,0.328,0.472,0.416,0.101,0.136,0.089,0.099,0.324,0.266,0.319,0.184,0.564,0.348,0.432,0.19,0.765,0.533,85.66,89.502,128.472,24.306,55.556,27.778,45.139,10.417,69.444,100.694,27.778,24.306,31.25,13.889,0.25,1.2,0.06,0.22,0.765,2.556,0.603,0.688,0.916,0.903,0.083,0.087,350.694,260.417,52.083,111.111,10.417,6.944,41.667,10.417,239.583,135.417,69.444,90.278,76.389,0,0,3.472,0,69.444,2.402,3.032,1.39,355.179,575.972,362.462,386.925,417.659,3.9,5.973,1.433,1.645,57.265,9.247,18.677,student.TEXT.FA.1,50.46726180613092,10.370364540182273,13.583761391880698,12.827911418992354,student,implemented
4.61607142456,0.688263441917,11.6738513934,22,24,378,1.091,0.294,15.792,8.572,1.466,0.801,4.468,2.263,0.787,78.23,0.203,57.93,1.006,84.13,0.49,68.44,2.702,99.65,-0.823,20.61,-5.226,0,0.742,77.04,0.348,0.739,0.391,0.254,0.508,0.314,0.196,0.22,0.096,0.129,0.333,0.238,0.188,0.054,0.366,0.238,0.384,0.156,0.71,0.483,88.954,89.461,158.73,37.037,71.429,34.392,31.746,10.582,74.074,124.339,34.392,29.101,50.265,18.519,0.667,1.375,0.053,0.326,0.913,2.875,0.655,0.592,0.854,0.854,0.098,0.064,349.206,267.196,26.455,76.72,2.646,13.228,42.328,26.455,246.032,116.403,87.303,60.847,119.048,0,0,68.783,0,42.328,2.426,3.025,1.16,319.864,584.056,373.03,411.664,437.882,4.506,6.399,1.46,1.756,66.825,7.851,25.079,student.TEXT.FA.2,49.67464656964657,13.401351351351355,16.465696465696464,13.991409890343128,student,implemented
3.94415919687,0.518729414393,10.2084725662,44,46,431,1.045,0.211,9.457,4.257,1.552,0.893,4.717,2.335,0.361,64.06,0.99,83.89,0.17,56.75,-0.86,19.49,1.367,91.31,-0.787,21.77,-5.764,0,1.506,93.32,0.156,0.378,0.178,0.089,0.331,0.109,0.084,0.12,0.081,0.123,0.211,0.244,0.067,0.014,0.237,0.258,0.345,0.148,0.743,0.517,92.38,103.834,111.369,18.561,67.285,41.763,6.961,9.281,74.246,74.246,39.443,53.364,58.005,2.32,0.083,4,0.03,0.281,0.978,0.761,0.47,0.64,0.869,0.834,0.084,0.07,350.348,269.142,44.084,78.886,0,16.241,37.123,20.882,225.058,141.532,99.768,78.886,106.729,0,0,90.487,0,2.32,2.297,2.868,1.476,337.263,579.127,371.188,407.879,438.985,4.291,6.385,1.614,1.676,66.025,6.378,15.513,student.TEXT.FA.3,-14.716716981132052,36.37869811320755,39.95773584905661,23.567642413782835,student,implemented
6.46694522918,0.611942755395,20.6946012405,18,28,361,1.556,0.922,13,10.812,1.967,1.132,5.82,3.115,-1.467,7.21,1.074,85.77,0.872,80.78,-0.563,28.77,0.516,69.5,-1.828,3.44,-5.807,0,-0.438,33.36,0.407,0.519,0.519,0.356,0.391,0.427,0.094,0.116,0.089,0.138,0.316,0.168,0.357,0.202,0.339,0.2,0.397,0.133,0.743,0.566,88.015,94.426,119.114,19.391,58.172,30.471,11.08,19.391,91.413,88.643,30.471,30.471,33.241,16.62,0.083,0.857,0.043,0.222,0.815,2.571,0.828,0.596,0.877,0.87,0.166,0.107,393.352,196.676,22.161,113.573,8.31,0,33.241,16.62,357.34,121.883,152.354,30.471,5.54,0,0,0,0,2.77,2.001,2.732,0.892,380.839,569.376,373.74,412.468,456.315,3.527,6.706,1.499,2.47,27.34,12.649,14.49,student.TEXT.FA.4,19.96252754820938,15.484917355371902,19.08595041322314,16.594172100314452,student,implemented
5.79888326071,0.941997598334,15.5126545855,40,47,526,1.175,0.549,11.277,8.067,1.568,0.947,4.686,2.611,0.074,52.79,1.084,85.99,0.12,54.78,0.296,61.41,0.387,64.8,-0.63,26.43,-2.779,0.28,0.356,63.68,0.239,0.435,0.304,0.133,0.359,0.169,0.158,0.19,0.092,0.135,0.307,0.222,0.394,0.127,0.309,0.227,0.403,0.138,0.569,0.391,54.118,89.747,83.65,24.715,47.529,17.11,1.901,24.715,51.331,68.441,15.209,36.122,49.43,15.209,0.35,1.111,0.057,0.291,0.88,1.191,0.793,0.643,0.854,0.844,0.187,0.09,319.392,258.555,43.726,76.046,11.407,1.901,17.11,32.319,260.456,131.178,77.947,47.529,98.859,0,0,91.255,0,5.703,2.381,2.982,1.537,327.966,580.924,384.687,420.75,447.008,4.441,6.643,1.608,1.986,62.823,7.277,27.554,student.TEXT.FA.5,50.50889949109418,11.638358778625957,14.992875318066158,13.6886701853816,student,implemented
6.45737901587,0.683826042956,17.0713854913,7,16,302,2.286,1.604,19,11.278,1.715,0.921,5.182,2.581,-0.344,36.69,0.124,54.78,-0.386,35.2,-0.003,50,1.498,93.19,-2.623,0.44,-4.381,0,0.699,75.49,0.467,0.467,0.6,0.476,0.524,0.571,0.112,0.136,0.077,0.085,0.434,0.179,0.361,0.112,0.691,0.121,0.431,0.148,0.725,0.546,86.25,96.431,149.007,23.179,52.98,9.934,39.735,6.623,82.781,135.762,9.934,26.49,46.358,13.245,0.667,0.4,0.058,0.175,0.9,4.438,0.949,0.629,0.854,0.849,0.079,0.068,334.437,241.722,56.291,99.338,6.623,9.934,16.556,16.556,288.079,135.761,112.583,79.47,36.424,0,0,0,0,19.868,2.128,2.81,0,367.257,574.951,341.638,377.01,418.767,3.4,6.497,1.354,1.99,42.588,12.008,12.911,student.TEXT.FA.6,34.631747491638805,13.734603440038224,17.104730052556143,15.343465313023842,student,implemented
4.80620922311,0.535277145779,14.5830416893,8,24,280,3,2.204,12,5.556,1.593,0.807,4.996,2.551,-0.001,50,1.884,96.99,-0.153,44.04,-0.323,37.45,0.845,79.95,-2.414,0.8,-3.171,0.08,-0.264,39.74,0.304,0.348,0.522,0.232,0.254,0.508,0.106,0.107,0.084,0.104,0.342,0.207,0.275,0.168,0.531,0.222,0.404,0.158,0.631,0.524,90.714,92.398,96.429,21.429,50,21.429,17.857,14.286,50,71.429,17.857,60.714,64.286,14.286,0.056,1,0.038,0.224,0.826,2.958,0.676,0.647,0.902,0.895,0.128,0.107,325,278.571,53.571,121.429,7.143,21.429,82.143,25,264.286,200,100,89.285,21.429,0,0,0,0,17.857,2.219,2.792,1.56,358.258,569.913,376.853,414.887,449.826,3.814,6.287,1.85,1.856,60.225,7.758,17.62,student.TEXT.FA.7,58.590526315789504,8.458646616541355,10.761904761904765,10.813802987103664,student,implemented
6.33799306125,1.16338696887,14.1343995738,4,10,205,2.5,1.732,20.5,10.906,1.58,0.828,4.829,2.529,-0.218,41.68,0.019,50.4,0.467,67.72,-0.163,43.64,1.283,89.97,-2.044,2.07,-3.553,0,-2.506,0.62,0.667,0.667,0.778,0.467,0.533,0.556,0.129,0.098,0.089,0.08,0.25,0.152,0.286,0.135,0.261,0.231,0.281,0.163,0.805,0.634,111.071,112.906,102.439,24.39,58.537,34.146,24.39,0,48.78,68.293,34.146,24.39,43.902,9.756,0.667,0.667,0.072,0.304,0.611,3.7,0.712,0.663,0.903,0.891,0.092,0.079,336.585,263.415,29.268,117.073,29.268,14.634,29.268,14.634,239.024,151.218,126.829,43.902,43.902,0,0,4.878,4.878,19.512,2.154,2.942,0,397.385,572.862,382.386,402.662,449.571,3.622,5.013,1.407,1.417,52.36,11.049,15.165,student.TEXT.FA.8,52.66028660994181,10.498898343036275,14.081325570980743,13.172668634160411,student,candidate
7.7475784371,0.890397251403,17.0047730378,12,22,424,1.833,1.115,19.273,12.502,1.597,0.923,4.601,2.691,0.354,63.68,-0.028,49.2,0.16,56.36,0.747,77.04,2.769,99.71,-2.564,0.52,-3.446,0.03,-0.483,31.56,0.524,0.667,0.571,0.539,0.691,0.588,0.129,0.141,0.125,0.129,0.409,0.238,0.383,0.182,0.456,0.247,0.445,0.179,0.687,0.467,84.8,91.078,143.868,33.019,73.113,35.377,44.811,30.66,54.245,117.925,28.302,21.226,40.094,11.792,0.8,1.333,0.042,0.263,0.786,4.955,0.658,0.662,0.858,0.841,0.068,0.067,379.717,233.491,40.094,106.132,14.151,11.792,18.868,16.509,245.283,136.792,75.471,51.887,80.189,0,9.434,47.17,0,9.434,2.03,2.888,0.497,368.405,580.302,359.904,398.56,417.671,3.494,6.448,1.224,1.722,52.167,10.771,10.954,student.TEXT.GF.1,45.21614731051346,12.032932762836186,15.906161369193155,14.48295866126578,student,implemented
6.47406536174,0.608334460204,18.9059129441,25,27,230,1.08,0.277,8.556,6.429,1.674,1.003,5.296,2.726,-1.141,12.71,1.146,87.29,1.495,93.19,-1.469,7.08,0.676,74.86,-0.994,16.11,-6.429,0,0.885,81.06,0.308,0.346,0.385,0.214,0.288,0.251,0.111,0.189,0.069,0.138,0.229,0.246,-0.031,0.104,0.283,0.232,0.349,0.192,0.73,0.589,70.25,93.172,126.087,21.739,39.13,26.087,21.739,30.435,95.652,104.348,26.087,26.087,39.13,8.696,0.429,1.333,0.011,0.119,0.962,1.185,1.138,0.733,1,1,0.103,0.103,460.87,134.783,26.087,95.652,4.348,4.348,17.391,0,378.262,60.87,139.131,34.783,60.87,0,0,52.174,0,4.348,2.026,2.68,1.174,345.308,580.25,385.026,430.08,463.414,4.309,6.183,1.63,2.227,56.568,7.486,12.065,student.TEXT.GF.10,30.891141304347855,16.092934782608697,18.97826086956522,16.373557378465907,student,candidate
5.18798367629,0.947568546232,12.4572667564,13,19,282,1.462,0.66,14.895,7.651,1.408,0.741,4.486,2.208,0.782,78.23,0.071,52.79,1.13,87.08,-0.178,43.25,0.478,68.08,-0.955,17.11,-6.142,0,0.025,50.8,0.222,0.556,0.222,0.089,0.378,0.141,0.127,0.136,0.07,0.098,0.253,0.241,0.203,0.118,0.338,0.252,0.351,0.146,0.821,0.558,71.24,92.392,102.837,17.73,63.83,46.099,7.092,7.092,78.014,56.738,46.099,21.277,35.461,10.638,0.571,0.5,0.056,0.348,0.833,2.263,0.547,0.664,0.889,0.88,0.063,0.045,326.241,304.965,28.369,85.106,0,10.638,35.461,17.73,202.127,141.844,81.56,56.737,120.567,0,0,88.652,0,21.277,2.279,2.956,0.836,312.786,584.038,394.938,431.827,438.163,4.671,6.513,1.333,1.476,72.654,6.813,16.068,student.TEXT.GF.11,54.70222222222225,13.358333333333334,15.873015873015872,12.45797560212912,student,candidate
4.52474852895,0.614039335199,13.9528923992,14,41,454,2.929,1.685,11.098,6.48,1.427,0.67,4.632,2.138,-0.385,35.2,1.167,87.7,1.372,91.47,0.519,69.5,0.718,76.11,-0.356,36.32,-2.361,0.91,0.258,59.87,0.475,0.65,0.55,0.251,0.428,0.332,0.199,0.183,0.108,0.145,0.379,0.251,0.373,0.22,0.343,0.287,0.395,0.152,0.567,0.457,57.564,100.522,99.119,19.824,39.648,13.216,22.026,22.026,39.648,83.7,8.811,48.458,52.863,24.229,0.087,0.75,0.082,0.551,0.9,2.22,0.992,0.678,0.877,0.837,0.102,0.093,343.612,235.683,19.824,83.7,0,6.608,11.013,13.216,286.344,132.159,143.171,37.445,61.674,0,0,46.256,0,8.811,2.199,2.723,1.221,294.468,578.773,408.679,441.831,449.297,5.649,6.961,1.541,2.06,74.872,5.567,20.454,student.TEXT.GF.12,69.35606437402303,7.223815546397613,9.470399317891149,9.698958519613791,student,candidate
6.46385539552,0.631263769356,15.8918802159,14,16,208,1.143,0.363,13.125,10.626,1.707,0.995,5.082,2.939,-0.465,32.28,0.909,81.59,-0.472,31.92,-0.636,26.43,3.291,99.95,-3.149,0.08,-2.969,0.15,0.125,54.78,0.533,0.6,0.533,0.238,0.286,0.4,0.136,0.181,0.059,0.105,0.416,0.277,0.396,0.387,0.445,0.281,0.411,0.177,0.825,0.605,80.865,106.719,144.231,48.077,72.115,24.038,33.654,33.654,52.885,120.192,24.038,24.038,48.077,9.615,0.833,2.333,0.03,0.119,0.833,1.563,0.915,0.785,0.947,0.921,0.062,0.057,360.577,235.577,24.038,100.962,19.231,9.615,24.038,14.423,274.038,120.192,105.77,33.654,62.5,0,0,57.692,0,0,1.891,2.798,0.6,377.4,569.788,351.75,389.865,422.222,3.668,6.913,1.314,2.177,49.228,9.623,7.865,student.TEXT.GF.13,37.3715655339806,14.44376213592233,17.87281553398058,15.742502247213078,student,candidate
5.15872842649,0.820673349283,14.1963431707,23,32,388,1.391,0.656,12.281,9.184,1.796,1.082,5.503,3.042,-1.336,9.18,1.6,94.41,-0.495,31.21,-1.114,13.35,2.473,99.32,-2.37,0.89,-4.028,0,0.368,64.06,0.323,0.484,0.516,0.147,0.283,0.249,0.115,0.141,0.051,0.104,0.324,0.246,0.183,0.133,0.4,0.248,0.4,0.15,0.669,0.506,88.425,131.277,123.711,41.237,77.32,36.082,20.619,33.505,56.701,87.629,36.082,30.928,41.237,10.309,0.308,2.4,0.064,0.198,0.855,2.969,1.058,0.629,0.923,0.917,0.079,0.12,355.67,198.454,12.887,121.134,15.464,10.309,12.887,18.041,317.01,97.939,154.639,25.773,48.969,2.577,0,30.928,0,12.887,1.886,2.701,0.747,357.696,563.125,372.646,401.25,406.053,3.495,7.319,1.494,2.333,42.587,10.332,7.703,student.TEXT.GF.14,36.73283673469387,13.005020408163263,16.00326530612245,14.554592549557764,student,candidate
7.03737338407,1.09525929374,18.2792108523,10,21,336,2.1,1.729,16.143,9.866,1.699,1.066,5.226,3.075,-0.678,25.14,0.655,74.22,-0.753,22.66,-1.138,12.92,0.379,64.43,-1.513,6.55,-3.083,0.1,-0.168,43.64,0.2,0.2,0.35,0.232,0.265,0.329,0.091,0.136,0.071,0.099,0.231,0.213,0.293,0.189,0.179,0.163,0.316,0.159,0.729,0.519,94.966,114.282,98.214,23.81,44.643,29.762,14.881,29.762,50.595,80.357,17.857,26.786,35.714,23.81,0.3,0.667,0.058,0.278,0.825,3.571,0.852,0.66,0.906,0.878,0.097,0.07,354.167,264.881,20.833,92.262,11.905,0,20.833,17.857,252.976,136.904,127.976,32.738,44.643,5.952,0,26.786,0,2.976,2.092,2.832,0.735,368.862,571.918,359.56,382.691,415.163,3.793,7.368,1.388,2.166,46.86,10.698,12.11,student.TEXT.GF.15,43.85738243537841,11.561504204297728,16.1098723139209,14.554592549557764,student,candidate
7.35185398891,0.710694128435,19.4702590951,27,31,293,1.148,0.362,9.484,7.492,1.553,0.907,4.925,2.739,-0.763,22.36,1.435,92.36,-0.382,35.2,-0.333,37.07,0.204,57.93,-2.185,1.46,-3.864,0,0.902,81.59,0.433,0.533,0.533,0.243,0.294,0.282,0.126,0.147,0.068,0.133,0.234,0.236,0.383,0.242,0.237,0.237,0.394,0.204,0.651,0.49,64.768,83.312,109.215,17.065,51.195,17.065,10.239,17.065,68.259,92.15,17.065,37.543,40.956,20.478,0.083,0.571,0.041,0.188,0.933,2.806,0.922,0.649,0.919,0.902,0.142,0.099,402.73,197.952,17.065,102.389,10.239,10.239,23.891,20.478,351.536,112.629,109.215,34.13,54.608,0,0,47.782,0,0,1.999,2.805,0.934,363.607,563.406,368.347,401.95,411.526,3.809,7.674,1.76,2.768,65.857,6.422,14.642,student.TEXT.GF.16,52.93318264840184,10.71227397260274,13.540091324200914,12.68835289967788,student,candidate
5.80147888954,0.835301883052,16.2100416565,14,32,251,2.286,1.204,7.938,4.977,1.645,0.898,5.127,2.558,-0.985,16.35,1.974,97.56,0.021,50.8,-1.412,7.93,0.308,61.79,-1.67,4.75,-2.666,0.39,0.798,78.52,0.129,0.194,0.194,0.136,0.181,0.166,0.042,0.083,0.058,0.137,0.243,0.236,0.229,0.211,0.447,0.325,0.403,0.219,0.652,0.508,83.868,103.465,87.649,27.888,35.857,11.952,3.984,11.952,51.793,75.697,11.952,63.745,75.697,15.936,0.176,1.2,0.051,0.283,0.919,1.313,0.85,0.742,0.954,0.935,0.127,0.128,414.343,223.108,11.952,75.697,11.952,3.984,7.968,19.92,326.693,107.569,111.554,27.888,71.713,0,0,31.873,0,23.904,1.993,2.761,0.977,347.235,571.427,389.237,417.402,442.052,3.93,7.019,1.608,2.3,59.706,6.88,9.195,student.TEXT.GF.17,53.51130909090912,8.618618181818182,12.545454545454549,11.741389052700956,student,candidate
5.18159782785,0.499929728925,15.0927888032,23,29,325,1.261,0.449,11.379,9.693,1.818,1.057,5.652,3.081,-1.576,5.82,1.102,86.43,0.176,56.75,-1.579,5.71,1.668,95.15,-2.858,0.22,-4.257,0,1.041,85.08,0.321,0.464,0.429,0.145,0.226,0.243,0.073,0.139,0.033,0.077,0.297,0.244,0.422,0.113,0.289,0.251,0.354,0.143,0.712,0.555,107.517,134.878,129.231,30.769,67.692,27.692,24.615,30.769,67.692,104.615,24.615,30.769,36.923,15.385,0.182,1.333,0.021,0.265,0.929,2.034,1.067,0.637,0.913,0.901,0.102,0.075,387.692,181.538,21.538,76.923,3.077,3.077,9.231,30.769,323.077,101.54,193.846,27.692,52.308,0,0,36.923,0,3.077,1.833,2.563,0.6,380,558.509,385.768,412.108,421.773,3.048,6.705,2.133,2.223,41.657,10.233,5.747,student.TEXT.GF.18,30.362317073170743,14.84470383275261,18.761672473867595,16.52667757954773,student,candidate
6.11025134245,0.571037870969,18.6089894319,11,33,413,3,1.673,12.697,8.89,1.746,0.988,5.366,2.78,-1.004,15.87,1.324,90.66,1.1,86.43,-0.488,31.56,0.905,81.59,-2.728,0.33,-3.969,0,-0.183,42.86,0.406,0.531,0.625,0.2,0.291,0.345,0.128,0.147,0.054,0.095,0.387,0.286,0.465,0.229,0.431,0.205,0.403,0.193,0.683,0.494,80.689,125.496,101.695,31.477,55.69,24.213,4.843,26.634,62.954,82.324,19.37,29.056,31.477,19.37,0.077,1.333,0.057,0.343,0.828,2.97,1.009,0.725,0.888,0.854,0.081,0.084,392.252,232.446,19.37,108.959,7.264,7.264,26.634,21.792,329.298,145.278,96.853,29.055,43.584,0,0,33.898,0,0,1.852,2.673,0.918,350.436,562.056,406.126,441.71,458.022,3.588,6.819,1.598,2.395,46.421,9.894,7.75,student.TEXT.GF.19,41.47217362792577,11.74982142857143,15.6000403551251,14.191785591663535,student,candidate
7.74678878383,0.839615461957,20.0747816748,5,14,223,2.8,1.483,16.071,5.567,1.691,1.069,5.229,2.942,-0.477,31.92,0.546,70.54,-0.111,45.62,0.155,55.96,1.458,92.65,-0.73,23.27,-1.856,3.22,-1.76,3.92,0.538,0.538,0.538,0.424,0.435,0.435,0.109,0.125,0.089,0.12,0.332,0.197,0.391,0.184,0.474,0.126,0.379,0.145,0.73,0.538,75.037,75.809,112.108,31.39,44.843,0,35.874,44.843,49.327,112.108,0,40.359,44.843,8.969,0.1,2.333,0.12,0.564,0.654,4,0.857,0.624,0.869,0.862,0.079,0.075,282.511,264.574,26.906,85.202,4.484,13.453,0,35.874,237.667,139.013,85.202,62.78,13.453,0,0,0,0,8.969,2.163,2.893,0.613,326.55,578.136,374.593,399.356,425.5,3.745,6.058,1.58,1.677,47.608,10.576,13.523,student.TEXT.GF.2,46.89050000000003,10.71163492063492,14.073015873015876,13.140968706690074,student,implemented
5.17025298736,0.620358586133,16.5449889904,19,29,322,1.526,0.905,11.31,7.112,1.811,1.101,5.612,3.109,-1.418,7.93,1.946,97.38,0.329,62.55,-1.411,7.93,0.695,75.49,-3.008,0.13,-4.06,0,0.127,54.78,0.214,0.25,0.286,0.204,0.243,0.281,0.086,0.159,0.06,0.126,0.294,0.223,0.277,0.252,0.379,0.242,0.406,0.181,0.651,0.546,105.097,134.134,105.59,27.95,46.584,18.634,12.422,31.056,65.217,90.062,15.528,43.478,49.689,27.95,0.133,0.8,0.042,0.223,0.857,2.172,1.169,0.669,0.954,0.937,0.096,0.1,363.354,198.758,31.056,86.957,6.211,9.317,15.528,18.634,363.354,111.8,118.013,52.795,9.317,0,0,3.106,0,3.106,1.891,2.567,0.75,357.868,561.75,401.847,431.259,424.679,3.646,6.497,1.558,2.453,42.355,10.11,7.331,student.TEXT.GF.20,31.548366972477083,14.274691131498477,17.40501529051988,15.557879425188943,student,candidate
4.7132376209,0.317421948838,15.8290933433,11,29,332,2.636,1.027,11.724,7.823,1.747,1.009,5.349,2.726,-1.064,14.46,1.712,95.64,1.178,87.9,-2.35,0.94,0.708,75.8,-2.534,0.57,-4.412,0,0.19,57.14,0.179,0.179,0.214,0.064,0.102,0.089,0.051,0.098,0.023,0.066,0.241,0.182,0.315,0.137,0.263,0.197,0.315,0.133,0.785,0.624,157.892,174.828,102.41,18.072,48.193,24.096,12.048,12.048,63.253,78.313,24.096,54.217,66.265,18.072,0.211,0.429,0.044,0.4,0.875,1.724,0.957,0.73,0.939,0.913,0.06,0.1,367.47,262.048,18.072,57.229,0,9.036,9.036,24.096,325.301,168.674,135.542,39.157,45.181,0,0,33.133,0,6.024,1.906,2.563,0.945,314.889,571.815,414.571,442.769,444.915,3.988,6.11,1.625,2.004,47.419,9.489,3.632,student.TEXT.GF.21,41.70969363707778,11.82183817753339,14.813825608798115,13.695445656200906,student,candidate
5.78857278032,0.531371374503,16.5739653552,33,35,329,1.061,0.242,9.486,7.578,1.571,0.918,4.809,2.664,-0.853,19.77,1.723,95.73,0.895,81.33,-1.206,11.51,-0.106,46.02,-1.214,11.31,-3.8,0,0.311,62.17,0.118,0.176,0.176,0.041,0.115,0.075,0.065,0.109,0.04,0.097,0.152,0.173,0.314,0.135,0.149,0.174,0.321,0.157,0.726,0.515,83.901,105.764,94.225,9.119,42.553,18.237,15.198,15.198,63.83,75.988,18.237,54.711,54.711,21.277,0,0.375,0.056,0.349,0.882,0.714,0.915,0.655,0.81,0.768,0.091,0.079,352.584,270.517,15.198,82.067,0,3.04,21.277,27.356,319.149,155.016,91.185,18.237,57.751,0,0,51.672,0,0,1.946,2.734,1.434,313.139,567.991,399.063,435.615,435.953,4.029,6.759,1.85,2.346,64.387,6.614,7.147,student.TEXT.GF.22,41.226536585365864,15.657487804878048,19.461463414634142,16.15616582465906,student,candidate
5.072712545,0.575108267163,16.1521767416,16,31,315,1.938,0.854,10.387,5.451,1.53,0.864,4.752,2.469,-0.897,18.67,1.518,93.45,1.004,84.13,-1.165,12.3,-0.068,47.61,-1.222,11.12,-3.305,0.05,-0.107,46.02,0.1,0.167,0.167,0.114,0.239,0.145,0.05,0.105,0.06,0.109,0.235,0.23,0.349,0.264,0.193,0.171,0.353,0.152,0.678,0.5,83.252,104.787,95.238,12.698,38.095,12.698,9.524,9.524,60.317,82.54,12.698,53.968,57.143,12.698,0.056,0.8,0.075,0.429,0.833,1.742,0.871,0.678,0.928,0.912,0.079,0.093,355.556,276.19,6.349,69.841,3.175,0,12.698,15.873,314.285,155.555,111.112,6.349,82.54,0,0,73.016,0,0,2.024,2.711,1.082,301.238,568.658,399.912,429.439,453.184,4.021,6.48,1.699,2.073,67.084,6.427,7.37,student.TEXT.GF.23,60.374084661902174,9.529257833974713,12.786586036283673,12.108454555606665,student,candidate
5.91950063834,0.394047466066,18.2499856123,10,26,328,2.6,1.265,12.692,9.768,1.826,1.099,5.409,2.891,-1.313,9.51,1.114,86.65,0.086,53.19,-1.45,7.35,1.734,95.82,-2.727,0.33,-3.253,0.06,0.776,77.94,0.32,0.44,0.4,0.156,0.229,0.205,0.071,0.085,0.043,0.08,0.335,0.213,0.441,0.179,0.364,0.239,0.388,0.175,0.766,0.564,94.817,127.777,131.098,39.634,54.878,12.195,21.341,12.195,64.024,112.805,12.195,33.537,57.927,21.341,0.667,0.75,0.06,0.285,0.9,3.885,1.198,0.745,0.925,0.906,0.095,0.089,341.463,189.024,12.195,118.902,0,3.049,24.39,21.341,323.171,115.853,155.488,33.537,51.829,0,0,42.683,0,3.049,1.835,2.586,1.129,370.708,562.161,385.939,419.464,430.029,3.074,6.954,1.456,2.204,39.551,10.877,5.256,student.TEXT.GF.24,31.14634247564058,13.679007578491518,17.118440996030312,15.287203543098563,student,candidate
6.47623600299,0.629538573104,16.9689697834,16,24,320,1.5,1.033,13.375,7.767,1.591,0.863,5.053,2.751,-0.77,22.06,1.149,87.29,1.454,92.65,0.666,74.54,0.778,77.94,-1.692,4.55,-4.587,0,-0.918,18.14,0.609,0.609,0.652,0.465,0.481,0.557,0.195,0.182,0.145,0.168,0.374,0.25,0.307,0.206,0.459,0.213,0.444,0.193,0.6,0.467,68.693,85.783,115.625,18.75,46.875,37.5,34.375,31.25,59.375,84.375,28.125,46.875,53.125,21.875,0.125,0.5,0.039,0.368,0.783,3.75,0.934,0.618,0.888,0.869,0.164,0.125,365.625,190.625,25,140.625,3.125,9.375,15.625,6.25,293.75,71.875,131.25,40.625,21.875,0,0,3.125,0,18.75,1.998,2.742,0.514,358.02,577.522,390.333,442.413,445.664,4.358,6.844,1.417,2.098,58.703,8.384,19.58,student.TEXT.GF.3,42.02895833333335,14.021874999999998,17.041666666666668,14.90622815163357,student,implemented
7.56600511939,0.986786582556,18.8613006605,13,21,332,1.615,0.768,16,7.403,1.569,0.912,4.898,2.772,-0.392,34.83,0.656,74.22,-0.121,45.22,0.425,66.28,1.056,85.31,-1.658,4.95,-2.845,0.23,0.295,61.41,0.55,0.65,0.65,0.323,0.51,0.426,0.195,0.16,0.116,0.131,0.313,0.236,0.25,0.28,0.347,0.199,0.363,0.131,0.687,0.461,60.302,81.028,111.446,12.048,69.277,21.084,33.133,27.108,54.217,87.349,18.072,24.096,27.108,36.145,0.111,0.231,0.072,0.295,0.9,4.81,1.058,0.636,0.892,0.857,0.131,0.093,364.458,207.831,24.096,99.398,24.096,3.012,12.048,6.024,271.084,111.445,105.422,30.12,81.325,0,0,72.289,0,3.012,2.063,2.937,0.713,375.139,565.969,369.125,399.115,415.603,3.677,7.704,1.67,2.345,58.05,9.09,18.996,student.TEXT.GF.4,56.19445488721806,9.814580200501254,13.145112781954888,12.488612386084178,student,implemented
5.32191020325,1.03619339286,12.8647717895,4,10,215,2.5,1.732,21.9,9.972,1.693,1.018,5.079,2.961,-0.782,21.77,-1.709,4.36,-0.357,36.32,0.381,64.8,1.254,89.44,-0.018,49.6,-2.497,0.64,-0.503,30.85,0.778,1,0.889,0.533,0.689,0.667,0.1,0.067,0.089,0.091,0.248,0.096,0.306,0.118,0.289,0.13,0.308,0.137,0.727,0.589,109.5,102.875,102.326,23.256,37.209,4.651,9.302,18.605,60.465,97.674,4.651,4.651,18.605,0,1.5,5,0.16,0.354,0.778,6.9,1.357,0.562,0.837,0.83,0.071,0.063,297.674,237.209,18.605,74.419,4.651,4.651,37.209,27.907,274.418,120.93,130.233,32.558,65.116,0,18.605,37.209,0,0,2.204,2.846,0.6,368.955,566.068,354.484,381.986,422.564,4.108,6.821,1.695,1.993,41.785,12.772,13.478,student.TEXT.GF.5,41.378802242609595,13.505290519877676,17.578797145769624,15.616094167265928,student,implemented
6.89016314136,1.11939958913,16.6604657892,8,20,298,2.5,1.069,14.95,7.776,1.597,0.887,4.748,2.796,-0.105,46.02,0.541,70.54,0.373,64.43,0.198,57.53,1.795,96.33,-0.453,32.64,-3.829,0,-0.685,24.83,0.526,0.789,0.632,0.338,0.462,0.462,0.133,0.103,0.072,0.102,0.385,0.265,0.358,0.274,0.47,0.209,0.394,0.15,0.69,0.532,89.249,99.95,127.517,30.201,53.691,30.201,33.557,26.846,57.047,93.96,26.846,23.49,40.268,16.779,0.625,0.833,0.109,0.443,0.789,2.5,0.823,0.639,0.899,0.869,0.112,0.108,342.282,255.034,33.557,83.893,10.067,10.067,13.423,26.846,275.167,127.516,90.604,53.692,50.336,0,0,13.423,10.067,10.067,2.414,3.005,1.042,332.727,588.168,361.53,402.779,444.9,4.228,6.1,1.315,1.82,56.605,9.066,22.379,student.TEXT.GF.6,48.546454104544665,10.319091072390876,13.813472247170829,12.936686537176744,student,candidate
5.49693095211,0.57244641733,15.8811700798,21,32,308,1.524,1.03,9.656,7.36,1.698,0.963,5.276,2.641,-1.002,15.87,1.592,94.41,0.23,59.1,-1.643,5.05,0.621,73.24,-2.728,0.33,-5.1,0,0.133,55.17,0.355,0.387,0.355,0.128,0.181,0.181,0.062,0.082,0.03,0.072,0.246,0.197,0.309,0.125,0.25,0.239,0.342,0.127,0.724,0.583,105.998,136.12,129.87,12.987,48.701,25.974,22.727,32.468,77.922,97.403,22.727,45.455,48.701,16.234,0.067,0.667,0.03,0.191,0.871,2.469,1,0.69,0.945,0.899,0.203,0.102,373.377,191.558,25.974,97.403,0,3.247,25.974,6.494,318.182,133.117,123.377,38.961,61.688,0,0,51.948,0,6.494,1.956,2.612,0.848,392.97,575.157,370.583,408.065,426.139,3.566,6.531,1.559,2.097,53.415,8.2,14.086,student.TEXT.GF.7,40.2148270787344,11.81823399558499,15.717733627667403,14.232682905230783,student,candidate
7.80108814494,0.943971967108,19.3905802765,12,19,209,1.583,0.9,11,8.737,1.555,0.819,4.885,2.468,-0.892,18.67,0.995,83.89,0.858,80.23,-1.209,11.31,0.42,65.91,-1.268,10.38,-3.927,0,0.06,51.99,0.278,0.333,0.278,0.163,0.2,0.185,0.093,0.142,0.041,0.089,0.26,0.247,0.3,0.21,0.243,0.251,0.346,0.169,0.752,0.603,71.289,97.526,114.833,4.785,43.062,33.493,47.847,28.708,57.416,86.124,28.708,43.062,43.062,14.354,0,0.25,0.029,0.152,0.889,2.474,1.089,0.703,0.922,0.887,0.083,0.087,368.421,196.172,9.569,100.478,9.569,0,14.354,9.569,296.651,76.555,105.263,14.354,57.416,0,0,33.493,0,9.569,2.088,2.869,0.973,336.697,577.918,370.462,418.528,446.333,3.623,6.352,1.258,1.918,64.117,7.049,11.285,student.TEXT.GF.8,54.50926757453075,9.650334928229665,12.937946264262052,12.367839424501923,student,candidate
5.34353709127,0.651652582231,16.1072721414,13,23,298,1.769,1.363,12.957,6.812,1.674,0.848,5.225,2.5,-0.894,18.67,1.159,87.49,1.012,84.38,0.117,54.38,1.13,86.86,-2.827,0.24,-6.456,0,-0.017,49.6,0.591,0.682,0.682,0.44,0.497,0.554,0.162,0.158,0.117,0.13,0.437,0.24,0.443,0.189,0.467,0.295,0.446,0.165,0.668,0.537,99.333,99.281,130.872,20.134,67.114,50.336,26.846,36.913,80.537,90.604,36.913,40.268,50.336,26.846,0.231,0.333,0.051,0.249,0.864,2.478,0.975,0.678,0.906,0.885,0.111,0.095,372.483,174.497,36.913,87.248,3.356,3.356,6.711,10.067,322.147,77.18,147.651,67.115,40.268,0,0,40.268,0,0,1.977,2.578,0.488,363.286,577.529,367.78,416.225,449.082,3.569,6.665,1.241,2.121,52.063,9.216,14.125,student.TEXT.GF.9,41.70237860244774,11.797477299644694,15.199684168969604,13.95054839169497,student,candidate
6.71786213175,0.867925635621,17.9210424026,20,30,336,1.5,0.688,11.3,6.143,1.741,1.104,5.298,3.184,-0.41,34.09,1.297,90.15,-1.165,12.3,-0.138,44.83,0.289,61.03,-2.363,0.91,-3.468,0.03,0.346,63.31,0.448,0.483,0.483,0.437,0.457,0.461,0.131,0.164,0.098,0.126,0.348,0.249,0.339,0.118,0.439,0.252,0.403,0.163,0.653,0.51,80.612,102.46,86.31,23.81,50.595,23.81,8.929,8.929,59.524,65.476,23.81,41.667,59.524,29.762,0.4,0.182,0.039,0.218,0.897,1.633,0.722,0.657,0.914,0.89,0.08,0.071,401.786,232.143,32.738,101.19,14.881,17.857,11.905,23.81,303.572,98.214,119.048,53.571,35.714,0,0,17.857,0,14.881,2.131,2.775,0.991,377.271,569.672,335.009,370.961,432.371,3.881,6.787,1.475,2.162,48.178,9.322,14.026,student.TEXT.ML.1,35.91650830815712,12.361176737160122,14.716676737160125,13.585142487480624,student,implemented
4.86683193903,0.545632481964,14.1651271993,37,47,375,1.27,0.56,8,7.478,1.96,1.083,5.963,3.081,-1.099,13.57,2.127,98.3,-0.915,18.14,-1.819,3.51,0.994,83.89,-2.619,0.45,-6.156,0,1.342,90.99,0.261,0.304,0.37,0.089,0.101,0.12,0.087,0.139,0.029,0.099,0.259,0.231,0.419,0.185,0.245,0.24,0.346,0.143,0.728,0.569,101.276,119.606,122.667,16,61.333,53.333,24,13.333,80,72,50.667,45.333,56,13.333,0.222,0.667,0.02,0.168,0.978,1.213,0.683,0.766,0.92,0.886,0.141,0.112,416,218.667,18.667,90.667,8,8,56,5.333,320,133.334,144,32,34.667,0,0,8,0,16,1.949,2.593,1.34,409.35,569.857,332.337,376.929,421.704,3.843,6.229,1.736,2.125,32.92,10.65,11.443,student.TEXT.ML.2,14.263669354838726,17.04577956989247,20.3752688172043,17.62361062040385,student,implemented
6.40887520577,0.339047706048,19.4156484195,22,27,253,1.227,0.685,9.519,7.949,1.992,1.199,6.134,3.498,-1.34,9.01,1.676,95.25,-0.2,42.07,-1.381,8.38,1.499,93.19,-3.401,0.03,-5.951,0,1.327,90.66,0.269,0.269,0.346,0.214,0.219,0.233,0.054,0.085,0.041,0.086,0.248,0.208,0.525,0.094,0.193,0.175,0.344,0.153,0.756,0.603,123.234,103.58,122.53,31.621,71.146,47.431,11.858,7.905,83.004,79.051,47.431,35.573,63.241,7.905,0.7,0.333,0.012,0.061,0.962,2.111,0.833,0.606,0.865,0.855,0.113,0.113,411.067,177.866,0,110.672,0,15.81,39.526,11.858,379.446,122.529,98.814,15.81,11.858,0,0,0,0,3.953,1.851,2.592,1.009,394.449,557.214,358.526,391.88,432.667,3.254,6.924,1.569,2.741,28.801,11.57,5.809,student.TEXT.ML.3,-3.0141999999999882,22.55217142857143,27.40571428571428,22.681624645170505,student,implemented
7.08528047724,0.570524110677,21.6873206092,15,32,384,2.133,0.99,12.094,8.07,1.922,1.16,5.818,3.351,-1.427,7.78,1.532,93.7,-0.56,28.77,-0.855,19.77,1.908,97.13,-2.771,0.28,-3.95,0,1.246,89.25,0.387,0.419,0.419,0.287,0.34,0.362,0.066,0.092,0.056,0.093,0.369,0.231,0.355,0.219,0.598,0.179,0.424,0.156,0.684,0.517,80.393,98.525,125,49.479,57.292,20.833,7.813,15.625,72.917,109.375,18.229,39.063,59.896,13.021,0.5,1.833,0.048,0.304,0.935,2.938,0.972,0.654,0.926,0.902,0.111,0.095,369.792,252.604,20.833,96.354,7.813,2.604,26.042,26.042,354.167,135.417,93.75,36.458,10.417,0,0,2.604,0,5.208,1.819,2.632,0.769,404.232,554.878,362.351,387.811,417.779,3.459,7.279,1.539,2.655,32.054,11.77,5.612,student.TEXT.ML.4,25.798734968735005,13.203318903318902,16.612794612794612,14.39478758073233,student,implemented
6.48904847998,0.581848988,18.7128573297,23,27,317,1.174,0.388,11.778,6.863,1.644,0.894,5.158,2.72,-0.196,42.47,1.333,90.82,-0.084,46.81,-0.711,23.89,0.713,76.11,-1.252,10.56,-3.836,0,0.644,73.89,0.346,0.423,0.346,0.112,0.326,0.149,0.085,0.107,0.058,0.098,0.249,0.2,0.201,0.132,0.278,0.2,0.329,0.108,0.751,0.535,77.4,94.099,110.41,25.237,44.164,22.082,15.773,6.309,66.246,91.483,22.082,66.246,85.174,18.927,0.273,0.571,0.034,0.277,0.923,2.481,0.974,0.667,0.863,0.846,0.104,0.102,331.23,287.066,25.237,66.246,6.309,0,63.091,25.237,242.902,167.192,107.256,47.319,107.256,0,0,82.019,0,9.464,2.206,2.88,1.441,349.256,566.805,350.64,388.414,437.238,4.496,7.069,1.755,2.03,55.835,8.388,14.773,student.TEXT.ML.5,43.86919532908706,12.34087898089172,15.124925690021232,13.867442237049442,student,implemented
5.34601813909,0.905371342452,12.0654178972,17,27,388,1.588,0.795,14.444,9.905,1.43,0.763,4.554,2.461,1.454,92.65,1.126,86.86,-0.79,21.48,-0.265,39.74,0.372,64.43,-1.01,15.62,-4.364,0,-0.784,21.77,0.077,0.385,0.077,0.06,0.395,0.112,0.08,0.104,0.081,0.103,0.214,0.182,0.184,0.108,0.241,0.164,0.337,0.127,0.694,0.446,84.915,82.879,97.938,15.464,61.856,41.237,7.732,10.309,61.856,61.856,33.505,48.969,51.546,20.619,0.05,0.667,0.058,0.391,0.75,1.148,0.379,0.652,0.914,0.877,0.086,0.09,288.66,389.175,30.928,85.052,0,10.309,38.66,54.124,131.443,211.341,74.742,54.124,128.866,0,2.577,38.66,0,56.701,2.495,3.088,1.525,306,586.174,329.808,369.742,427.772,4.347,6.316,1.836,1.311,71.271,6.888,19.815,student.TEXT.ML.6,61.09915216129971,10.02321583986075,12.688656803017118,11.645159339076184,student,implemented
6.65592925021,0.850720088554,18.1230090757,11,20,253,1.818,0.751,12.8,8.433,1.581,0.89,4.862,2.763,-0.549,29.46,1.153,87.49,-1.338,9.18,-0.352,36.32,0.489,68.44,-0.465,32.28,-3.573,0,-1.3,9.68,0.368,0.474,0.579,0.241,0.338,0.338,0.112,0.151,0.063,0.105,0.306,0.286,0.329,0.318,0.383,0.234,0.387,0.158,0.671,0.535,75.731,109.509,98.814,23.715,51.383,23.715,11.858,15.81,59.289,75.099,23.715,31.621,51.383,31.621,0.556,0.333,0.19,0.494,0.711,7.55,0.635,0.727,0.876,0.854,0.099,0.109,407.115,221.344,23.715,75.099,3.953,19.763,3.953,19.763,308.3,126.483,94.862,55.336,35.573,0,0,19.763,0,3.953,2.3,2.883,1.015,369.885,570.242,343.345,383.882,409.85,4.291,6.379,1.274,1.974,60.243,7.999,17.96,student.TEXT.ML.7,55.41253684210528,8.799178947368425,11.183157894736844,11.10113133989139,student,implemented
10.5416652373,0.834251187858,22.9511429912,10,12,229,1.2,0.422,19.083,9.529,1.459,0.835,4.406,2.645,-0.329,37.07,-0.366,35.94,0.948,82.64,1.028,84.61,-0.391,34.83,0.251,59.87,-1.58,5.71,-0.558,29.12,0.727,0.727,0.818,0.462,0.554,0.569,0.136,0.084,0.122,0.157,0.185,0.154,0.146,0.023,0.233,0.173,0.364,0.193,0.661,0.476,60.088,53.674,78.603,13.1,30.568,8.734,13.1,0,43.668,65.502,8.734,30.568,43.668,13.1,0.375,0.75,0.06,0.497,0.818,5.583,1.016,0.597,0.813,0.813,0.089,0.086,358.079,218.341,13.1,109.17,17.467,0,4.367,21.834,279.475,117.904,56.769,13.1,65.502,0,0,48.035,0,13.1,2.171,3.178,1.167,379.118,557.048,408.8,432.714,432.278,4.316,6.483,1.619,2.026,64.034,9.069,15.735,student.TEXT.TC.1,60.5035263157895,10.48445614035088,13.85684210526316,12.516099999999998,student,implemented
8.13567855147,1.19427558809,21.0268554834,20,28,406,1.4,0.754,14.643,7.304,1.52,0.913,4.522,2.569,-0.095,46.41,0.513,69.5,0.407,65.54,0.851,80.23,0.7,75.8,-0.573,28.43,-2.192,1.43,0.702,75.8,0.519,0.704,0.667,0.329,0.511,0.373,0.164,0.105,0.108,0.121,0.351,0.197,0.368,0.225,0.381,0.235,0.405,0.141,0.659,0.451,58.917,78.847,98.522,17.241,49.261,24.631,19.704,14.778,34.483,64.039,19.704,29.557,36.946,19.704,0.231,0.778,0.088,0.405,0.926,2.286,0.848,0.612,0.83,0.82,0.076,0.083,322.66,270.936,39.409,105.911,29.557,0,19.704,27.094,233.99,130.541,76.355,44.335,73.892,0,0,54.187,0,4.926,2.182,2.973,1.334,329.148,575.628,404,418.165,427.962,4.424,7.459,1.203,1.88,63.526,8.001,16.645,student.TEXT.TC.2,59.7045997286296,9.4711895070104,13.080235187697877,12.40481918309499,student,implemented
4.48768284545,0.558893724007,12.7438338978,9,18,218,2,1.323,12.111,5.121,1.339,0.563,4.651,2.101,0.919,81.86,0.857,80.23,1.87,96.86,1.908,97.13,-0.091,46.41,-1.424,7.78,-2.91,0.18,-0.378,35.57,0.353,0.824,0.588,0.184,0.76,0.392,0.253,0.171,0.216,0.16,0.375,0.173,0.426,0.141,0.401,0.215,0.397,0.159,0.683,0.491,59.704,54.241,96.33,18.349,27.523,13.761,18.349,0,50.459,82.569,13.761,77.982,96.33,32.11,0.222,0.375,0.048,0.769,0.794,2,0.936,0.66,0.837,0.79,0.139,0.115,261.468,288.991,45.872,64.22,0,4.587,32.11,32.11,174.312,197.247,91.743,73.394,142.202,0,0,137.615,0,0,2.093,2.742,1.367,289.269,571.455,440.849,458.649,428.379,4.258,6.915,1.799,1.53,81.263,4.933,23.186,student.TEXT.TC.3,79.72553966540745,5.3249379384781435,6.964274150026984,7.510576382923643,student,implemented
8.36639635069,0.67720189274,25.5679963236,23,32,337,1.391,0.656,10.531,6.075,1.46,0.969,4.599,2.319,-0.645,26.11,0.339,62.93,0.879,80.78,1.99,97.61,-1.493,6.81,-1.055,14.69,0.385,64.8,1.248,89.25,0.613,0.71,0.677,0.517,0.664,0.657,0.259,0.262,0.191,0.23,0.463,0.314,0.364,0.285,0.567,0.279,0.499,0.235,0.461,0.392,38.546,44.034,29.674,11.869,11.869,0,2.967,2.967,11.869,29.674,0,35.608,44.51,11.869,0.231,0.6,0.057,0.247,1,4.063,1.264,0.611,0.85,0.833,0.189,0.128,347.181,169.139,11.869,100.89,14.837,2.967,5.935,8.902,332.344,86.053,121.662,44.51,44.51,2.967,0,32.641,0,5.935,2.15,2.818,1.241,347.036,564.771,455.986,464.134,445.15,4.182,7.15,1.456,2.514,72.63,5.745,27.828,student.TEXT.TC.4,65.76231203007522,8.480056390977445,10.40701754385965,10.064110947511566,student,implemented
6.87233297413,1.12966579478,17.8791117346,23,40,406,1.739,0.864,10.225,6.057,1.446,0.734,4.463,2.287,-0.259,39.74,1.499,93.19,0.112,54.38,1.124,86.86,1.106,86.43,-1.624,5.26,-1.996,2.33,0.313,62.17,0.462,0.487,0.538,0.496,0.507,0.533,0.136,0.157,0.135,0.15,0.43,0.279,0.488,0.265,0.52,0.323,0.499,0.177,0.475,0.396,52.74,63.398,96.059,29.557,56.65,22.167,12.315,7.389,34.483,68.966,19.704,39.409,56.65,22.167,0.412,0.5,0.082,0.304,0.872,3.425,0.866,0.671,0.863,0.821,0.094,0.1,371.921,204.433,27.094,93.596,22.167,7.389,12.315,2.463,320.197,118.226,64.04,56.65,41.872,0,0,9.852,0,14.778,2.277,2.924,1.296,353.959,568.928,404.995,430.68,433.795,4.173,6.3,1.426,2.152,74.201,5.431,18.393,student.TEXT.TC.5,70.83882352941178,6.873857336037862,7.980527383367141,8.326086129247047,student,implemented
6.91206210619,1.10660224484,20.2431180841,21,25,384,1.19,0.402,15.48,8.617,1.909,1.452,5.268,3.321,-0.872,19.22,0.634,73.57,-0.836,20.33,1.351,91.15,0.24,59.48,-0.104,46.02,-0.002,50,0.32,62.17,0.792,0.792,0.875,0.549,0.585,0.764,0.246,0.158,0.168,0.129,0.301,0.21,0.511,0.076,0.272,0.174,0.353,0.145,0.526,0.432,60.059,70.006,67.708,15.625,33.854,5.208,28.646,23.438,18.229,65.104,2.604,44.271,46.875,13.021,0.056,0.833,0.098,0.55,0.917,4,0.935,0.627,0.835,0.786,0.109,0.103,328.125,236.979,33.854,98.958,41.667,5.208,15.625,18.229,270.834,122.397,140.626,57.292,18.229,0,0,10.417,0,0,2.156,2.907,1.61,356.242,564.674,377.042,400.031,422.96,4.361,8.085,1.727,2.502,29.743,12.927,22.378,student.TEXT.TC.6,27.835167464114846,14.41081339712919,17.040328092959673,15.283047636792528,student,implemented
8.49805793419,0.79514757721,21.2345532769,17,21,282,1.235,0.562,13.476,8.122,1.603,0.979,4.801,2.74,-0.184,42.86,1.399,91.77,0.584,71.9,0.726,76.42,0.554,70.88,-0.984,16.35,-1.939,2.62,0.262,60.26,0.5,0.65,0.6,0.303,0.406,0.432,0.15,0.154,0.098,0.125,0.35,0.279,0.303,0.385,0.379,0.25,0.41,0.168,0.683,0.491,53.05,70.192,88.652,17.73,49.645,21.277,17.73,24.823,35.461,63.83,14.184,56.738,56.738,39.007,0,0.417,0.056,0.531,0.9,2.476,0.734,0.632,0.829,0.759,0.126,0.095,375.887,283.688,24.823,117.021,17.73,10.638,10.638,31.915,273.049,138.297,53.191,39.007,53.191,0,0,49.645,0,0,2.122,2.968,1.413,355,567.307,412.537,425.682,434.692,4.526,7.597,1.63,2.381,57.591,8.563,17.646,student.TEXT.TC.7,49.57508598351003,11.031604240282686,13.200376914016491,12.45797560212912,student,candidate
8.299535589,0.721998615,23.69390018,16,19,302,1.188,0.75,16,9.183,1.699,1.152,4.977,2.945,-0.73,23.27,0.59,72.24,0.724,76.42,-0.61,27.09,2.168,98.46,-1.126,13.14,-1.851,3.22,1.267,89.62,0.333,0.5,0.444,0.222,0.385,0.311,0.112,0.129,0.061,0.093,0.178,0.158,0.22,0.138,0.178,0.149,0.315,0.107,0.777,0.52,68.593,79.112,115.894,43.046,62.914,9.934,16.556,13.245,46.358,109.272,6.623,33.113,62.914,23.179,0.818,0.625,0.056,0.318,0.972,4.158,1.152,0.572,0.931,0.887,0.116,0.086,354.305,261.589,19.868,79.47,19.868,0,26.49,26.49,274.835,135.762,96.026,19.868,69.536,0,0,59.603,0,6.623,1.891,2.867,1.557,366.081,566.447,409.582,430.588,437.032,3.832,7.492,1.515,2.219,46.966,10.657,9.917,student.TEXT.AE.1,33.59458278145698,16.076079470198682,19.894569536423845,17.00531248756302,student,candidate
7.654641748,0.680238429,19.43897839,19,23,256,1.211,0.535,11.174,9.912,1.719,1.127,5.184,2.788,-0.979,16.6,1.415,92.07,1.458,92.65,-0.621,26.76,1.717,95.64,-1.501,6.68,-8.257,0,0.962,83.15,0.455,0.455,0.455,0.183,0.183,0.183,0.122,0.148,0.046,0.107,0.247,0.203,0.455,0.291,0.216,0.159,0.322,0.145,0.695,0.56,75.372,83.688,136.719,15.625,93.75,70.313,23.438,15.625,93.75,74.219,62.5,31.25,39.063,3.906,0.222,1,0.038,0.264,0.932,2.783,0.914,0.638,0.832,0.832,0.155,0.099,375,160.156,27.344,117.188,3.906,7.813,62.5,3.906,316.407,109.376,93.75,46.875,15.625,0,0,7.813,0,0,1.984,2.799,1.236,352.184,570.885,404.446,437.425,439.439,3.667,6.951,1.857,2.293,50.111,9.035,14.894,student.TEXT.AE.10,33.33982706441853,15.703086900129705,17.95918720276697,15.47004243,student,implemented
6.510443756,0.777738037,18.01895825,28,31,420,1.107,0.315,13.581,6.612,1.702,1.075,5.117,2.873,-0.417,34.09,1.722,95.73,-1.14,12.71,-0.277,39.36,2.619,99.55,-1.701,4.46,-4.133,0,0.534,70.19,0.367,0.567,0.5,0.188,0.376,0.31,0.134,0.161,0.076,0.113,0.348,0.215,0.323,0.072,0.37,0.23,0.388,0.145,0.625,0.451,71.986,100.003,135.714,38.095,90.476,28.571,19.048,16.667,64.286,104.762,28.571,45.238,61.905,21.429,0.35,1,0.069,0.342,0.883,3.129,0.925,0.648,0.923,0.841,0.115,0.094,316.667,257.143,40.476,90.476,19.048,14.286,21.429,16.667,252.381,123.81,119.048,69.048,42.857,0,0,38.095,0,0,2.178,2.893,1.341,381.474,569.798,348.163,378.706,411.308,4.081,7.131,1.415,1.968,49.095,9.777,17.382,student.TEXT.AE.2,33.94735294117649,14.603529411764708,17.96131221719457,15.903189008614271,student,candidate
4.587060349,0.482034512,13.29469091,20,26,232,1.3,0.801,8.962,6.238,1.737,1.218,5.349,2.815,-1.269,10.38,2.094,98.17,0.866,80.51,-1.515,6.55,1.304,90.32,-2.723,0.33,-4.942,0,0.892,81.33,0.24,0.36,0.32,0.122,0.176,0.18,0.066,0.114,0.035,0.089,0.231,0.218,0.364,0.301,0.234,0.201,0.35,0.162,0.74,0.592,96.506,119.822,120.69,8.621,73.276,43.103,30.172,0,60.345,77.586,43.103,60.345,68.966,4.31,0.133,0,0.074,0.246,0.94,1.885,0.866,0.676,0.936,0.888,0.139,0.105,357.759,237.069,4.31,90.517,12.931,12.931,47.414,12.931,353.448,137.931,99.137,17.241,47.414,0,0,21.552,0,8.621,1.828,2.579,1.064,373.222,562.849,422.108,440.419,427.167,3.417,7.17,1.601,2.457,50.828,8.387,7.517,student.TEXT.AE.3,48.17101368,9.092469831053904,11.365728077232504,10.92785942931718,student,candidate
5.347575985,0.481553852,17.11158554,17,33,340,1.941,0.827,10.515,8.33,1.979,1.275,5.7,3.038,-2.055,2.02,2.187,98.54,-0.369,35.57,-1.834,3.36,2.419,99.2,-1.838,3.36,-4.971,0,0.513,69.5,0.219,0.375,0.406,0.109,0.185,0.233,0.046,0.096,0.033,0.081,0.325,0.225,0.435,0.238,0.294,0.146,0.405,0.143,0.686,0.542,96.1,132.165,144.118,44.118,67.647,23.529,26.471,0,79.412,123.529,23.529,50,88.235,11.765,0.722,0.6,0.111,0.492,0.859,3.273,1.081,0.758,0.956,0.895,0.098,0.112,408.824,188.235,23.529,97.059,5.882,5.882,14.706,2.941,370.589,100.001,170.588,35.294,0,0,0,0,0,0,1.886,2.552,1.301,375.232,563.025,395.436,409.479,404,3.526,6.984,2.086,2.522,28.954,11.78,5.246,student.TEXT.AE.4,31.090813505125567,11.671516975453777,15.504523652779085,13.12969619190518,student,implemented
6.850074078,0.431501432,24.83896847,14,29,301,2.071,0.917,10.379,8.2,1.764,1.117,5.286,2.663,-1.58,5.71,2.289,98.87,0.895,81.33,-0.62,26.76,-0.489,31.21,-2.558,0.54,-2.918,0.18,-0.518,30.5,0.321,0.429,0.464,0.217,0.328,0.366,0.096,0.125,0.081,0.143,0.25,0.189,0.3,0.195,0.374,0.225,0.412,0.151,0.655,0.512,67.531,94.634,69.767,13.289,36.545,16.611,3.322,3.322,53.156,56.478,13.289,59.801,69.767,39.867,0.158,0.077,0.062,0.318,0.821,2.621,1.259,0.702,0.926,0.887,0.133,0.13,352.159,205.98,16.611,63.123,13.289,0,9.967,19.934,385.382,139.535,116.279,16.611,29.9,0,0,29.9,0,0,1.796,2.565,1.223,379.736,563.512,424.856,446.86,445.753,3.586,7.409,1.955,2.801,47.066,9.273,8.022,student.TEXT.AE.5,45.815500000000014,9.974333333333334,13.533333333333331,12.45797560212912,student,implemented
8.607307647,0.504786163,23.43645074,9,25,322,2.778,1.202,12.88,9.311,1.643,1.026,5.127,2.749,-0.699,24.51,1.485,93.06,0.502,69.15,-0.562,28.77,1.502,93.32,-2.406,0.82,-4.614,0,0.692,75.49,0.333,0.458,0.5,0.241,0.328,0.349,0.075,0.119,0.058,0.103,0.265,0.21,0.28,0.192,0.52,0.155,0.384,0.147,0.642,0.481,65.105,84.091,127.329,34.161,62.112,21.739,21.739,3.106,74.534,105.59,21.739,52.795,83.851,15.528,0.556,0.333,0.059,0.252,0.896,2.36,0.826,0.694,0.891,0.872,0.103,0.093,381.988,195.652,37.267,108.696,3.106,12.422,18.634,12.422,329.193,105.591,77.64,62.112,43.478,0,0,27.95,0,9.317,1.886,2.76,0.837,383.157,561.757,407.718,433.07,423.274,3.276,7.139,1.772,2.35,54.764,8.821,7.076,student.TEXT.AE.6,54.523364978902976,8.925379746835446,12.10210970464135,11.698219412168324,student,candidate
5.028809382,0.563566049,14.85234472,10,25,304,2.5,1.269,12.2,8.588,1.895,1.153,5.625,2.885,-1.162,12.3,1.792,96.33,-0.154,44.04,-1.025,15.39,0.642,73.89,-2.714,0.34,-4.877,0,0.435,66.64,0.375,0.458,0.542,0.179,0.236,0.308,0.089,0.101,0.059,0.098,0.262,0.176,0.306,0.195,0.395,0.178,0.381,0.157,0.712,0.567,78.527,112.011,111.842,26.316,59.211,23.026,3.289,9.868,78.947,88.816,23.026,52.632,65.789,19.737,0.235,0.571,0.084,0.322,0.875,2.28,0.932,0.701,0.914,0.87,0.116,0.096,368.421,217.105,39.474,88.816,0,6.579,32.895,13.158,319.079,151.315,134.868,46.053,52.632,0,0,29.605,0,9.868,1.871,2.573,0.967,411.444,558.095,386.117,413.44,428.229,3.451,7.571,2.043,2.533,34.176,11.513,8.264,student.TEXT.AE.7,37.020663615560665,11.379256292906176,15.418535469107551,13.581749320917972,student,implemented
5.542932062,0.519200075,17.52260065,10,26,323,2.6,1.506,12.462,7.038,1.895,1.107,5.378,2.871,-0.991,16.11,1.567,94.06,-0.239,40.52,-1.044,14.92,1.174,87.9,-2.329,0.99,-5.124,0,-0.269,39.74,0.32,0.44,0.44,0.127,0.268,0.22,0.09,0.098,0.049,0.088,0.257,0.195,0.294,0.184,0.287,0.145,0.331,0.142,0.693,0.528,83.203,113.572,123.839,34.056,58.824,37.152,9.288,0,74.303,92.879,30.96,40.248,68.111,21.672,0.643,0.25,0.081,0.313,0.8,3.692,0.921,0.66,0.903,0.864,0.129,0.107,359.133,238.39,21.672,86.687,0,0,43.344,9.288,278.638,154.799,139.319,37.152,74.303,6.192,0,46.44,0,0,1.907,2.624,1.025,387.889,560.252,376.34,397.263,421.6,3.865,6.869,1.638,2.029,33.909,11.616,9.931,student.TEXT.AE.8,35.167247274195745,11.842993673441915,16.019868084533584,14.046536153873902,student,implemented
7.321839556,0.979991762,19.03813463,12,29,346,2.417,2.314,12.103,6.789,1.546,1.041,4.789,2.805,-0.496,31.21,1.392,91.77,0.475,68.08,0.314,62.17,0.728,76.42,-1.284,10.03,-2.107,1.79,0.224,58.71,0.571,0.571,0.571,0.328,0.391,0.391,0.136,0.15,0.076,0.109,0.341,0.225,0.306,0.21,0.451,0.206,0.42,0.15,0.653,0.479,71.966,87.417,83.815,28.902,49.133,11.561,0,2.89,46.243,72.254,11.561,46.243,66.474,23.121,0.412,0.556,0.051,0.308,0.893,2.655,0.879,0.661,0.855,0.849,0.097,0.117,346.821,260.116,14.451,83.815,23.121,2.89,5.78,20.231,312.139,141.618,78.035,26.012,54.913,0,0,23.121,0,14.451,2.194,2.949,1.375,368.24,569.493,394.075,423.225,451.534,4.518,6.754,1.576,2.251,63.933,7.306,16.745,student.TEXT.AE.9,63.03882621,8.279504865131177,11.578223919201871,11.38190600502167,student,candidate
6.322139547,0.718532456,20.33115727,42,43,346,1.024,0.154,8.14,6.308,1.994,1.301,5.746,3.328,-1.87,3.07,1.496,93.19,0.224,58.71,-0.911,18.14,0.608,72.57,-2.507,0.62,-4.577,0,1.188,88.1,0.333,0.333,0.405,0.251,0.251,0.336,0.129,0.173,0.104,0.145,0.274,0.174,0.477,0,0.27,0.174,0.369,0.129,0.69,0.557,82.506,90.08,95.376,31.792,54.913,31.792,0,23.121,69.364,66.474,28.902,34.682,46.243,14.451,0.308,1.167,0.024,0.087,0.964,2.326,1.191,0.632,0.895,0.895,0.16,0.115,364.162,176.301,23.121,109.827,14.451,0,14.451,8.671,341.04,101.156,190.751,31.792,2.89,0,0,0,0,2.89,1.851,2.504,1.014,385.027,566.496,363.132,411.129,473.747,3.183,7.076,1.474,2.313,29.975,11.078,12.622,student.TEXT.IC.1,25.089919254658412,13.540211180124224,16.829813664596273,14.678114977759863,student,candidate
6.420046603,0.923213232,17.27155386,26,33,375,1.269,0.452,11.545,8.5,1.632,0.964,4.957,2.796,-0.056,48.01,1.162,87.7,-0.555,29.12,-0.681,24.83,0.05,51.99,-0.157,44.04,-3.08,0.1,-0.493,31.21,0.25,0.344,0.281,0.164,0.262,0.189,0.081,0.123,0.055,0.104,0.215,0.214,0.224,0.143,0.25,0.243,0.297,0.194,0.595,0.451,84.067,94.848,93.333,16,40,18.667,13.333,8,58.667,80,13.333,24,29.333,21.333,0.2,0.556,0.074,0.319,0.813,1.727,0.63,0.695,0.843,0.809,0.226,0.12,370.667,304,32,90.667,10.667,5.333,32,24,261.333,152,74.667,37.333,85.333,0,0,58.667,0,10.667,2.348,2.997,1.764,340.7,577.259,344.475,386.793,443.818,4.114,6.556,1.68,2.015,57.233,8.1,25.182,student.TEXT.IC.10,47.69868421052635,11.522575587905935,15.14983203,13.936533991178674,student,candidate
7.969284452,0.628182843,22.22958528,12,21,276,1.75,0.965,13.143,4.725,1.467,0.769,4.58,2.3,0.1,53.59,1.253,89.44,0.674,74.86,1.539,93.7,1.831,96.64,-2.164,1.54,-3.071,0.11,-0.448,33,0.75,0.75,0.8,0.69,0.697,0.716,0.208,0.154,0.151,0.132,0.405,0.205,0.321,0.137,0.608,0.154,0.445,0.145,0.6,0.471,54.2,68.968,115.942,47.101,61.594,18.116,7.246,18.116,50.725,90.58,18.116,47.101,76.087,25.362,0.571,0.75,0.092,0.219,0.825,3.619,1.013,0.615,0.887,0.868,0.143,0.122,326.087,213.768,39.855,86.957,3.623,21.739,14.493,25.362,275.363,126.812,83.333,57.971,43.478,0,10.87,21.739,0,0,2.149,2.836,1.325,362.217,573.393,391.952,423.857,463.929,4.097,6.745,1.657,2.079,69.387,6.846,22.307,student.TEXT.IC.2,66.35032338308459,7.175202558635398,9.283866382373846,9.725611199111238,student,candidate
8.466634813,0.566964821,24.41363218,25,32,362,1.28,0.614,11.469,8.343,1.895,1.177,5.773,3.358,-1.737,4.18,0.95,82.64,0.646,73.89,-0.516,30.5,0.126,54.78,-2.207,1.39,-3.607,0,0.477,68.08,0.452,0.516,0.548,0.306,0.332,0.366,0.152,0.177,0.081,0.128,0.376,0.194,0.404,0.141,0.367,0.201,0.397,0.136,0.724,0.559,78.467,85.252,102.21,19.337,30.387,16.575,19.337,8.287,66.298,85.635,16.575,33.149,35.912,5.525,0.077,2,0.038,0.14,0.903,2.094,1.354,0.63,0.9,0.887,0.206,0.1,389.503,171.271,8.287,93.923,8.287,0,22.099,24.862,389.503,104.973,127.071,22.099,24.862,0,0,22.099,0,2.762,1.858,2.616,1.075,389.652,562.537,378.924,420.131,453.769,3.208,7.092,1.692,2.73,35.035,11.183,16.802,student.TEXT.IC.3,17.65776680290648,18.39417575,22.36957311534968,19.032712561301913,student,implemented
9.027812996,1.164548428,22.29210777,7,17,285,2.429,1.902,16.765,10.883,1.611,0.967,5.039,2.815,-0.595,27.76,0.48,68.44,-0.945,17.36,0.728,76.42,2.958,99.84,-1.289,9.85,-2.824,0.24,0.072,52.79,0.563,0.625,0.625,0.539,0.6,0.609,0.203,0.206,0.145,0.13,0.375,0.236,0.306,0.175,0.559,0.301,0.42,0.198,0.593,0.488,52.25,71.106,133.333,77.193,59.649,31.579,10.526,7.018,49.123,112.281,21.053,31.579,91.228,17.544,1.7,0.833,0.063,0.213,0.813,3.824,1.143,0.643,0.877,0.844,0.1,0.078,336.842,178.947,17.544,112.281,21.053,17.544,10.526,10.526,280.702,115.789,164.913,28.07,31.579,0,3.509,14.035,0,3.509,2.099,2.91,1.42,414.744,562.739,352.989,377.446,425.175,3.447,5.943,1.421,1.755,53.528,9.958,18.32,student.TEXT.IC.4,50.896919014084546,10.569823943661971,13.156338028169015,12.494345625449444,student,implemented
8.518263489,0.6346193,19.25214827,17,19,348,1.118,0.332,18.316,11.547,1.675,1.019,4.991,2.825,-0.895,18.67,1.259,89.44,1.367,91.31,-0.523,30.15,0.299,61.41,-1.312,9.51,-10.708,0,0.847,79.95,0.5,0.611,0.611,0.289,0.363,0.333,0.124,0.148,0.07,0.136,0.265,0.202,0.189,0.173,0.313,0.189,0.38,0.162,0.647,0.46,55.823,69.896,146.552,5.747,86.207,80.46,8.621,5.747,129.31,68.966,74.713,17.241,17.241,11.494,0,0.4,0.042,0.285,0.944,2.579,0.882,0.767,0.957,0.905,0.064,0.041,477.011,120.69,20.115,106.322,5.747,2.874,11.494,14.368,376.436,80.459,80.46,20.115,28.736,0,0,28.736,0,0,1.938,2.863,2.79,416.912,555.57,404.788,424.736,439.324,3.097,6.079,1.676,2.328,46.539,11.318,8.406,student.TEXT.IC.5,19.25146551724137,21.380747126436777,24.871264367816096,19.412932280823824,student,implemented
8.387911865,1.187278866,19.24425085,6,15,351,2.5,1.378,23.733,13.588,1.647,1.101,4.823,3.007,-0.227,41.29,-0.487,31.56,-0.366,35.94,-0.732,23.27,1.432,92.36,0.562,71.23,-2.544,0.55,0.018,50.4,0.429,0.429,0.429,0.274,0.337,0.347,0.076,0.08,0.069,0.095,0.158,0.136,0.168,0.172,0.239,0.163,0.267,0.153,0.681,0.497,78.568,95.254,99.715,31.339,48.433,17.094,14.245,11.396,51.282,82.621,17.094,8.547,22.792,5.698,1.25,2.333,0.102,0.427,0.821,1.267,0.866,0.657,0.916,0.894,0.064,0.056,339.031,250.712,28.49,113.96,14.245,5.698,19.943,28.49,262.108,125.356,82.621,42.735,59.829,0,0,45.584,0,8.547,2.235,3.021,1.105,318.533,578.563,365.262,388.989,426.783,3.979,6.351,1.561,1.877,43.748,12.971,12.486,student.TEXT.IC.6,43.31489830508477,13.08066666666667,16.332655367231638,14.649411540926312,student,implemented
5.499281122,0.648641712,14.24409583,30,35,230,1.167,0.461,6.6,5.611,1.439,0.656,4.857,2.264,-0.701,24.2,2.204,98.61,0.834,79.67,-1.912,2.81,1.526,93.57,-1.831,3.36,-4.539,0,0.751,77.34,0.059,0.147,0.088,0.034,0.122,0.061,0.021,0.059,0.029,0.089,0.113,0.174,0.319,0.203,0.104,0.191,0.314,0.147,0.8,0.619,127.316,118.779,113.043,17.391,69.565,34.783,21.739,39.13,60.87,73.913,34.783,65.217,65.217,17.391,0,0.8,0.026,0.194,0.941,1.629,0.701,0.614,0.92,0.888,0.198,0.146,408.696,195.652,26.087,91.304,0,8.696,17.391,4.348,334.782,113.042,86.957,39.131,60.87,0,0,56.522,0,0,2.106,2.745,1.01,325.316,577.098,383.909,416.683,441.231,4.529,7.146,1.349,2.457,78.426,3.953,14.968,student.TEXT.IC.7,43.22771106,16.711593886462882,18.760116448326055,13.5591,student,candidate
6.225800813,0.553483955,17.84270574,27,41,403,1.519,0.7,9.878,8.171,1.891,1.096,5.734,3.106,-1.458,7.35,1.443,92.51,-0.374,35.57,-1.81,3.51,1.34,90.99,-2.333,0.99,-3.059,0.11,1.003,84.13,0.275,0.3,0.375,0.208,0.223,0.248,0.064,0.11,0.04,0.084,0.268,0.181,0.36,0.153,0.312,0.198,0.336,0.138,0.669,0.531,122.992,129.523,114.144,37.221,39.702,14.888,17.37,9.926,57.072,99.256,12.407,39.702,57.072,9.926,0.412,1.8,0.036,0.212,0.938,2.073,0.956,0.695,0.951,0.913,0.184,0.108,372.208,200.993,32.258,106.7,9.926,4.963,14.888,19.851,342.432,109.181,136.476,42.184,14.888,0,0,9.926,0,4.963,1.887,2.623,1.195,370.318,564,370.627,404.873,430.852,3.357,6.226,1.691,2.176,36.88,10.557,11.484,student.TEXT.IC.8,30.867916984006115,12.814059405940592,15.91835491241432,14.220115178616776,student,implemented
5.534275831,0.934971563,13.94120084,32,35,360,1.094,0.296,10.343,7.042,1.522,0.834,4.903,2.663,-0.02,49.2,0.853,80.23,-1.09,13.79,-0.474,31.92,1.101,86.43,-1.33,9.18,-2.285,1.13,0.792,78.52,0.265,0.471,0.471,0.186,0.363,0.237,0.096,0.118,0.078,0.114,0.306,0.214,0.434,0.147,0.305,0.228,0.369,0.136,0.667,0.483,85.214,88.092,116.667,25,50,13.889,30.556,2.778,47.222,100,13.889,36.111,58.333,13.889,0.571,0.333,0.109,0.198,0.912,1.857,0.66,0.735,0.884,0.884,0.142,0.105,325,261.111,41.667,88.889,2.778,2.778,22.222,16.667,213.889,116.667,133.333,61.111,86.111,0,0,80.556,0,0,2.216,2.886,1.283,347.6,572.727,350.484,386.288,424.252,3.724,6.055,1.34,1.461,67.634,6.381,17.902,student.TEXT.IC.9,57.52000000000004,10.205000000000002,12.88888888888889,12.060818386365153,student,candidate
7.016004493,0.602474233,18.86472989,16,23,349,1.438,0.629,15.217,7.994,1.688,0.966,5.252,2.868,-0.069,47.61,0.588,71.9,0.743,77.04,-0.068,47.61,0.84,79.95,-1.566,5.94,-5.411,0,-0.559,29.12,0.545,0.773,0.727,0.331,0.469,0.463,0.11,0.098,0.065,0.091,0.298,0.162,0.227,0.148,0.407,0.181,0.371,0.133,0.729,0.52,82.982,99.676,106.017,14.327,68.768,54.441,22.923,8.596,65.903,51.576,54.441,31.519,37.249,17.192,0.167,0.429,0.074,0.298,0.818,2.217,0.644,0.656,0.888,0.806,0.089,0.08,378.223,234.957,20.057,100.287,2.865,8.596,25.788,5.731,272.207,126.075,88.825,42.979,51.576,0,0,0,0,45.845,2.13,2.855,0.794,349.639,583.088,376.813,396.31,443.067,4.038,6.792,1.569,1.967,48.629,10.246,13.475,student.TEXT.JF.1,38.73664087,12.854127966976268,15.766357069143448,14.385316635316524,student,candidate
7.031886009,0.763783753,18.69752076,16,26,321,1.625,0.806,12.346,4.317,1.558,0.954,4.913,2.86,-0.237,40.9,1.543,93.82,-0.252,40.13,-0.059,47.61,0.745,77.04,-1.071,14.23,-2.445,0.73,-1.482,6.94,0.36,0.6,0.48,0.249,0.405,0.312,0.09,0.104,0.081,0.118,0.311,0.167,0.293,0.138,0.373,0.145,0.386,0.108,0.7,0.492,72.752,88.223,93.458,28.037,46.729,18.692,18.692,28.037,49.844,87.227,9.346,43.614,49.844,46.729,0.133,0.563,0.081,0.423,0.72,2.038,0.714,0.642,0.893,0.893,0.12,0.133,364.486,283.489,28.037,105.919,15.576,3.115,6.231,31.153,236.759,124.611,93.458,37.383,77.882,3.115,0,65.421,0,9.346,2.208,2.941,1.03,362.732,578.08,351.248,387.161,442.095,4.373,6.792,1.615,1.913,62.497,7.609,16.055,student.TEXT.JF.10,59.04856968711909,8.490426655830962,11.813138290667752,11.55208486,student,candidate
6.857705737,1.097061795,14.82208595,9,18,357,2,0.866,19.944,8.2,1.56,0.918,4.63,2.754,0.734,76.73,-0.099,46.02,-0.997,16.11,0.897,81.33,0.322,62.55,0.242,59.48,-4.418,0,-0.114,45.62,0.235,0.706,0.294,0.184,0.608,0.24,0.188,0.145,0.144,0.127,0.272,0.143,0.284,0.133,0.353,0.161,0.354,0.117,0.691,0.451,62.794,66.024,106.443,19.608,53.221,33.613,14.006,5.602,70.028,72.829,33.613,28.011,42.017,11.204,0.455,1,0.122,0.459,0.824,3.278,0.742,0.64,0.83,0.806,0.082,0.077,350.14,271.709,28.011,112.045,0,11.204,30.812,25.21,204.482,142.856,72.829,47.619,117.647,0,0,78.431,0,2.801,2.398,3.139,1.419,378.559,579.42,329.895,365.924,417.561,4.419,7.248,1.322,1.696,54.729,10.553,23.068,student.TEXT.JF.11,50.53403098739497,11.753891806722692,15.647689075630252,14.191785591663535,student,candidate
6.195796184,0.728495935,15.23202854,26,37,397,1.423,0.758,10.73,6.054,1.501,0.903,4.695,2.703,0.415,65.91,1.157,87.49,-0.21,41.68,-0.185,42.86,0.045,51.6,-0.381,35.2,-2.735,0.32,0.146,55.57,0.25,0.444,0.25,0.076,0.292,0.121,0.153,0.214,0.079,0.132,0.234,0.219,0.172,0.12,0.292,0.228,0.355,0.127,0.714,0.461,60.477,88,73.048,17.632,47.859,25.189,0,20.151,45.34,47.859,25.189,57.935,65.491,12.594,0.125,1,0.054,0.384,0.875,1.405,0.676,0.689,0.88,0.862,0.121,0.09,322.418,294.71,30.227,110.831,7.557,5.038,50.378,42.821,219.144,166.248,68.01,40.303,88.161,0,2.519,62.972,0,17.632,2.323,2.985,1.389,316.526,588.317,354.435,392.8,448.443,4.498,6.85,1.815,1.821,68.959,6.307,21.964,student.TEXT.JF.12,57.488,10.15977777777778,13.071515151515152,12.251624239485473,student,implemented
5.585753154,0.734283371,16.71925432,19,25,279,1.316,0.749,11.24,10.034,1.961,1.194,5.932,3.58,-0.866,19.49,1.553,93.94,-1.479,6.94,0.279,60.64,-0.165,43.64,-3.144,0.08,-5.455,0,0.184,57.14,0.583,0.625,0.583,0.544,0.595,0.554,0.167,0.185,0.143,0.169,0.514,0.261,0.268,0.181,0.628,0.177,0.505,0.201,0.589,0.509,80.887,81.198,114.695,10.753,46.595,39.427,25.09,10.753,75.269,82.437,32.258,35.842,39.427,14.337,0.091,0.4,0.04,0.195,0.854,1.4,0.866,0.711,0.922,0.922,0.049,0.161,387.097,168.459,43.011,96.774,10.753,17.921,3.584,3.584,283.154,71.684,182.795,71.684,50.179,0,0,35.842,0,3.584,1.834,2.577,0.666,386,571.122,320.108,369.037,407.8,3.288,7.435,1.114,2.043,29.607,11.902,7.42,student.TEXT.JF.13,13.733167583580212,15.406352094794755,18.483622513753705,15.752011032768014,student,candidate
8.923220707,1.153281405,20.85562749,21,34,369,1.619,0.805,10.941,4.917,1.678,1.043,5.16,3.112,-0.067,47.61,0.782,78.23,-0.779,21.77,-0.062,47.61,0.215,58.32,-1.164,12.3,-2.152,1.58,-0.098,46.41,0.242,0.576,0.303,0.175,0.33,0.242,0.142,0.146,0.078,0.121,0.269,0.195,0.273,0.194,0.341,0.236,0.372,0.144,0.688,0.457,61.25,73.014,92.141,32.52,35.23,13.55,5.42,18.97,48.78,81.301,8.13,27.1,32.52,18.97,0.182,1.25,0.058,0.238,0.833,2.206,0.667,0.642,0.889,0.867,0.132,0.085,384.824,254.743,13.55,89.431,16.26,5.42,16.26,21.68,252.032,121.951,78.591,29.81,92.141,0,0,65.041,0,18.97,2.107,2.974,1.183,371.371,583.02,350.345,385.316,435.286,3.701,7.371,1.309,1.917,53.86,8.443,17.267,student.TEXT.JF.14,44.94495037220847,10.544838709677418,14.002646815550044,12.960234197811795,student,candidate
5.291632129,1.025142002,12.53173659,18,22,363,1.222,0.548,16.545,10.201,1.667,1.049,5.124,3.155,-0.11,45.62,0.979,83.4,-0.598,27.76,1.37,91.47,2.244,98.75,-0.895,18.67,-4.345,0,0.607,72.57,0.571,0.667,0.619,0.382,0.606,0.461,0.199,0.208,0.144,0.155,0.42,0.263,0.447,0.123,0.413,0.292,0.447,0.155,0.552,0.379,52,58.428,132.231,27.548,99.174,33.058,13.774,30.303,68.871,101.928,30.303,27.548,30.303,16.529,0.091,1.429,0.082,0.403,0.905,4.455,0.764,0.61,0.858,0.858,0.07,0.075,388.43,231.405,16.529,96.419,22.039,11.019,22.039,13.774,275.482,96.419,90.909,33.058,85.399,0,0,82.645,0,2.755,2.272,3.03,1.323,376.593,572.901,342.026,380.744,423.26,4.715,7.427,1.414,2.24,49.059,10.516,20.109,student.TEXT.JF.15,38.49939226519339,14.313070244672456,18.29865824782952,16.084390811093357,student,candidate
5.39860394,0.793556076,11.64273664,14,25,302,1.786,0.893,12.24,6.839,1.318,0.666,4.252,2.252,1.576,94.18,1.196,88.3,0.022,50.8,-0.629,26.43,2.175,98.5,-1.466,7.21,-2.4,0.82,0.152,55.96,0.083,0.458,0.083,0.046,0.344,0.072,0.091,0.114,0.07,0.102,0.128,0.132,0.097,0.061,0.19,0.152,0.271,0.118,0.803,0.52,90.689,95.253,109.272,39.735,72.848,23.179,9.934,29.801,46.358,89.404,23.179,52.98,66.225,33.113,0.235,1.091,0.027,0.331,0.854,2.6,0.439,0.682,0.909,0.89,0.091,0.096,327.815,334.437,16.556,86.093,0,13.245,46.358,46.358,162.252,221.855,76.159,29.801,142.384,0,0,33.113,0,86.093,2.409,3.027,1.657,309.939,578.685,350.817,396.546,433.819,4.786,7.039,1.781,1.5,83.071,4.674,18.799,student.TEXT.JF.16,78.06943032015067,6.441666666666666,8.996233522,8.841846274778883,student,candidate
4.959408598,0.706408014,15.32235368,10,24,254,2.4,0.843,10.625,6.94,1.587,0.919,5.087,2.69,-0.792,21.48,2.204,98.61,0.063,52.39,-1.058,14.69,1.317,90.49,-0.853,19.77,-4.177,0,-1.382,8.38,0.304,0.304,0.435,0.119,0.178,0.178,0.101,0.128,0.048,0.088,0.233,0.196,0.288,0.176,0.219,0.156,0.304,0.137,0.673,0.549,94.78,103.143,129.921,43.307,31.496,15.748,11.811,7.874,70.866,114.173,15.748,66.929,94.488,11.811,0.389,1.5,0.085,0.466,0.696,2.917,0.925,0.729,0.896,0.842,0.133,0.158,326.772,267.717,19.685,86.614,0,3.937,27.559,19.685,311.023,169.291,90.551,39.37,62.992,0,0,47.244,0,3.937,2.23,2.79,1.351,362.729,571.653,360.575,403.331,432.687,4.467,6.825,1.509,2.252,61.833,7.264,17.908,student.TEXT.JF.17,59.24435064935065,7.841558441558444,10.772294372294374,10.735267742514802,student,candidate
6.834117765,1.013161611,16.93994442,7,16,209,2.286,1.113,13.063,6.444,1.694,1.048,5.177,2.978,-0.681,24.83,1.118,86.65,-0.961,16.85,-0.222,41.29,-0.261,39.74,-1.423,7.78,-2.278,1.16,-1.352,8.85,0.6,0.733,0.6,0.295,0.362,0.305,0.115,0.08,0.065,0.092,0.397,0.2,0.358,0.197,0.505,0.169,0.38,0.145,0.76,0.593,72.733,101.652,66.986,19.139,47.847,23.923,4.785,23.923,43.062,47.847,19.139,52.632,62.201,33.493,0.167,0.25,0.084,0.431,0.733,3.375,0.86,0.65,0.929,0.873,0.127,0.122,382.775,234.45,9.569,95.694,9.569,14.354,19.139,14.354,277.512,105.263,114.833,43.063,47.847,0,0,28.708,0,4.785,2.135,2.879,0.716,384.381,575.643,339.839,376.771,434.367,3.808,7.048,1.289,1.995,50.264,9.494,16.176,student.TEXT.JF.18,44.61579694976078,10.281408492822967,12.689114832535886,12.048122262838008,student,candidate
5.436833278,0.983979649,12.61885526,13,20,264,1.538,0.877,13.35,6.746,1.58,0.98,4.879,2.968,0.979,83.4,0.617,72.91,-1.624,5.26,-0.644,26.11,1.101,86.43,-2.503,0.62,-4.716,0,0.196,57.53,0.158,0.474,0.211,0.207,0.352,0.221,0.109,0.105,0.078,0.107,0.281,0.266,0.245,0.234,0.334,0.287,0.365,0.181,0.726,0.581,110.218,123.569,117.424,34.091,53.03,37.879,11.364,7.576,68.182,83.333,34.091,22.727,41.667,22.727,0.714,0.714,0.022,0.234,0.842,3.85,0.544,0.653,0.936,0.923,0.119,0.092,340.909,238.636,49.242,71.97,0,22.727,11.364,11.364,231.061,155.303,64.394,98.485,102.273,7.576,7.576,41.667,0,11.364,2.327,2.922,0.566,352.476,584.528,306.41,346.674,415.311,3.801,6.402,1.416,1.599,59.769,8.202,19.638,student.TEXT.JF.19,51.71093452134275,9.367778698715297,12.906423539162867,12.209160746376906,student,candidate
6.675162596,0.982949683,17.3977032,15,25,378,1.667,0.488,15.12,9.052,1.839,1.118,5.434,3.232,-0.748,22.96,1.331,90.82,-0.647,26.11,-0.76,22.36,0.772,77.94,-1.694,4.55,-6.357,0,0.285,61.03,0.375,0.417,0.375,0.169,0.246,0.185,0.111,0.176,0.048,0.098,0.329,0.193,0.295,0.11,0.403,0.166,0.354,0.116,0.708,0.495,77.353,90.101,124.339,23.81,60.847,47.619,15.873,7.937,84.656,74.074,47.619,34.392,34.392,15.873,0,1.286,0.082,0.241,0.854,2.76,0.636,0.644,0.903,0.886,0.084,0.069,410.053,227.513,15.873,134.921,23.81,13.228,21.164,2.646,283.069,113.757,105.82,34.393,44.974,0,0,0,0,39.683,2.052,2.86,0.966,371.593,568.983,350.759,383.904,411.293,3.727,6.47,1.341,1.907,35.909,12.007,11.48,student.TEXT.JF.2,28.99331504702195,13.472492163009406,16.297516276826624,14.619326736428896,student,implemented
4.147021981,1.051560682,8.4806678,16,19,241,1.188,0.403,12.895,10.115,1.394,0.74,4.444,2.447,1.77,96.16,1.422,92.22,-1.218,11.31,-0.19,42.47,0.488,68.44,-0.789,21.48,-4.249,0,0.513,69.5,0.056,0.389,0.111,0.067,0.259,0.119,0.096,0.116,0.072,0.13,0.192,0.207,0.213,0.179,0.206,0.173,0.377,0.227,0.707,0.49,68.468,74.013,95.436,12.448,70.539,45.643,8.299,4.149,53.942,58.091,41.494,49.793,49.793,24.896,0,0.429,0.084,0.282,0.889,1.316,0.203,0.708,0.889,0.842,0.125,0.098,319.502,365.145,12.448,74.689,0,29.046,29.046,41.494,145.229,203.32,62.24,58.091,124.481,0,0,41.494,0,58.091,2.624,3.115,1.899,311.233,596.316,329.219,376.75,432.983,4.312,5.973,1.889,1.378,76.028,5.806,25.912,student.TEXT.JF.20,58.29222222222225,11.615460992907805,14.35933806146572,12.261556223090626,student,candidate
7.735356473,0.930923475,18.48521701,14,19,321,1.357,0.633,16.842,10.013,1.573,0.93,4.657,2.703,0.098,53.59,0.799,78.52,0.352,63.68,0.703,75.8,1.129,86.86,-1.716,4.36,-2.698,0.36,-0.032,48.8,0.722,0.722,0.722,0.4,0.43,0.452,0.204,0.17,0.087,0.117,0.358,0.21,0.193,0.106,0.455,0.162,0.374,0.147,0.595,0.431,57.12,67.499,96.573,34.268,56.075,24.922,9.346,24.922,43.614,74.766,21.807,40.498,49.844,24.922,0.214,1.222,0.056,0.265,0.861,5.211,0.951,0.696,0.897,0.887,0.087,0.081,299.065,299.065,43.614,87.227,28.037,9.346,3.115,37.383,239.876,124.61,52.959,65.421,65.421,0,0,18.692,0,43.614,2.164,2.951,1.194,367.769,569.743,388.895,420.046,447.713,3.792,7.039,1.457,1.913,56.611,9.56,19.013,student.TEXT.JF.21,49.08719745222933,11.984531392174706,14.958689717925388,13.596283718651351,student,implemented
6.149396434,1.079233868,13.45284489,9,11,207,1.222,0.441,18.818,12.139,1.459,0.786,4.517,2.453,0.783,78.23,-0.301,38.21,0.476,68.08,0.978,83.4,1.65,94.95,-0.669,25.46,-4.537,0,0.88,80.78,0.3,0.9,0.4,0.182,0.855,0.236,0.203,0.113,0.173,0.108,0.259,0.168,0.197,0.08,0.287,0.17,0.309,0.147,0.792,0.512,48.823,56.989,144.928,19.324,82.126,33.816,19.324,14.493,67.633,115.942,28.986,24.155,28.986,19.324,0.167,0.8,0.098,0.33,0.95,7.545,0.813,0.708,0.906,0.888,0.109,0.084,285.024,304.348,33.816,96.618,28.986,0,0,28.986,198.068,125.604,72.464,43.478,120.773,0,0,111.111,0,9.662,2.314,3.065,1.482,353.724,571.424,361.371,400.667,436.532,3.968,6.48,1.239,1.498,64.303,8.965,23.636,student.TEXT.JF.22,59.98821467098168,10.578414239482203,14.204099244875945,12.838901577100671,student,candidate
7.070563529,1.236372271,18.07218133,8,16,219,2,0.926,14,8.438,1.744,1.07,5.393,3.317,-0.131,44.83,0.071,52.79,-1.589,5.59,0.528,69.85,-0.771,22.06,-0.512,30.5,-2.192,1.43,0.836,79.67,0.467,0.6,0.667,0.495,0.61,0.562,0.151,0.137,0.129,0.112,0.371,0.223,0.304,0.218,0.466,0.114,0.402,0.156,0.688,0.531,73.524,77.846,73.059,18.265,31.963,13.699,4.566,9.132,50.228,63.927,13.699,22.831,27.397,27.397,0.167,0.429,0.091,0.642,0.933,5,0.869,0.708,0.863,0.841,0.113,0.103,328.767,269.406,41.096,59.361,4.566,22.831,31.963,22.831,264.84,127.854,114.155,50.228,68.493,0,0,54.795,0,4.566,2.226,2.885,0.634,384.783,576.47,324.427,360.518,419.672,4.258,6.86,1.408,1.9,45.399,10.328,19.202,student.TEXT.JF.23,42.67540978593277,10.917449541284402,13.336269113149848,12.573866699077325,student,candidate
5.872402312,1.16270566,15.2515418,17,29,378,1.706,0.849,13.103,5.427,1.836,1.142,5.587,3.511,-0.307,38.21,1.028,84.61,-1.347,9.01,0.486,68.44,1.586,94.29,-2.775,0.28,-4.605,0,0.552,70.88,0.679,0.679,0.75,0.677,0.694,0.706,0.151,0.124,0.123,0.098,0.467,0.174,0.426,0.159,0.568,0.144,0.43,0.122,0.7,0.542,98.499,104.888,121.693,31.746,63.492,42.328,21.164,5.291,63.492,89.947,31.746,29.101,50.265,18.519,0.667,0.625,0.094,0.382,0.893,3.828,0.61,0.669,0.916,0.895,0.144,0.134,399.471,224.868,34.392,100.529,10.582,23.81,13.228,13.228,301.588,129.631,100.529,63.492,39.683,0,0,23.81,0,2.646,2.078,2.731,0.611,395.396,565.908,334.412,362.333,405.828,3.793,6.925,1.686,2.161,38.28,11.158,17.835,student.TEXT.JF.3,33.395405405405455,11.125902817711331,14.384013801035076,12.378848849767962,student,candidate
5.695290793,1.283041396,13.73787197,12,20,234,1.667,0.651,11.9,8.149,1.568,0.906,4.756,2.874,-0.165,43.64,0.681,75.17,-1.374,8.53,-0.532,29.81,-0.299,38.59,0.5,68.79,-3.723,0,0.868,80.51,0.421,0.421,0.421,0.338,0.352,0.338,0.107,0.137,0.093,0.133,0.274,0.255,0.179,0.219,0.461,0.218,0.345,0.148,0.643,0.559,77.099,98.089,76.923,17.094,38.462,25.641,8.547,0,51.282,51.282,25.641,34.188,38.462,8.547,0.111,1.333,0.149,0.567,0.921,2.7,0.613,0.688,0.939,0.922,0.087,0.088,367.521,209.402,34.188,119.658,17.094,34.188,0,12.821,252.137,115.385,123.932,89.744,34.188,0,0,4.274,0,21.368,2.356,2.92,1.068,338.212,583.01,353.967,385.717,422.111,4.284,6.776,1.664,1.812,62.307,7.475,18.21,student.TEXT.JF.4,52.042941176470634,9.376078431372552,11.322740005092946,11.20814326018867,student,candidate
5.3214811,0.520450844,15.48180094,24,29,289,1.208,0.588,10.103,7.659,1.799,1.087,5.602,3.238,-0.987,16.35,1.917,97.19,-0.003,50,-1.684,4.65,2.404,99.18,-2.504,0.62,-7.344,0,1.081,85.99,0.25,0.25,0.321,0.187,0.191,0.204,0.061,0.099,0.034,0.074,0.24,0.216,0.381,0.181,0.222,0.223,0.326,0.165,0.734,0.587,107.478,121.655,148.789,27.682,86.505,58.824,27.682,3.46,89.965,86.505,58.824,38.062,62.284,13.841,0.583,0.4,0.025,0.205,0.946,2.345,0.896,0.709,0.921,0.91,0.057,0.075,366.782,204.152,10.381,100.346,6.92,20.761,34.602,20.761,363.321,128.028,103.807,41.522,6.92,0,0,3.46,0,0,2.077,2.671,1.026,372.407,563.853,354.866,392.698,423.686,4.149,6.756,1.604,2.475,44.524,9.525,7.769,student.TEXT.JF.5,38.43793478260869,11.008756038647345,14.45314009661836,12.951903903251818,student,candidate
4.494598032,0.755343181,12.63297624,29,39,398,1.345,0.553,10.308,7.54,1.779,1.07,5.53,3.132,-0.516,30.5,2.076,98.08,-0.853,19.77,-0.697,24.51,1.212,88.69,-2.628,0.44,-4.551,0,0.661,74.54,0.368,0.395,0.421,0.206,0.233,0.239,0.104,0.168,0.055,0.122,0.276,0.285,0.351,0.21,0.262,0.289,0.384,0.195,0.586,0.473,82.977,121.652,103.015,30.151,70.352,40.201,2.513,12.563,60.302,67.839,32.663,45.226,62.814,27.638,0.368,0.5,0.041,0.238,0.908,1.923,0.642,0.648,0.893,0.863,0.137,0.101,351.759,271.357,37.688,82.915,12.563,12.563,25.126,27.638,296.482,125.629,87.94,70.352,35.176,0,5.025,20.101,0,5.025,2.091,2.692,0.997,380.204,575.224,364.452,388.669,424.701,3.732,6.643,1.49,2.127,45.974,9.382,15.221,student.TEXT.JF.6,34.4191823,12.71421982,15.075524166850585,13.849809479280296,student,implemented
6.381444773,0.82714131,14.90537583,16,19,266,1.188,0.544,14,9.781,1.511,0.887,4.816,2.794,-0.031,48.8,0.41,65.91,-0.373,35.57,0.448,67,-1.242,10.75,-0.004,50,-4.018,0,0.944,82.64,0.333,0.556,0.389,0.156,0.37,0.274,0.179,0.179,0.11,0.148,0.263,0.168,0.34,0.134,0.253,0.168,0.336,0.129,0.642,0.444,51.427,59.716,93.985,3.759,30.075,18.797,3.759,3.759,71.429,75.188,15.038,33.835,37.594,11.278,0.1,0,0.075,0.412,0.944,1.947,0.938,0.68,0.843,0.843,0.132,0.068,338.346,293.233,26.316,75.188,11.278,0,15.038,41.353,251.881,139.098,63.909,33.835,90.226,0,0,90.226,0,0,2.233,2.986,1.584,358,562.573,352.892,386.313,422.547,4.665,7.482,1.601,2.132,64.794,7.7,22.002,student.TEXT.JF.7,48.66393065998329,13.814110275689227,16.78462823725982,14.06817628641468,student,candidate
5.214765105,0.548528263,14.12303544,10,15,231,1.5,0.972,15.467,9.768,1.489,0.727,4.597,2.312,0.566,71.23,0.676,74.86,0.449,67,-0.456,32.64,0.978,83.4,-1.583,5.71,-3.874,0,-0.021,49.2,0.286,0.571,0.286,0.158,0.516,0.168,0.076,0.065,0.084,0.092,0.171,0.165,0.297,0.15,0.152,0.138,0.285,0.125,0.807,0.591,104.74,88.964,108.225,21.645,56.277,34.632,12.987,12.987,56.277,64.935,34.632,38.961,51.948,17.316,0.3,1,0.053,0.239,0.857,1.333,0.729,0.669,0.91,0.877,0.077,0.075,324.675,359.307,25.974,56.277,4.329,4.329,47.619,47.619,220.779,199.134,86.58,34.632,108.225,0,0,95.238,0,0,2.24,2.875,1.695,323.259,573.299,373.36,403.412,437.329,4.482,6.637,1.857,1.837,65.235,7.986,13.399,student.TEXT.JF.8,56.876216157205235,11.015235807860265,12.82812227074236,11.407655852321104,student,candidate
6.814150458,0.721735891,17.73363195,30,37,393,1.233,0.626,10.703,8.925,1.837,1.218,5.461,3.302,-0.633,26.43,1.65,94.95,-0.66,25.46,-0.985,16.35,1.325,90.66,-1.839,3.36,-3.87,0,0.013,50.4,0.361,0.444,0.389,0.251,0.292,0.289,0.128,0.175,0.071,0.133,0.202,0.198,0.232,0.162,0.212,0.216,0.314,0.151,0.696,0.513,79.407,106.814,111.959,22.901,63.613,35.623,30.534,17.812,58.524,76.336,33.079,38.168,48.346,33.079,0.25,0.429,0.029,0.145,0.875,1.405,1.009,0.752,0.915,0.873,0.146,0.101,361.323,213.74,27.99,94.148,15.267,2.545,17.812,15.267,272.264,96.693,134.86,33.079,66.158,0,0,50.891,0,10.178,2.108,2.882,1.294,384.119,568.123,361.782,382.831,417.023,4.272,6.031,1.564,1.801,40.643,10.229,17.405,student.TEXT.JF.9,23.543122362869212,16.51746835443038,19.951054852320677,17.353723509956247,student,implemented
6.615595375,0.83730839,15.56787099,16,20,197,1.25,0.447,9.85,5.86,1.279,0.523,4.127,2.028,0.224,58.71,1.628,94.74,0.369,64.06,-1.199,11.7,1.031,84.85,-0.721,23.58,-5.337,0,0.524,69.85,0.158,0.263,0.211,0.145,0.207,0.159,0.048,0.116,0.043,0.101,0.159,0.174,0.077,0.09,0.21,0.165,0.32,0.16,0.745,0.558,80.319,82.71,106.599,20.305,76.142,45.685,5.076,10.152,65.99,55.838,45.685,60.914,71.066,15.228,0.154,0.75,0.049,0.315,0.895,1.5,0.709,0.681,0.977,0.977,0.083,0.082,375.635,253.807,30.457,86.294,0,5.076,15.228,25.381,253.807,131.979,65.99,60.914,71.066,0,0,45.685,0,10.152,2.324,2.996,1.395,288.071,576.171,375.48,415.987,422.118,4.613,6.966,1.456,1.938,88.634,3.344,14.169,student.TEXT.MY.1,58.354615384615386,14.808717948717948,17.035897435897436,9.888512548439396,student,candidate
9.224146373,0.727087749,23.0067769,15,22,344,1.467,0.743,15.773,9.636,1.599,0.933,4.907,2.673,-0.235,40.9,0.582,71.9,0.563,71.23,0.986,83.65,-0.348,36.69,-1.514,6.55,-2.369,0.89,-0.496,31.21,0.714,0.714,0.762,0.539,0.612,0.636,0.142,0.117,0.106,0.11,0.372,0.247,0.328,0.245,0.502,0.179,0.415,0.178,0.637,0.464,59.401,75.855,75.581,11.628,40.698,11.628,14.535,8.721,52.326,63.953,11.628,29.07,31.977,34.884,0.091,0.231,0.044,0.38,0.833,3.409,0.913,0.65,0.849,0.828,0.082,0.072,366.279,226.744,23.256,107.558,8.721,8.721,20.349,20.349,311.046,130.815,72.674,46.512,31.977,0,0,29.07,0,2.907,2.153,2.928,1.301,355.132,559.611,403.236,430.031,422.417,4.519,7.239,1.655,2.425,55.689,9.376,15.213,student.TEXT.MY.10,51.293427699610135,11.175775555178843,14.965858620105104,13.771669155767515,student,implemented
7.447805637,0.849065952,19.34717228,24,35,369,1.458,0.833,10.6,5.882,1.431,0.763,4.444,2.324,-0.152,44.04,1.246,89.25,0.609,72.57,-0.848,20.05,0.125,54.78,-1.053,14.69,-4.908,0,0.742,77.04,0.412,0.441,0.412,0.197,0.227,0.203,0.111,0.13,0.051,0.095,0.217,0.227,0.164,0.187,0.293,0.212,0.34,0.145,0.654,0.466,76.001,85.649,94.851,5.42,62.331,40.65,13.55,2.71,62.331,59.621,35.23,43.36,46.07,18.97,0.059,0.25,0.021,0.312,0.941,2.257,1.07,0.739,0.976,0.954,0.085,0.068,371.274,214.092,43.36,67.751,5.42,8.13,8.13,16.26,281.843,119.241,86.721,59.621,37.94,0,2.71,16.26,0,8.13,2.229,2.896,1.381,302.979,575.15,390.368,425.477,427.867,4.426,7.211,1.897,2.097,75.071,5.408,15.481,student.TEXT.MY.2,71.71265573770492,6.287672131147541,8.923715846994535,9.473421319101044,student,implemented
14.86067975,0.546349794,33.41629266,22,28,332,1.273,0.935,12,10.303,1.452,0.797,4.521,2.279,-0.469,32.28,0.305,61.79,0.594,72.24,1.058,85.31,-0.365,35.94,-0.864,19.49,-0.975,16.6,1.09,85.99,0.63,0.63,0.63,0.378,0.378,0.387,0.23,0.262,0.136,0.209,0.329,0.229,0.195,0.126,0.348,0.246,0.419,0.212,0.514,0.387,31.079,33.516,63.253,21.084,24.096,6.024,6.024,3.012,30.12,66.265,3.012,30.12,45.181,0,0.455,2,0.019,0.04,0.963,4.929,1.117,0.608,0.891,0.862,0.251,0.127,400.602,141.566,15.06,144.578,12.048,9.036,12.048,3.012,304.217,99.398,99.398,36.145,18.072,0,0,3.012,0,6.024,2.048,3.038,1.214,348.707,569.04,429.3,447.016,440.49,3.877,6.931,1.324,2.139,71.961,6.168,27.851,student.TEXT.MY.3,54.09954545454548,13.166363636363638,15.87878787878788,12.872792785125622,student,candidate
7.115437966,0.815066899,21.93391071,13,27,434,2.077,1.115,16.111,9.183,1.452,0.832,4.592,2.285,-0.423,33.72,0.737,76.73,1.98,97.61,0.913,81.86,0.325,62.55,-1.596,5.59,-3.546,0,0.139,55.17,0.615,0.692,0.692,0.502,0.707,0.628,0.128,0.104,0.117,0.111,0.199,0.157,0.269,0.164,0.299,0.156,0.374,0.14,0.588,0.416,67.321,74.962,80.645,23.041,50.691,20.737,0,11.521,57.604,66.82,16.129,39.171,48.387,13.825,0.222,1,0.049,0.342,0.885,2.63,1.215,0.605,0.866,0.852,0.149,0.11,313.364,262.673,18.433,80.645,16.129,2.304,4.608,29.954,320.276,149.77,64.516,27.65,66.82,0,0,55.3,0,4.608,1.996,2.836,1.058,311.971,563.263,439.923,458.531,443.763,4.248,7.451,1.608,2.577,67.681,7.812,15.115,student.TEXT.MY.4,65.13605603448279,8.676910919540234,12.123563218390808,11.618504940865996,student,implemented
7.117747204,0.871744071,19.46103911,10,13,141,1.3,0.483,10.846,6.203,1.305,0.819,4.213,2.428,-0.072,47.21,0.128,54.78,0.777,77.94,0.765,77.64,-0.748,22.96,-1.133,12.92,-0.525,30.15,0.248,59.48,0.667,0.75,0.667,0.533,0.547,0.533,0.14,0.1,0.114,0.126,0.289,0.165,0.345,0.303,0.333,0.196,0.349,0.171,0.711,0.596,54.222,67.972,70.922,0,21.277,7.092,35.461,7.092,21.277,63.83,7.092,35.461,35.461,14.184,0,0,0.035,0.261,0.917,3,1.081,0.621,0.866,0.827,0.129,0.085,326.241,241.135,7.092,70.922,14.184,14.184,0,14.184,283.687,113.474,85.106,35.461,56.738,0,0,42.553,0,7.092,2.114,2.945,1.385,321.308,559.6,415.375,432.2,427.511,4.32,7.868,1.24,2.346,85.423,4.039,17.133,student.TEXT.MY.5,59.06541058394163,13.529543795620436,16.911678832116788,12.602617957971052,student,candidate
5.631905246,0.393397651,18.53652152,13,16,153,1.231,0.599,9.563,9.564,1.712,0.944,5.464,2.482,-1.199,11.51,1.587,94.29,1.236,89.07,-0.901,18.41,-0.353,36.32,-2.204,1.39,-1.091,13.79,0.394,65.17,0.333,0.467,0.467,0.238,0.295,0.314,0.099,0.152,0.063,0.121,0.238,0.204,0.344,0.163,0.228,0.216,0.328,0.136,0.73,0.621,86.772,87.258,65.359,19.608,13.072,6.536,13.072,6.536,32.68,58.824,6.536,52.288,58.824,26.144,0.111,0.6,0.011,0.168,0.933,0.625,1.471,0.723,0.945,0.913,0.102,0.127,333.333,241.83,6.536,117.647,6.536,0,52.288,19.608,372.549,163.399,104.575,6.536,45.752,0,0,45.752,0,0,1.947,2.625,1.215,349.867,559.967,421.377,439.213,455.087,4.915,7.253,1.623,2.828,52.293,8.341,9.619,student.TEXT.MY.6,36.63485294117649,14.484411764705882,16.73594771,14.790194502661404,student,candidate
7.21512806,0.622774186,19.99206134,14,20,305,1.429,0.514,15.5,10.87,1.751,1.062,5.22,2.891,-1.341,9.01,0.417,65.91,0.364,64.06,-0.293,38.59,0.831,79.67,-1.585,5.71,-3.172,0.08,0.798,78.52,0.526,0.526,0.579,0.372,0.407,0.407,0.095,0.112,0.069,0.106,0.334,0.196,0.373,0.083,0.336,0.203,0.382,0.165,0.649,0.51,81.456,95.334,101.639,26.23,45.902,19.672,13.115,16.393,59.016,81.967,19.672,16.393,26.23,6.557,0.5,2,0.039,0.239,0.921,4.25,1.208,0.636,0.838,0.822,0.048,0.106,403.279,160.656,19.672,127.869,6.557,0,26.23,6.557,360.656,98.361,111.475,32.787,26.23,0,6.557,6.557,0,0,1.968,2.739,1.102,378.725,554.804,387.529,414.241,433.595,3.938,7.035,1.718,2.498,43.222,11.019,6.562,student.TEXT.MY.7,38.349343891402725,13.757973856209151,16.866365007541482,15.091289759661642,student,implemented
8.526586439,0.763717192,22.13009064,31,38,302,1.226,0.617,7.974,6.836,1.407,0.727,4.526,2.185,-0.501,30.85,1.651,95.05,0.45,67,0,50,1.061,85.54,-0.754,22.66,-2.764,0.29,0.544,70.54,0.378,0.405,0.378,0.24,0.265,0.258,0.139,0.214,0.075,0.153,0.27,0.263,0.3,0.22,0.286,0.272,0.395,0.204,0.665,0.505,47.907,71.735,99.338,33.113,43.046,16.556,13.245,6.623,52.98,86.093,13.245,43.046,62.914,9.934,0.429,1.25,0.023,0.21,0.905,1.474,0.694,0.689,0.827,0.808,0.252,0.152,410.596,225.166,16.556,96.026,13.245,0,13.245,23.179,317.881,112.584,86.092,23.179,56.291,0,6.623,39.735,0,0,2.238,2.957,1.5,353.93,566.258,388.976,416.591,445.313,4.63,6.962,1.674,2.363,79.737,4.112,27.374,student.TEXT.MY.8,69.46098096,8.259991721854309,10.463907284768212,9.827888789773866,student,candidate
6.893142141,0.842129272,18.09282385,17,24,334,1.412,0.795,13.917,7.655,1.428,0.834,4.632,2.347,0.085,53.19,0.526,69.85,0.282,61.03,1.021,84.61,2.991,99.86,-1.324,9.34,-1.175,12.1,1.324,90.66,0.435,0.522,0.435,0.459,0.524,0.481,0.159,0.122,0.133,0.169,0.291,0.155,0.392,0.116,0.307,0.232,0.418,0.24,0.525,0.392,58.938,57.914,119.76,44.91,68.862,8.982,23.952,20.958,41.916,110.778,8.982,14.97,44.91,26.946,1.667,0.7,0.044,0.295,0.957,2.625,0.843,0.626,0.842,0.836,0.129,0.085,377.246,263.473,8.982,59.88,8.982,0,2.994,26.946,278.443,122.754,71.856,11.976,86.826,0,0,71.856,0,11.976,2.13,2.907,1.091,381.265,560.246,387.244,415.085,429.854,4.978,7.645,1.558,2.299,71.9,6.688,18.483,student.TEXT.MY.9,67.12777027027028,8.492267267267266,11.484084084084085,10.980518767755717,student,implemented
8.148244799,0.570366875,23.38914534,21,28,276,1.333,0.796,9.893,7.203,1.478,0.7,4.822,2.325,-0.535,29.81,1.096,86.21,0.182,57.14,0.524,69.85,0.601,72.57,-1.797,3.67,-2.103,1.79,1.185,88.1,0.556,0.593,0.667,0.244,0.276,0.289,0.169,0.172,0.073,0.144,0.386,0.305,0.513,0.199,0.329,0.323,0.433,0.209,0.633,0.502,57.708,68.628,90.58,25.362,43.478,18.116,21.739,14.493,39.855,76.087,14.493,47.101,68.841,10.87,0.429,0.5,0.047,0.153,0.963,2.571,1,0.575,0.817,0.743,0.168,0.097,344.203,246.377,28.986,76.087,3.623,14.493,14.493,14.493,307.971,119.565,86.956,47.101,28.986,0,0,10.87,0,7.246,2.115,2.862,1.395,373.542,562.75,408.705,423.087,432.874,3.78,6.79,1.396,2.179,71.791,5.695,21.067,student.TEXT.NB.1,67.07487968,6.9752005347593595,8.768983957219252,9.339509955726095,student,candidate
6.66471058,0.501111978,18.64948564,10,25,334,2.5,1.269,13.44,7.24,1.539,0.804,4.931,2.474,-0.369,35.94,1.13,86.86,1.057,85.31,1.178,87.9,-0.49,31.21,-1.731,4.18,-2.633,0.43,-0.056,48.01,0.542,0.625,0.667,0.287,0.492,0.328,0.15,0.138,0.131,0.16,0.421,0.259,0.572,0.187,0.385,0.35,0.473,0.197,0.562,0.426,49.604,63.085,83.832,11.976,41.916,14.97,0,29.94,53.892,71.856,11.976,44.91,47.904,29.94,0.063,0.364,0.053,0.376,0.854,3.52,0.969,0.638,0.847,0.82,0.157,0.106,386.228,230.539,11.976,104.79,5.988,2.994,32.934,17.964,323.353,155.688,83.832,17.964,80.838,0,0,77.844,0,0,2.152,2.871,1.366,359.111,566.817,408.805,438.278,458.559,4.008,6.442,1.704,2.223,63.075,7.781,20.217,student.TEXT.NB.10,60.21946652150248,8.631507893304303,11.581709308655418,11.389717465364855,student,candidate
7.877439993,0.948214009,21.55028769,18,23,353,1.278,0.669,15.478,10.166,1.504,0.784,4.708,2.593,-0.789,21.48,0.5,69.15,0.578,71.57,1.365,91.31,3.205,99.93,-0.607,27.43,-3.303,0.05,1.701,95.54,0.727,0.727,0.727,0.503,0.577,0.589,0.2,0.196,0.131,0.188,0.395,0.267,0.343,0.201,0.396,0.256,0.47,0.223,0.514,0.393,53.102,61.267,104.816,45.326,79.32,36.827,8.499,45.326,48.159,67.989,36.827,19.83,31.161,2.833,0.5,7,0.036,0.252,0.977,3.13,1.178,0.589,0.783,0.775,0.135,0.118,368.272,215.297,11.331,99.15,16.997,16.997,8.499,25.496,342.776,116.147,107.649,28.329,8.499,0,0,0,0,0,2.239,3.006,1.017,364.885,568.855,411.593,421.968,431.287,3.934,6.788,1.221,2.386,64.018,8.143,23.415,student.TEXT.NB.11,57.53384242957749,10.746505281690144,12.255281690140846,10.9516,student,implemented
6.707427258,0.719301175,19.49288565,27,38,379,1.407,0.694,9.974,5.916,1.454,0.826,4.462,2.304,-0.113,45.62,1.171,87.9,0.434,66.64,0.51,69.5,0.79,78.52,-1.429,7.64,-1.602,5.48,0.447,67,0.405,0.595,0.514,0.271,0.397,0.338,0.173,0.189,0.106,0.164,0.318,0.284,0.366,0.288,0.35,0.295,0.413,0.203,0.578,0.43,59.807,69.166,71.24,34.301,50.132,18.47,7.916,21.108,34.301,58.047,15.831,47.493,55.409,15.831,0.158,1.714,0.03,0.302,0.892,1.684,1.093,0.682,0.901,0.895,0.126,0.099,358.839,229.551,18.47,81.794,5.277,10.554,5.277,29.024,313.983,124.011,79.157,31.663,84.433,0,0,60.686,0,13.193,2.229,2.977,1.066,339.409,573.574,414.616,432.217,431.411,4.102,7.102,1.667,2.447,73.703,5.457,21.22,student.TEXT.NB.12,59.11250526,9.917501754385963,12.694736842105264,11.92083101331736,student,candidate
8.300118567,0.893615649,21.26149867,13,18,201,1.385,0.65,11.278,6.676,1.527,0.794,4.736,2.499,0.005,50,1.562,94.06,-0.162,43.64,0.02,50.4,1.379,91.47,-1.915,2.81,-2.016,2.22,-0.353,36.32,0.412,0.412,0.471,0.224,0.28,0.256,0.161,0.224,0.08,0.146,0.28,0.301,0.357,0.247,0.327,0.374,0.414,0.198,0.661,0.552,53.941,68.961,99.502,34.826,64.677,24.876,14.925,14.925,34.826,79.602,19.9,49.751,74.627,24.876,0.455,0.333,0.038,0.327,0.794,2.611,0.906,0.767,0.892,0.863,0.1,0.086,338.308,228.856,44.776,99.502,4.975,9.95,29.851,24.876,293.532,129.353,84.577,59.701,64.677,0,0,34.826,0,9.95,2.171,2.967,1.186,342.462,570.934,407.556,410.377,425.041,3.735,7.052,1.577,2.181,66.316,6.784,17.709,student.TEXT.NB.2,57.45513054187194,10.28857635,12.06088669950739,11.20814326018867,student,implemented
5.841966811,0.728838087,15.00064793,18,23,268,1.278,0.575,11.652,7.517,1.653,0.942,4.951,2.61,-0.226,41.29,1.643,94.95,-0.139,44.43,-1.248,10.75,3.717,100,-3.211,0.07,-5.251,0,0.851,80.23,0.273,0.273,0.455,0.137,0.154,0.257,0.092,0.167,0.05,0.133,0.294,0.241,0.323,0.198,0.328,0.255,0.405,0.179,0.727,0.575,101.288,118.575,145.522,55.97,104.478,48.507,14.925,29.851,67.164,100.746,44.776,26.119,52.239,26.119,0.875,1.25,0.02,0.189,0.886,2.087,0.753,0.709,0.966,0.955,0.09,0.06,384.328,212.687,41.045,100.746,3.731,18.657,29.851,11.194,309.701,111.94,78.359,67.164,41.045,0,0,29.851,0,11.194,2.066,2.808,0.618,364.714,573.063,391.589,401.848,417.097,3.497,6.832,1.21,2.1,55.164,8.46,11.167,student.TEXT.NB.3,40.38780504666437,13.56572416176979,15.19101278949188,13.606401829973382,student,candidate
4.626131318,1.075393495,11.66245581,14,23,337,1.643,1.151,14.652,9.198,1.466,0.756,4.561,2.25,0.485,68.44,0.205,57.93,-0.249,40.52,1.739,95.82,0.247,59.48,-0.208,42.07,-1.792,3.67,-0.702,24.2,0.636,0.773,0.682,0.531,0.64,0.583,0.224,0.179,0.168,0.169,0.453,0.28,0.385,0.159,0.557,0.278,0.444,0.195,0.524,0.421,57.849,66.743,86.053,14.837,53.412,17.804,8.902,0,38.576,71.217,17.804,23.739,35.608,5.935,0.444,0.333,0.121,0.512,0.795,4.565,0.767,0.705,0.907,0.867,0.101,0.066,359.05,243.323,11.869,86.053,8.902,5.935,11.869,11.869,302.67,118.694,65.282,26.706,118.694,5.935,8.902,74.184,0,5.935,2.502,3.054,1.501,333.022,579.707,377.628,407.371,424.636,4.78,6.563,1.363,2.106,67.94,7.423,28.408,student.TEXT.NB.4,66.95103896103899,7.715173160173162,9.918614719,10.018931242160765,student,implemented
9.204300334,0.860098298,22.7404503,18,27,387,1.5,0.707,14.333,10.827,1.711,1.012,5.16,2.765,-0.713,23.89,1.205,88.49,-0.072,47.21,0.049,51.6,0.09,53.19,-1.758,4.01,-3.033,0.12,0.124,54.78,0.5,0.538,0.577,0.298,0.321,0.395,0.151,0.177,0.079,0.125,0.316,0.276,0.381,0.237,0.321,0.341,0.373,0.203,0.619,0.47,62.715,74.898,98.191,20.672,36.176,20.672,12.92,2.584,54.264,74.935,18.088,38.76,49.096,18.088,0.25,0.625,0.07,0.229,0.865,2.037,0.99,0.684,0.897,0.868,0.074,0.089,338.501,242.894,23.256,98.191,18.088,0,25.84,20.672,315.246,152.456,74.935,33.592,33.592,0,0,10.336,0,5.168,2.05,2.893,1.187,376.25,565.306,392.035,408.942,425.589,3.705,6.265,1.522,2.289,47.536,10.19,12.903,student.TEXT.NB.5,38.31235389610393,12.69775974025974,14.972727272727276,13.81666964889586,student,candidate
7.155933517,0.730303382,20.26217911,21,34,398,1.619,0.74,11.853,8.061,1.666,0.934,5.113,2.555,-0.531,29.81,1.002,84.13,0.586,71.9,-0.29,38.59,0.264,60.26,-1.481,6.94,-3.059,0.11,1.236,89.07,0.333,0.455,0.424,0.298,0.361,0.4,0.107,0.164,0.075,0.138,0.29,0.238,0.248,0.248,0.428,0.225,0.415,0.179,0.597,0.494,64.136,84.614,75.377,15.075,52.764,30.151,10.05,12.563,45.226,47.739,25.126,20.101,25.126,10.05,0.222,0.8,0.027,0.381,0.97,1.441,0.935,0.738,0.907,0.898,0.053,0.076,366.834,236.181,25.126,75.377,17.588,10.05,27.638,30.151,326.632,143.216,82.914,47.739,42.714,0,0,25.126,5.025,5.025,2.042,2.785,1.277,356.921,565.37,427.17,432.74,438.655,4.154,7.062,1.544,2.394,54.01,8.634,9.141,student.TEXT.NB.6,49.905333333333346,10.439,12.866666666666667,12.311054993355176,student,implemented
5.762237643,0.713943185,16.43909029,13,21,286,1.615,0.65,13.762,7.654,1.521,0.819,4.832,2.396,0.196,57.53,1.345,90.99,0.897,81.33,0.708,75.8,1.537,93.7,-2.401,0.82,-3.824,0,-1.31,9.51,0.55,0.6,0.55,0.535,0.574,0.561,0.113,0.131,0.118,0.134,0.284,0.185,0.314,0.225,0.402,0.221,0.4,0.176,0.659,0.516,60.034,73.141,104.895,24.476,80.42,41.958,10.49,6.993,48.951,62.937,41.958,38.462,48.951,17.483,0.25,0.833,0.047,0.356,0.725,3.19,0.688,0.702,0.879,0.879,0.128,0.093,328.671,318.182,17.483,55.944,3.497,17.483,20.979,52.448,290.21,146.855,66.434,34.965,90.909,0,0,69.93,0,17.483,2.146,2.788,1.211,389,564.51,408.784,428.333,446.487,4.457,7.372,1.472,2.255,64.335,7.669,16.366,student.TEXT.NB.7,59.00254624818126,9.165250467678238,11.040448971107878,10.843485225782072,student,candidate
4.733669971,0.787817112,11.3898056,11,17,268,1.545,0.522,15.765,8.159,1.463,0.813,4.549,2.31,1.026,84.61,-0.292,38.59,0.014,50.4,1.042,85.08,0.726,76.42,0.143,55.57,-4.92,0,1.356,91.15,0.25,0.75,0.25,0.252,0.6,0.287,0.183,0.124,0.144,0.139,0.219,0.118,0.273,0.099,0.319,0.202,0.35,0.177,0.672,0.481,58.541,65.448,115.672,26.119,52.239,33.582,3.731,11.194,70.896,82.09,33.582,33.582,48.507,3.731,0.4,2.5,0.06,0.333,0.969,3.765,0.6,0.584,0.814,0.798,0.081,0.074,279.851,347.015,26.119,74.627,0,18.657,11.194,48.507,182.836,130.597,82.089,44.776,126.866,0,0,108.209,0,3.731,2.527,3.045,1.449,300.9,585.113,358.098,389.01,431.75,4.5,6.104,1.465,1.453,67.064,7.822,25.598,student.TEXT.NB.8,63.51240601503761,9.120751879699249,11.058646616541353,10.451354775682146,student,candidate
6.468932684,0.928911795,16.66411001,15,27,411,1.8,1.146,15.222,8.599,1.659,0.991,5.015,2.631,-0.319,37.83,0.235,59.1,-0.716,23.89,0.761,77.64,-0.208,42.07,-1.5,6.68,-2.795,0.26,0.454,67.36,0.577,0.692,0.692,0.367,0.474,0.447,0.206,0.21,0.115,0.15,0.417,0.322,0.287,0.216,0.569,0.292,0.462,0.19,0.643,0.47,58.117,86.992,102.19,17.032,34.063,9.732,14.599,12.165,60.827,87.591,9.732,21.898,29.197,14.599,0.3,0.857,0.082,0.3,0.885,2.778,0.811,0.64,0.861,0.824,0.09,0.055,330.9,236.01,17.032,94.891,12.165,0,29.197,24.331,255.475,128.954,119.221,24.331,72.993,0,0,51.095,0,12.165,2.118,2.878,0.87,369.333,569.304,366.55,387.259,407.143,3.676,7.057,1.568,2.028,51.033,9.923,18.269,student.TEXT.NB.9,46.46127571333776,11.419996682149968,14.18805573988056,13.246248875233396,student,implemented
6.109372486,0.984333324,13.64004227,19,24,265,1.263,0.562,11.083,5.934,1.347,0.691,4.204,2.21,0.139,55.17,0.594,72.24,-0.172,43.25,0.964,83.15,0.285,61.03,0.592,72.24,-1.267,10.38,-0.075,47.21,0.565,0.696,0.609,0.238,0.33,0.254,0.219,0.213,0.105,0.176,0.303,0.257,0.202,0.214,0.332,0.235,0.379,0.202,0.581,0.444,48.767,64.333,79.245,18.868,37.736,18.868,26.415,3.774,30.189,67.925,15.094,33.962,45.283,15.094,0.3,0.6,0.074,0.354,0.87,2.542,0.711,0.541,0.816,0.816,0.09,0.088,392.453,252.83,3.774,94.34,11.321,7.547,3.774,15.094,267.924,83.02,52.83,22.641,79.245,0,0,49.057,0,22.642,2.395,3.103,1.852,334.778,579.077,359.782,400.209,434.709,4.255,6.616,1.202,1.864,81.671,4.611,25.094,student.TEXT.OH.1,75.77064493267187,6.329581857,8.911032364753131,9.168548406835145,student,implemented
5.3755896,0.804431147,13.64124598,13,21,239,1.615,1.044,11.381,5.979,1.544,0.828,4.812,2.469,-1.215,11.31,0.783,78.23,0.488,68.44,-0.201,42.07,0.55,70.54,-0.706,24.2,-0.627,26.76,-0.028,49.2,0.45,0.45,0.45,0.213,0.252,0.245,0.152,0.239,0.067,0.136,0.315,0.246,0.286,0.298,0.337,0.162,0.373,0.151,0.652,0.561,79.667,103.183,66.946,29.289,33.473,4.184,20.921,20.921,25.105,62.762,4.184,46.025,66.946,8.368,0.417,0.667,0.049,0.154,0.875,4.19,0.985,0.519,0.775,0.735,0.134,0.103,389.121,188.285,25.105,146.444,20.921,0,8.368,16.736,288.702,87.866,142.259,41.841,8.368,0,0,0,0,8.368,2.214,2.777,1.129,344.423,577.455,388.265,433,462.436,3.638,7.069,1.121,2.048,64.661,7.068,20.275,student.TEXT.OH.10,55.783686708860785,10.38507383966245,12.79451476793249,12.00992498983062,student,candidate
6.954923662,0.618953756,19.55945954,22,30,296,1.364,0.658,9.867,6.394,1.524,0.831,5.152,2.3,-1.583,5.71,0.995,83.89,1.201,88.49,-1.444,7.49,-0.798,21.48,0.298,61.41,-4.075,0,0.907,81.59,0.138,0.138,0.172,0.082,0.09,0.094,0.077,0.15,0.036,0.095,0.258,0.192,0.313,0.221,0.26,0.167,0.324,0.117,0.716,0.588,83.38,100.42,87.838,10.135,20.27,10.135,13.514,6.757,67.568,77.703,10.135,43.919,50.676,13.514,0.143,0.4,0.068,0.302,0.948,3.1,1.071,0.636,0.843,0.813,0.105,0.106,391.892,175.676,13.514,97.973,6.757,3.378,27.027,10.135,317.568,94.595,199.324,23.649,13.514,0,0,0,0,13.514,2.17,2.749,1.024,303.419,578.036,405.231,441.964,455.259,4.913,6.991,1.874,2.248,67.89,6.241,13.62,student.TEXT.OH.2,65.69424706649286,6.915000000000003,9.01303781,9.565088089820218,student,candidate
7.244613708,0.846832051,16.95976363,10,19,218,1.9,0.994,11.526,5.767,1.583,0.823,4.876,2.574,-1.634,5.16,0.619,72.91,-0.537,29.81,0.801,78.81,-0.082,46.81,1.156,87.49,-2.897,0.19,0.596,72.24,0.556,0.611,0.667,0.37,0.415,0.437,0.194,0.196,0.146,0.217,0.422,0.251,0.327,0.234,0.512,0.215,0.464,0.171,0.524,0.447,52.848,58.109,82.569,27.523,45.872,27.523,9.174,13.761,45.872,55.046,27.523,27.523,41.284,18.349,0.429,0.6,0.272,0.607,0.889,3.579,1.18,0.628,0.838,0.813,0.098,0.118,394.495,155.963,9.174,119.266,0,0,4.587,9.174,293.578,64.219,151.376,13.761,4.587,0,0,0,0,4.587,2.142,2.856,0.611,354.576,570.734,369.587,405.127,436.283,3.632,6.909,1.258,1.973,61.267,7.564,18.667,student.TEXT.OH.3,59.50837729357801,8.343933486238534,11.872018348623854,11.578365685549247,student,candidate
7.360018396,0.509213307,18.75541696,22,27,286,1.227,0.685,10.593,7.812,1.608,0.891,5.283,2.571,-1.413,7.93,0.405,65.54,0.758,77.34,-0.907,18.41,-0.601,27.43,-0.624,26.76,-3.928,0,1.546,93.82,0.231,0.269,0.269,0.121,0.126,0.163,0.094,0.139,0.042,0.106,0.286,0.236,0.444,0.173,0.268,0.244,0.334,0.152,0.647,0.542,68.389,85.969,76.923,17.483,31.469,20.979,3.497,10.49,62.937,62.937,13.986,17.483,27.972,6.993,0.5,1,0.013,0.124,0.981,2.778,1.152,0.573,0.82,0.783,0.216,0.107,381.119,150.35,27.972,129.371,0,0,6.993,20.979,290.21,97.902,216.784,34.965,17.483,0,0,0,0,10.49,2.113,2.742,0.887,330.706,571,406.918,438.58,445.585,4.495,7.005,1.459,2.04,60.046,7.516,20.045,student.TEXT.OH.4,37.919017094017136,15.864871794871796,17.60621600621601,14.39478758073233,student,implemented
9.125292198,0.553639915,26.12807787,17,29,386,1.706,0.686,13.517,8.7,1.619,0.933,5.184,2.759,-0.996,16.11,1.052,85.31,0.889,81.06,0.852,80.23,1.143,87.29,-1.158,12.51,-2.681,0.37,0.443,67,0.607,0.607,0.607,0.451,0.549,0.545,0.206,0.243,0.117,0.166,0.382,0.259,0.301,0.191,0.515,0.218,0.465,0.178,0.524,0.411,50.767,64.875,98.446,33.679,46.632,12.953,28.497,15.544,59.585,95.855,10.363,33.679,51.813,25.907,0.5,0.636,0.05,0.404,0.911,4.034,1.343,0.659,0.875,0.839,0.12,0.112,375.648,168.394,5.181,103.627,12.953,5.181,10.363,12.953,352.332,111.399,103.627,7.772,41.451,0,0,38.86,0,2.591,2.052,2.889,1.09,359.87,567.228,399.97,426.699,444.4,3.575,7.148,2.14,2.668,56.358,8.705,18.649,student.TEXT.OH.5,54.496031976744206,9.664124677002588,12.65155039,12.161744961471694,student,candidate
8.380499121,0.616049341,21.02030109,5,20,367,4,2.449,18.5,7.688,1.657,0.956,5.057,2.738,-0.815,20.9,-0.365,35.94,0.135,55.17,0.737,76.73,-0.984,16.35,-1.062,14.46,-1.536,6.3,-1.748,4.09,0.737,0.737,0.842,0.517,0.614,0.703,0.148,0.134,0.105,0.121,0.402,0.175,0.338,0.171,0.671,0.107,0.441,0.136,0.644,0.486,84.62,80.391,54.496,16.349,27.248,21.798,13.624,16.349,32.698,46.322,13.624,29.973,38.147,10.899,0.25,0.8,0.055,0.399,0.684,4.45,1.143,0.625,0.853,0.844,0.099,0.089,378.747,168.937,38.147,136.24,8.174,5.45,8.174,16.349,291.553,79.02,133.516,51.771,32.698,0,2.725,19.074,2.725,2.725,2.107,2.94,0.69,320.219,563.966,382.816,416.589,425.879,3.371,7.234,1.658,2.14,48.028,11.119,15.554,student.TEXT.OH.6,47.17224828375288,11.491401601830669,15.356064073226545,14.094315096169485,student,candidate
7.147991144,1.020914289,16.57069267,10,19,346,1.9,1.101,18.211,11.872,1.72,1.03,5.13,2.872,-0.713,23.89,-0.452,32.64,-0.684,24.83,-0.023,49.2,1.258,89.44,-0.482,31.56,-2.766,0.29,0.46,67.36,0.5,0.611,0.667,0.356,0.393,0.422,0.139,0.131,0.09,0.112,0.352,0.226,0.394,0.141,0.292,0.267,0.386,0.161,0.65,0.523,76.091,92.099,112.717,26.012,49.133,11.561,26.012,8.671,60.694,98.266,11.561,14.451,31.792,5.78,1,2,0.054,0.323,0.861,4.895,1.247,0.605,0.867,0.852,0.086,0.066,338.15,210.983,26.012,106.936,11.561,8.671,17.341,26.012,254.335,106.936,156.069,46.243,31.792,0,0,11.561,0,17.341,2.27,2.935,0.969,363.467,570.667,352.027,391.807,411.202,3.846,7.613,1.378,2.054,42.839,11.808,17.896,student.TEXT.OH.7,34.80028901734104,14.545103220478945,17.978199834847235,15.903189008614271,student,implemented
5.302656103,0.618135894,12.52462476,5,13,249,2.6,1.517,19.308,11.228,1.747,1.014,5.514,2.898,-1.105,13.57,0.443,67,0.666,74.54,0.029,50.8,1.698,95.45,-2.283,1.13,-4.888,0,-0.359,35.94,0.583,0.667,0.667,0.627,0.64,0.693,0.136,0.138,0.133,0.12,0.338,0.243,0.328,0.26,0.606,0.05,0.396,0.172,0.673,0.566,110.668,91.637,148.594,36.145,56.225,20.08,32.129,24.096,80.321,112.45,20.08,28.112,44.177,28.112,0.5,0.625,0.061,0.192,0.833,4.154,1.014,0.648,0.905,0.891,0.09,0.077,445.783,120.482,28.112,144.578,8.032,12.048,8.032,4.016,325.301,44.176,184.739,40.161,12.048,0,0,0,8.032,4.016,2.07,2.713,0.851,400.595,560.822,370.641,414.416,449.188,3.511,7.135,1.347,2.224,39.598,12.495,13.553,student.TEXT.OH.8,39.09656923076926,12.5836,15.372307692307691,14.10635816964678,student,implemented
6.407925592,0.821400362,17.37905345,23,25,280,1.087,0.288,11.24,6.722,1.6,0.874,5.057,2.632,-0.852,19.77,1.047,85.08,0.851,80.23,0.048,51.6,0.815,79.1,-0.618,27.09,-4.29,0,0.362,64.06,0.542,0.583,0.583,0.328,0.39,0.421,0.182,0.217,0.097,0.148,0.285,0.279,0.193,0.03,0.298,0.286,0.374,0.159,0.602,0.484,52.518,64.572,128.571,46.429,25,14.286,3.571,7.143,75,114.286,14.286,35.714,75,25,1,0.375,0.053,0.251,0.896,2.2,1.056,0.718,0.92,0.878,0.124,0.105,350,189.286,21.429,107.143,7.143,3.571,10.714,10.714,385.714,75,103.571,35.715,28.571,0,0,0,0,21.429,2.199,2.851,1.418,390.082,570.703,382.194,414.017,465.944,4.303,6.774,1.416,2.595,60.107,7.658,20.911,student.TEXT.OH.9,53.062068737607405,9.760013218770656,12.724300506719542,12.214722805548655,student,implemented
